#{"t_start": 1755854826.2525046, "env_id": "None"}
r,l,t
9901.416958,3,1.258226
343.455906,5,1.265485
-5539.857365,3,1.26996
-5147.572357,4,1.274534
-5147.582,4,1.281313
-5656.580048,5,1.287313
-20656.569793,5,1.295315
411.159798,4,1.302313
-5116.725828,3,1.308313
-5116.72692,3,1.315313
343.425731,5,1.322313
-5607.579552,4,1.328315
-20656.568293,5,1.335312
-5098.586506,3,1.338312
-5576.723935,3,1.342313
-5079.854093,3,1.346313
-5656.57231,5,1.353312
-5607.585743,4,1.360312
392.438305,4,1.365315
-5557.996518,3,1.369315
-5607.579454,4,1.375316
343.428659,5,1.381823
852.424274,4,1.386823
-5116.724404,3,1.390942
-5588.851222,4,1.397078
-5079.856948,3,1.401497
9343.419795,5,1.409497
852.425582,4,1.415496
-5098.580377,3,1.419497
9920.141332,3,1.423497
-5625.721755,4,1.428496
-5656.579987,5,1.434496
-5079.855157,3,1.437496
343.432105,5,1.444421
-5557.995922,3,1.448421
-5557.997925,3,1.452421
9442.001852,3,1.455421
9920.146843,3,1.459894
343.457068,5,1.4659
9883.273273,3,1.472132
9920.144337,3,1.476577
-5656.575569,5,1.482583
852.424076,4,1.487901
9343.420368,5,1.495591
-20588.847796,4,1.500753
343.441493,5,1.506768
374.282404,4,1.512895
-5539.856013,3,1.517045
9343.425441,5,1.523045
343.445654,5,1.529536
-5656.576588,5,1.537144
9852.418859,4,1.543652
-5607.57863,4,1.548898
374.28635,4,1.553899
-5656.577746,5,1.561051
-5576.723949,3,1.565062
-5116.726213,3,1.568061
9423.273337,3,1.572062
-5656.565012,5,1.581906
-5539.85868,3,1.585906
920.149197,3,1.588906
-5607.586499,4,1.594905
-5656.581539,5,1.600905
343.457462,5,1.607905
-5116.723059,3,1.613905
343.457115,5,1.620906
343.440222,5,1.628908
-20656.575663,5,1.636908
9901.412748,3,1.640907
411.157392,4,1.646904
-5607.574682,4,1.651905
-5557.993886,3,1.655905
-20656.570022,5,1.662908
343.439616,5,1.670908
-5656.582143,5,1.678415
-20588.843922,4,1.685416
343.427573,5,1.694416
392.420708,4,1.700415
392.424744,4,1.706475
-5539.85613,3,1.710647
423.283268,3,1.715266
-5147.578014,4,1.721282
-5588.850017,4,1.727281
-5576.7261,3,1.732282
374.288958,4,1.739281
343.428148,5,1.746282
-5656.575988,5,1.754282
9343.421737,5,1.76229
-5576.726886,3,1.767293
-5557.996885,3,1.771292
9343.423809,5,1.777953
-5147.584782,4,1.783167
9442.001194,3,1.787166
-5079.856443,3,1.791285
-5079.857131,3,1.795296
-5147.579797,4,1.804295
-5607.577151,4,1.810295
-5656.57304,5,1.817567
343.435743,5,1.824768
-5588.854636,4,1.83134
-20116.7189,3,1.836779
9423.275506,3,1.84078
-5656.573481,5,1.850168
852.440702,4,1.857167
374.289802,4,1.862176
883.289178,3,1.867668
343.429481,5,1.874083
-5656.576481,5,1.882591
-5079.856723,3,1.88659
343.469575,5,1.892763
-5079.853294,3,1.896772
-5539.851576,3,1.900772
-5656.57081,5,1.910153
343.451396,5,1.916153
343.428215,5,1.923466
-5539.855018,3,1.928733
-5588.849778,4,1.934729
-5656.575224,5,1.942454
-5656.579046,5,1.948453
-5539.855862,3,1.952843
411.151084,4,1.959843
423.278784,3,1.963846
-5656.580272,5,1.971846
-5625.720086,4,1.97735
343.428123,5,1.983354
-5656.573659,5,1.989353
-5607.581873,4,1.995354
-5656.574194,5,2.001354
343.42841,5,2.007354
-5079.852822,3,2.011355
343.433688,5,2.020354
-5656.574402,5,2.026354
9343.421224,5,2.033354
343.441163,5,2.039354
-5656.57938,5,2.047354
9423.271534,3,2.051354
411.159388,4,2.056354
901.426879,3,2.061354
-5576.723383,3,2.065357
-5557.996887,3,2.069357
343.429004,5,2.075357
-20656.565822,5,2.081863
852.436315,4,2.086863
343.45541,5,2.093863
852.428401,4,2.098863
374.29021,4,2.103863
343.440529,5,2.110011
374.284564,4,2.116028
-5607.583219,4,2.121026
-5079.855912,3,2.127248
9442.002371,3,2.131249
-5098.586544,3,2.135249
-5656.576861,5,2.142823
-5588.851906,4,2.155849
411.163056,4,2.161564
-5557.995625,3,2.165573
-5656.56931,5,2.1717
901.423577,3,2.175835
9442.004276,3,2.179348
9920.142195,3,2.183349
-5147.584981,4,2.189348
-5656.583276,5,2.197464
343.434451,5,2.204626
-5147.581713,4,2.2101
343.430255,5,2.2161
-5625.719113,4,2.2211
920.157619,3,2.226099
392.431966,4,2.230099
-5116.722476,3,2.237099
343.435521,5,2.2451
-20656.561904,5,2.251099
343.43371,5,2.258099
-5607.580457,4,2.263103
392.424736,4,2.268103
374.280367,4,2.273103
343.436771,5,2.28061
374.283447,4,2.286612
-5656.566672,5,2.294899
9374.276022,4,2.300898
9852.416074,4,2.305898
-5607.581482,4,2.312022
-5079.855671,3,2.316021
901.424046,3,2.320021
343.429495,5,2.327021
-5656.575667,5,2.334022
-5576.726586,3,2.338022
343.469275,5,2.346452
9343.42424,5,2.353452
-5539.857101,3,2.357453
-5539.856569,3,2.361555
-5625.722191,4,2.368558
-5625.72105,4,2.373558
852.430053,4,2.381071
-5557.996554,3,2.38607
-5607.581253,4,2.392071
-5116.724187,3,2.397071
-5116.725545,3,2.402071
-5576.728393,3,2.407072
-5607.584712,4,2.41207
9901.415068,3,2.41607
-5557.997538,3,2.42007
-5557.996962,3,2.424071
-5147.58767,4,2.42907
9460.140943,3,2.433071
-5557.997724,3,2.43707
-5557.993017,3,2.441073
-5588.854954,4,2.44607
343.468741,5,2.45207
392.423136,4,2.460071
-20147.577689,4,2.465073
920.158918,3,2.469073
-5607.585938,4,2.475074
-5625.725589,4,2.48158
-5625.722289,4,2.48758
-5588.852336,4,2.493581
343.429661,5,2.50058
-5116.723883,3,2.50458
9852.416821,4,2.51058
9920.144955,3,2.51358
-5116.724334,3,2.51758
343.43636,5,2.52458
343.448186,5,2.53058
-5557.996956,3,2.53458
392.452199,4,2.53958
-5625.715455,4,2.54558
-5079.854105,3,2.54858
-20656.564206,5,2.556579
9374.276417,4,2.562582
9343.412442,5,2.572582
-5588.8535,4,2.577085
392.42124,4,2.583089
343.429143,5,2.589089
-5607.582147,4,2.595089
9374.279952,4,2.601089
-5557.999521,3,2.605089
-5116.724613,3,2.60909
343.432585,5,2.616089
411.158829,4,2.622089
-5656.579624,5,2.630274
343.428491,5,2.636273
343.43562,5,2.643273
460.151254,3,2.648273
-5116.727568,3,2.652273
-5079.856237,3,2.657275
-5079.855883,3,2.661842
-5079.853606,3,2.667364
343.432626,5,2.672869
-5656.576145,5,2.682376
-5116.721391,3,2.686376
-5079.85873,3,2.690377
9423.272758,3,2.694731
-5576.728573,3,2.699098
-5539.855033,3,2.703108
343.439364,5,2.710613
-5557.99626,3,2.716611
-5607.580032,4,2.72261
392.426548,4,2.729316
-20625.706687,4,2.735315
-5625.721034,4,2.740819
-5098.587032,3,2.745971
343.447008,5,2.752027
-5539.856067,3,2.757026
852.452155,4,2.763029
-5656.575888,5,2.771035
343.46798,5,2.778571
9392.430063,4,2.783571
9920.152331,3,2.79057
-5079.8573,3,2.794989
-5116.726211,3,2.798983
343.434259,5,2.80778
-5588.848898,4,2.81501
343.434424,5,2.822315
-5539.855438,3,2.828313
9901.414162,3,2.832563
343.430144,5,2.839595
343.442079,5,2.847064
343.484988,5,2.855329
343.439364,5,2.862711
9411.148301,4,2.868715
9852.42094,4,2.873718
-5588.852108,4,2.881846
343.454688,5,2.887846
343.440366,5,2.897845
-5576.727526,3,2.901844
9901.413145,3,2.906269
-5098.587895,3,2.910411
-5656.573692,5,2.915813
-20656.563217,5,2.922746
9460.146113,3,2.927743
343.456166,5,2.934743
-5656.574201,5,2.942202
9343.423256,5,2.948592
343.427223,5,2.955618
392.422639,4,2.960263
9392.418443,4,2.966274
-5656.577375,5,2.972731
-5588.848884,4,2.979472
-5147.578713,4,2.984472
-5625.719756,4,2.990473
-5147.580025,4,2.995472
343.435149,5,3.004472
-5607.586626,4,3.011472
901.451228,3,3.016472
-5576.724376,3,3.02094
343.428163,5,3.027062
343.431628,5,3.034059
343.467418,5,3.04145
-5576.7276,3,3.046926
-5576.726413,3,3.051751
-5557.997708,3,3.055751
-20656.570576,5,3.06275
-5079.857101,3,3.066753
343.466267,5,3.072753
-5656.576746,5,3.079259
883.279444,3,3.083258
-5656.573167,5,3.089258
343.428556,5,3.096259
-5607.580131,4,3.101259
343.426943,5,3.107259
-5116.720688,3,3.111259
-5576.726538,3,3.118259
9442.020255,3,3.122259
-5625.722105,4,3.127259
-5557.994277,3,3.131553
411.155232,4,3.136046
852.427615,4,3.1414
343.435569,5,3.148396
-5147.575399,4,3.153395
-5588.854687,4,3.159397
343.429724,5,3.167401
343.427123,5,3.174404
-5116.72673,3,3.179906
-5656.580704,5,3.185906
-5557.995081,3,3.190909
-5147.574869,4,3.195906
343.442762,5,3.201906
-5656.577862,5,3.208908
343.440333,5,3.215917
460.148156,3,3.218917
-5656.579245,5,3.228292
9423.278596,3,3.232291
-5576.723437,3,3.236291
392.4273,4,3.241637
343.428307,5,3.2485
-5656.579213,5,3.25608
-5656.576177,5,3.264053
343.44891,5,3.27021
9901.415908,3,3.274352
392.420934,4,3.279893
-5576.723781,3,3.283892
-5588.850989,4,3.289071
-5656.570068,5,3.296078
411.153769,4,3.301174
-5576.723551,3,3.304241
-5656.573729,5,3.311577
411.155392,4,3.316581
-5576.723949,3,3.320589
9852.412715,4,3.32571
9392.421263,4,3.333712
-5147.581722,4,3.33871
-5656.573284,5,3.34471
-5588.853907,4,3.351153
-20656.566528,5,3.356574
9901.415718,3,3.362605
-20656.566646,5,3.369791
-5576.728511,3,3.374852
-20656.560027,5,3.382708
-5576.725338,3,3.386708
9423.271659,3,3.390711
-5656.576211,5,3.398143
374.288638,4,3.403194
392.426957,4,3.408271
343.436362,5,3.41683
9343.429482,5,3.424833
-5588.853187,4,3.430833
343.432178,5,3.438833
343.452023,5,3.448922
374.287154,4,3.454922
-5588.851228,4,3.461181
-5576.726781,3,3.465184
9852.415771,4,3.471185
883.280802,3,3.476184
9343.425302,5,3.483691
9901.415178,3,3.48769
-5607.582302,4,3.492835
-5079.855372,3,3.4975
-5557.994869,3,3.5015
343.441312,5,3.508499
343.429828,5,3.514499
-5079.852038,3,3.518499
-5625.716096,4,3.523499
411.158927,4,3.528499
343.438235,5,3.535499
852.425645,4,3.540499
852.42811,4,3.545499
343.466203,5,3.553499
-5607.578633,4,3.559501
343.441731,5,3.565501
-5607.580915,4,3.570501
343.425982,5,3.577502
-5147.581595,4,3.583012
-5079.859346,3,3.587011
852.442001,4,3.592011
-5079.856234,3,3.596011
-5539.854776,3,3.600012
343.455468,5,3.606011
343.426233,5,3.613011
-5656.57589,5,3.619011
-5539.855902,3,3.623011
343.427448,5,3.629011
-5656.580596,5,3.63501
-5116.726776,3,3.639011
343.433256,5,3.646011
9901.411355,3,3.650134
9901.411841,3,3.655138
343.42778,5,3.665145
-20557.980043,3,3.669144
920.153676,3,3.673144
343.439815,5,3.680633
374.286652,4,3.686633
9411.153922,4,3.693269
-5557.99313,3,3.698266
-5539.858445,3,3.702274
374.287456,4,3.707274
343.441451,5,3.714052
343.458934,5,3.720049
-5656.578772,5,3.727049
9343.425242,5,3.733051
883.323514,3,3.737049
-5539.856771,3,3.740049
-5625.718711,4,3.745481
9901.411735,3,3.749481
343.432901,5,3.755481
343.442927,5,3.763052
374.285629,4,3.769056
-5147.574774,4,3.777056
-20656.570896,5,3.783565
-5079.854527,3,3.787828
-20656.556382,5,3.79647
-5625.723772,4,3.802469
883.278279,3,3.80747
-5656.576121,5,3.813684
9852.421974,4,3.819683
-20656.549771,5,3.825683
-5607.582491,4,3.830683
-5116.724765,3,3.834683
343.448387,5,3.840683
343.428705,5,3.847683
-5656.579517,5,3.853855
-5625.722268,4,3.858977
-5576.716238,3,3.862977
9442.004839,3,3.866981
-5625.719084,4,3.871981
-5557.997993,3,3.875382
343.436088,5,3.884361
-5656.582287,5,3.891495
374.295488,4,3.896492
-5098.587142,3,3.900492
-5539.854011,3,3.904491
343.511565,5,3.911492
9411.155078,4,3.916492
460.162577,3,3.920491
-5098.587734,3,3.924491
-20147.561908,4,3.93058
-5656.570628,5,3.93858
-5098.586682,3,3.94358
-5607.579497,4,3.949585
-20656.549318,5,3.957587
-5625.72113,4,3.962581
-20625.709604,4,3.967584
-5557.99172,3,3.971584
343.435891,5,3.978265
-5588.847093,4,3.983268
9343.431128,5,3.989269
9392.415526,4,3.997268
374.287586,4,4.002268
-5098.584016,3,4.006269
343.488355,5,4.01346
-20656.571592,5,4.021459
-5098.587556,3,4.024695
-5539.853305,3,4.029692
9852.42106,4,4.034691
9852.420708,4,4.040694
-5607.581618,4,4.04769
374.288951,4,4.053692
392.42374,4,4.05969
374.29433,4,4.065692
374.303853,4,4.071694
-5098.585645,3,4.075694
-5147.577471,4,4.081203
-5656.574345,5,4.087202
-5576.722742,3,4.091201
-5576.725023,3,4.094201
-5116.72128,3,4.098202
343.436918,5,4.107201
-5607.583342,4,4.112201
-5147.577046,4,4.118203
-5079.853971,3,4.122203
-5147.58076,4,4.127721
-5656.574511,5,4.134335
-5539.857826,3,4.137347
343.441071,5,4.14441
-5588.850358,4,4.149444
9460.143761,3,4.153444
374.281379,4,4.158447
343.429688,5,4.164585
-5098.588501,3,4.168585
-20147.573861,4,4.173585
411.153792,4,4.179257
-5079.85354,3,4.183254
-5625.722285,4,6.36621
-20656.565871,5,6.379211
-5079.856117,3,6.383723
343.436525,5,6.390723
-5557.993601,3,6.394724
-5539.845362,3,6.397724
-5079.84892,3,6.401724
392.422005,4,6.406724
852.438552,4,6.416322
-5656.567085,5,6.423322
-5079.856872,3,6.429469
9343.426866,5,6.437472
343.441449,5,6.444484
-5607.581069,4,6.449484
343.434375,5,6.455591
343.43728,5,6.462747
-5576.726288,3,6.466757
343.430501,5,6.472894
374.28722,4,6.478309
-5079.852346,3,6.482831
-5539.858092,3,6.485831
-5656.578233,5,6.49324
-5656.577082,5,6.49924
-5116.722889,3,6.504237
-5625.720397,4,6.510233
9852.416139,4,6.515233
852.430067,4,6.523234
9343.42377,5,6.529621
-5588.849094,4,6.53462
9392.415482,4,6.54162
9883.273323,3,6.54562
-5588.84845,4,6.55162
-5625.716438,4,6.55662
-5588.849875,4,6.56162
343.436782,5,6.567623
343.432618,5,6.573623
343.432918,5,6.579623
-20656.569651,5,6.58613
9852.41606,4,6.591134
343.43106,5,6.598131
-5539.856436,3,6.602131
-5557.989231,3,6.605131
9460.145638,3,6.60922
-5588.849774,4,6.614528
9920.14096,3,6.618528
9392.419443,4,6.624668
9852.425874,4,6.633681
-5539.85697,3,6.638682
343.429831,5,6.646392
343.43033,5,6.652392
411.159085,4,6.657392
-5625.723179,4,6.66449
343.426649,5,6.671493
-5079.857768,3,6.676493
411.15101,4,6.681998
343.444916,5,6.687998
392.422915,4,6.695033
-5625.720909,4,6.70025
-5588.84988,4,6.705252
9343.422633,5,6.711762
343.451336,5,6.718365
-5147.57093,4,6.723726
9920.142076,3,6.72803
-5539.85776,3,6.733276
-5079.854539,3,6.739285
852.436892,4,6.74562
9343.415373,5,6.751617
-5656.579849,5,6.758883
-5116.724202,3,6.762883
392.426301,4,6.768257
-5607.575524,4,6.775254
-5607.580957,4,6.780756
-20147.577904,4,6.787759
9901.410697,3,6.791759
-5147.581214,4,6.798759
-5576.724578,3,6.802966
-5588.856433,4,6.809199
-5539.855466,3,6.813198
9343.420487,5,6.820204
-5656.581674,5,6.828755
-5656.574263,5,6.836783
-5656.579006,5,6.849189
-5079.854848,3,6.8536
374.301495,4,6.859613
343.437661,5,6.867615
-5625.726597,4,6.873615
-5147.581088,4,6.879908
-5147.585124,4,6.884413
-5557.995859,3,6.888413
411.149699,4,6.894414
-5588.848463,4,6.900413
343.444993,5,6.908414
374.295421,4,6.913414
-5539.852765,3,6.917414
343.461414,5,6.924504
-5625.720399,4,6.929502
343.447429,5,6.935501
423.280892,3,6.939502
-5557.989441,3,6.944501
-20625.706373,4,6.9505
9392.424139,4,6.958916
-5576.727297,3,6.962915
411.154912,4,6.967924
-5576.728916,3,6.972533
9920.149384,3,6.976547
392.431844,4,6.98105
343.437603,5,6.988056
-5656.567774,5,6.994428
343.430646,5,7.00043
-5656.577211,5,7.006504
920.159933,3,7.011086
-5079.857259,3,7.015091
-20147.564218,4,7.020091
343.453591,5,7.026517
-5656.576076,5,7.032518
343.42687,5,7.038522
-5588.84995,4,7.043903
-5116.722937,3,7.046902
920.154422,3,7.050901
9343.416222,5,7.056901
883.321518,3,7.060903
-5625.721567,4,7.068904
-5588.854483,4,7.074907
-5079.854725,3,7.078904
-20656.56282,5,7.085416
9442.000518,3,7.088895
852.430784,4,7.094423
9852.415939,4,7.099857
-5079.852149,3,7.10436
343.42801,5,7.110488
-5656.571729,5,7.116488
-5147.58132,4,7.121488
-20656.565135,5,7.128908
-5625.71782,4,7.133908
9423.27417,3,7.136908
-20116.720588,3,7.14099
343.446925,5,7.148987
-5098.587041,3,7.153987
411.158383,4,7.159988
343.435847,5,7.16799
-5116.71834,3,7.17199
-5607.582937,4,7.17999
-20656.570971,5,7.186497
9343.434905,5,7.193497
343.449806,5,7.201497
-5539.85027,3,7.205497
343.433138,5,7.213165
883.287825,3,7.217169
-20656.561557,5,7.223164
-5539.84781,3,7.227633
-5539.853243,3,7.231633
-5576.727961,3,7.235633
374.28114,4,7.240633
-5588.849548,4,7.245633
-5098.586511,3,7.249634
9343.42155,5,7.255633
343.476061,5,7.26279
-5625.713847,4,7.267794
-5116.725861,3,7.271793
-5625.725133,4,7.276793
-5079.858097,3,7.279793
852.422543,4,7.289299
9343.415067,5,7.2953
-5588.848857,4,7.300564
343.434142,5,7.307014
852.420578,4,7.312109
920.148553,3,7.31611
9343.429629,5,7.322109
-5098.586515,3,7.32636
343.424976,5,7.332359
9920.141985,3,7.336359
-20625.715109,4,7.34136
-20656.568521,5,7.347359
-5079.858064,3,7.351358
-5079.858505,3,7.355358
-5656.581024,5,7.362781
852.42645,4,7.368785
343.46194,5,7.374922
-5539.858055,3,7.379056
343.422893,5,7.384564
-5116.723706,3,7.388564
-5116.726908,3,7.395719
343.439054,5,7.401719
-5557.995498,3,7.405719
-5656.581484,5,7.411997
9460.143095,3,7.416358
411.155291,4,7.421377
-5607.584971,4,7.426538
343.434048,5,7.433538
9901.411096,3,7.436538
-5539.856258,3,7.440562
-5588.856616,4,7.446057
343.453279,5,7.452057
374.284269,4,7.457625
-20625.71236,4,7.462621
-5656.5778,5,7.468625
-5625.720594,4,7.473384
-5098.587753,3,7.478921
-5079.854878,3,7.482441
9883.271249,3,7.486611
-5588.84938,4,7.49307
-20656.566599,5,7.500069
-5098.584101,3,7.507507
343.433724,5,7.514506
343.43369,5,7.521506
-20539.846677,3,7.526506
920.154544,3,7.530506
343.49713,5,7.537506
-5079.857901,3,7.542052
-5588.844168,4,7.547079
9374.277361,4,7.553079
343.451751,5,7.56108
442.014834,3,7.566076
343.419886,5,7.572079
901.420956,3,7.577079
-5557.997611,3,7.580079
-5576.722076,3,7.584586
392.425171,4,7.589586
-5539.851019,3,7.594586
-5656.57702,5,7.600843
-20079.844278,3,7.604843
-5656.575879,5,7.614354
-5656.571862,5,7.620354
-5116.724219,3,7.624361
411.161348,4,7.62989
-5147.587162,4,7.634899
-5625.724037,4,7.641073
9411.148439,4,7.646122
9920.149771,3,7.650121
-20607.565351,4,7.655122
343.437682,5,7.662129
-5557.99476,3,7.666127
-5607.579433,4,7.671138
-5656.57881,5,7.678138
343.433448,5,7.684659
-5656.577194,5,7.691817
-5588.848655,4,7.698858
343.427293,5,7.705999
-5656.574239,5,7.713998
-5116.72045,3,7.720999
-5656.576157,5,7.728085
343.443,5,7.734084
-5079.851019,3,7.739492
852.426762,4,7.746977
9883.273654,3,7.752095
-5656.56672,5,7.759459
460.150844,3,7.763468
-5656.571575,5,7.770475
852.422404,4,7.775475
-5625.721408,4,7.780475
9460.143036,3,7.78499
-5557.992278,3,7.787989
9901.419371,3,7.793109
9852.417202,4,7.798111
-5656.583889,5,7.804109
-5557.99889,3,7.808565
-5079.857102,3,7.812576
852.427485,4,7.817724
-5116.725291,3,7.821725
9883.272471,3,7.825723
343.430839,5,7.834864
-5098.587836,3,7.838864
343.434078,5,7.845301
343.45887,5,7.851659
-5116.728486,3,7.855679
-5147.58514,4,7.860524
-5557.997125,3,7.864523
9442.00339,3,7.868528
883.282861,3,7.871928
-5576.725647,3,7.876959
9343.424079,5,7.884478
-5539.857312,3,7.889478
-5098.585767,3,7.893619
-5557.993424,3,7.897619
343.436983,5,7.903621
-5539.85445,3,7.90818
-20557.91975,3,7.91219
343.434118,5,7.91819
-5576.726339,3,7.922191
343.434313,5,7.929292
9460.141379,3,7.933293
-5098.587291,3,7.939445
9920.14958,3,7.943863
-20656.5718,5,7.949862
-5576.724831,3,7.953863
-5656.583798,5,7.960898
-5625.722289,4,7.965902
-5588.850272,4,7.971022
343.435431,5,7.977829
-5539.847255,3,7.981333
-5576.724869,3,7.985546
-5098.589728,3,7.989543
9423.277538,3,7.993649
852.43384,4,7.998649
343.442008,5,8.004649
-5656.57987,5,8.011755
-5625.724744,4,8.016755
343.439085,5,8.023755
-5588.853002,4,8.029177
-5098.589067,3,8.033177
392.422229,4,8.038177
-20588.845468,4,8.043176
-5656.573229,5,8.052177
-5147.58132,4,8.057177
-5079.854748,3,8.061177
343.448024,5,8.068179
-5539.857033,3,8.07218
343.445457,5,8.07818
-5098.586158,3,8.081681
343.45328,5,8.088685
374.28085,4,8.093685
-5656.580807,5,8.099685
-5607.579362,4,8.104685
-5588.85361,4,8.110687
-5539.854817,3,8.114685
343.429414,5,8.120685
-5656.575928,5,8.127685
423.27831,3,8.131685
-5098.587696,3,8.135684
423.279538,3,8.138685
-5539.85646,3,8.143685
9343.428255,5,8.149685
-5588.852794,4,8.154685
9392.421382,4,8.162685
-5147.586709,4,8.167688
-5656.572843,5,8.17469
-5607.581361,4,8.179688
343.425292,5,8.186194
343.428164,5,8.193195
343.427217,5,8.199195
343.428448,5,8.206195
9343.412295,5,8.212194
392.42658,4,8.217194
-5079.858277,3,8.221194
-5079.85246,3,8.225286
-5147.585515,4,8.230285
-20147.573238,4,8.235285
-20656.568042,5,8.241853
-5079.857238,3,8.245852
-5576.724328,3,8.249852
-5098.588842,3,8.253853
9442.003833,3,8.257854
-5079.853071,3,8.262851
343.433491,5,8.272854
343.444453,5,8.279854
343.433397,5,8.286361
-5079.853067,3,8.290768
-5539.856934,3,8.294777
-5079.856158,3,8.298772
-5116.723185,3,8.303293
343.438952,5,8.309684
-5607.581673,4,8.314683
-5557.996321,3,8.318682
883.290537,3,8.322682
411.155731,4,8.327682
-5607.579797,4,8.332682
374.286937,4,8.337682
-5557.995093,3,8.341685
-5588.847416,4,8.347682
-5588.853612,4,8.352685
374.281826,4,8.357683
9343.420885,5,8.364683
-5557.995792,3,8.368687
920.151063,3,8.372687
-5557.996704,3,8.378452
392.423706,4,8.38396
-5576.720176,3,8.387959
-20656.563308,5,8.395962
9901.413017,3,8.400962
343.429093,5,8.407959
-5539.855393,3,8.414515
-5557.998007,3,8.419514
-5625.719185,4,8.424757
-5539.85325,3,8.429844
343.424073,5,8.437175
-5116.723512,3,8.441381
-5607.586109,4,8.446381
-20656.565239,5,8.453378
-5116.724763,3,8.458869
-5588.851078,4,8.464167
411.166319,4,8.469184
374.289097,4,8.475836
343.426077,5,8.482576
343.430118,5,8.491566
-5656.574203,5,8.497574
392.424401,4,8.502811
-5607.584016,4,8.508979
-20656.55391,5,8.515675
-20656.564205,5,8.523396
-5656.581223,5,8.531868
-5656.582038,5,8.539865
883.279226,3,8.544987
-5116.722349,3,8.549988
-5557.990278,3,8.553986
343.428197,5,8.560986
-5147.584487,4,8.565987
-20116.712628,3,8.56999
343.432645,5,8.57599
392.427362,4,8.581492
-20625.716301,4,8.586495
343.430804,5,8.592496
-5079.857009,3,8.596495
343.435927,5,8.605495
-5656.570343,5,8.611495
343.431369,5,8.619496
-20656.559765,5,8.626605
-5147.585949,4,8.632604
9411.148717,4,8.638604
343.454807,5,8.645604
-5588.848136,4,8.651603
-5656.583463,5,8.657606
901.424462,3,8.661604
442.018676,3,8.665607
-5539.85679,3,8.669607
-5656.576165,5,8.676607
-5576.725941,3,8.680607
-5098.586791,3,8.684113
343.445908,5,8.691117
343.449285,5,8.699113
343.439174,5,8.707113
343.426608,5,8.717113
343.43413,5,8.724113
-20147.558851,4,8.730113
343.438661,5,8.738113
343.437692,5,8.746869
-5576.72159,3,8.752326
-5656.579938,5,8.760004
-5656.57552,5,8.767047
-5098.587289,3,8.770046
-5147.58045,4,8.776164
-5588.852973,4,8.780166
-5116.726288,3,8.784675
-5576.722779,3,8.788677
9343.423609,5,8.795811
-5147.578402,4,8.800811
9442.001731,3,8.805815
-5539.856364,3,8.809935
-5557.997436,3,8.814941
343.431023,5,8.823941
-5079.855825,3,8.828239
-5588.851714,4,8.833239
343.432749,5,8.839239
343.440518,5,8.846798
-5079.855868,3,8.85205
-5098.582535,3,8.857052
374.281243,4,8.863209
343.42604,5,8.871214
-5656.571786,5,8.879371
-5576.726904,3,8.883879
-5116.728443,3,8.888879
-5079.852654,3,8.893357
-20079.849677,3,8.898357
411.154018,4,8.903357
9411.156326,4,8.908535
9343.422666,5,8.915652
343.440309,5,8.921652
852.427108,4,8.929772
-5098.584452,3,8.933772
-5576.727225,3,8.937773
343.445819,5,8.944882
343.430697,5,8.951881
9392.415331,4,8.957405
-5539.856869,3,8.971818
374.28978,4,8.978054
-20147.573193,4,8.984564
9343.419265,5,8.992563
852.429618,4,8.997563
343.447134,5,9.003563
343.435537,5,9.010563
343.421945,5,9.016563
343.432029,5,9.023564
-5539.85114,3,9.027563
343.433801,5,9.033563
-5607.585223,4,9.041565
-20625.685968,4,9.046563
-5607.582069,4,9.051563
343.443957,5,9.058563
-5656.57138,5,9.065563
-5557.995234,3,9.069667
9343.423643,5,9.075803
-5656.571337,5,9.082303
-5625.720349,4,9.087308
852.424157,4,9.093414
9852.416918,4,9.098414
-5079.856406,3,9.102414
-5607.582056,4,9.107514
-5079.858561,3,9.111511
-20656.560271,5,9.117512
920.168185,3,9.121512
-5625.717162,4,9.126632
-5557.996286,3,9.130632
-5116.725652,3,9.134792
920.160193,3,9.138792
343.431768,5,9.1449
-5576.72588,3,9.151899
-5588.852877,4,9.156899
-5656.575142,5,9.163899
-5576.72602,3,9.168902
9460.149631,3,9.172902
-5557.996651,3,9.177902
-20538.982463,3,9.182405
-5576.724797,3,9.186408
343.461145,5,9.193806
-5607.582726,4,9.198805
-5607.580859,4,9.204805
-5625.722034,4,9.210231
343.4898,5,9.216231
883.282853,3,9.220231
-5656.576669,5,9.227531
343.442419,5,9.234545
-5576.727366,3,9.237545
852.428211,4,9.243491
9920.143338,3,9.247491
-5656.574783,5,9.253491
374.286285,4,9.262495
-5656.57785,5,11.416651
343.432168,5,11.42565
-5656.569385,5,11.433649
-5116.722548,3,11.437649
-20656.571454,5,11.448772
883.282975,3,11.454002
343.427134,5,11.462172
9374.278395,4,11.469174
-5079.854984,3,11.47336
-5147.581161,4,11.48046
-5607.586175,4,11.487967
9392.42208,4,11.493965
-5656.579878,5,11.502968
343.439761,5,11.510933
-5539.856231,3,11.515946
-5576.727012,3,11.520945
343.436548,5,11.528962
9460.142287,3,11.534068
852.433999,4,11.540067
374.286482,4,11.546067
343.456326,5,11.556067
-5656.58057,5,11.564068
852.441157,4,11.570418
-5625.721575,4,11.576418
-5079.84919,3,11.582418
-5557.99646,3,11.586925
9901.415883,3,11.591925
-5656.571395,5,11.599925
374.293572,4,11.604925
-5625.713222,4,11.610925
-5656.576034,5,11.617925
-20656.566722,5,11.625925
343.428255,5,11.633925
-5116.723058,3,11.637925
-5656.577978,5,11.644925
-5656.578782,5,11.652926
343.431276,5,11.664896
901.429703,3,11.668915
-5098.586312,3,11.672927
460.153301,3,11.677927
-20656.571677,5,11.684437
-5539.857569,3,11.688437
-5576.725117,3,11.694022
-5079.853402,3,11.700019
-5607.579812,4,11.705019
-5079.856299,3,11.710025
343.441026,5,11.718285
-5098.587874,3,11.723491
-5539.856178,3,11.727581
-5557.995396,3,11.731579
9442.007733,3,11.735579
-20625.710593,4,11.740903
9901.411927,3,11.744899
343.442803,5,11.751899
-5607.582312,4,11.756899
343.421373,5,11.763898
343.45008,5,11.773903
9460.142891,3,11.779901
-5656.578201,5,11.78771
392.42529,4,11.793747
9392.417147,4,11.800947
9343.422175,5,11.808951
-5557.992942,3,11.814074
-5588.84938,4,11.821071
-5098.58662,3,11.825581
-5656.576199,5,11.833655
374.295141,4,11.839655
-5656.584212,5,11.847775
9343.434507,5,11.855776
392.427631,4,11.862345
-5656.577761,5,11.870345
-5098.587316,3,11.87435
-5098.58969,3,11.883514
-5656.574005,5,11.891639
343.443374,5,11.899408
-5656.573123,5,11.906749
-5079.854821,3,11.911851
-5588.851134,4,11.917876
-20147.560337,4,11.923883
-5147.58308,4,11.93088
9411.148548,4,11.93588
9374.285928,4,11.942211
920.150829,3,11.946213
9343.421111,5,11.95322
442.011994,3,11.957222
-5576.7252,3,11.961219
-5147.586606,4,11.967219
343.439033,5,11.975223
-5079.859531,3,11.979307
374.302587,4,11.985132
-5656.583274,5,11.995302
-5098.586716,3,11.999302
-5116.723179,3,12.003302
-5147.577801,4,12.009506
-5576.723034,3,12.013507
-5079.851317,3,12.01852
901.424824,3,12.021519
423.280657,3,12.02652
343.435199,5,12.03352
343.429978,5,12.039519
-5539.857379,3,12.044519
9343.422251,5,12.05152
9920.142375,3,12.05652
9392.419982,4,12.061519
-5098.585756,3,12.06552
343.430909,5,12.072521
343.426015,5,12.079523
392.422904,4,12.085155
9343.419406,5,12.093617
343.454241,5,12.104615
-5656.574562,5,12.112615
411.18319,4,12.118283
-5576.722079,3,12.122579
-5557.997515,3,12.126924
9343.417123,5,12.133935
343.455672,5,12.139935
-5656.581691,5,12.147934
9423.276475,3,12.152934
343.459627,5,12.160935
-5116.722722,3,12.165934
343.431887,5,12.173937
-5098.585151,3,12.178937
-5116.721834,3,12.183937
9852.417878,4,12.190443
-5607.585487,4,12.197679
-5539.849746,3,12.202015
343.45102,5,12.213014
343.427371,5,12.220013
-20656.567762,5,12.227073
343.426414,5,12.234446
-5539.854804,3,12.238512
-5557.996235,3,12.243516
-5607.589362,4,12.250516
-5079.858669,3,12.255516
-5539.858564,3,12.259513
883.283387,3,12.264511
-5607.58551,4,12.269514
-5539.852888,3,12.273515
-5588.851895,4,12.279515
343.440218,5,12.287023
343.429017,5,12.294021
9920.145029,3,12.298022
411.155755,4,12.303023
852.455319,4,12.310022
374.283866,4,12.316021
-5656.574776,5,12.326672
-5079.857687,3,12.331671
-5557.988215,3,12.33567
9920.14788,3,12.339669
-5588.8535,4,12.346091
-5656.576185,5,12.35309
9343.423609,5,12.36109
-5607.581403,4,12.36709
-5557.989853,3,12.371093
-20656.565486,5,12.378093
-5576.725269,3,12.381093
-5588.852643,4,12.3866
343.434976,5,12.3936
-5576.72466,3,12.3976
-20625.714825,4,12.4026
-5557.998312,3,12.4066
343.450564,5,12.413601
9392.41353,4,12.4186
-20656.554274,5,12.4256
920.150462,3,12.432601
-20656.553477,5,12.438815
9883.272874,3,12.442929
343.453004,5,12.449147
-5607.582604,4,12.454616
-20656.560981,5,12.462074
-20588.83627,4,12.467074
-5079.853973,3,12.471081
423.27772,3,12.474081
-5147.582975,4,12.480548
-5539.856298,3,12.485384
-5539.856113,3,12.488387
-5539.858267,3,12.492387
-5576.726896,3,12.497283
-5539.852527,3,12.50128
-5098.582595,3,12.504281
-5079.854923,3,12.508719
852.430069,4,12.514038
343.444468,5,12.521038
392.422994,4,12.526187
343.442119,5,12.532188
-5147.584652,4,12.540182
-5656.576437,5,12.548274
-5147.584088,4,12.554274
343.541007,5,12.561423
-5576.725066,3,12.566098
442.009965,3,12.569098
-5539.856812,3,12.573245
9343.42021,5,12.580355
343.436287,5,12.586863
-5656.573657,5,12.594871
-5588.850967,4,12.600871
920.150236,3,12.606002
9392.420833,4,12.612118
-5079.854022,3,12.617118
-5588.849382,4,12.622118
-5147.578402,4,12.627267
-5625.721951,4,12.633267
343.429368,5,12.643212
-5588.854119,4,12.654062
9343.427444,5,12.667573
-5557.991433,3,12.672576
343.436798,5,12.681576
-5539.851667,3,12.685078
9411.148745,4,12.690082
345.419544,5,12.698081
343.438911,5,12.705081
-5557.994389,3,12.709085
-5147.57968,4,12.716082
9883.275697,3,12.721082
-5147.58041,4,12.727082
-20116.715686,3,12.731082
-5147.581289,4,12.736082
343.442248,5,12.743421
-5656.577608,5,12.75142
883.277514,3,12.760674
-5147.584435,4,12.76719
411.15941,4,12.774398
343.447781,5,12.784929
-5116.724385,3,12.789113
9442.004868,3,12.793246
-5079.854124,3,12.797246
-5539.85547,3,12.801246
9423.275254,3,12.805571
-20656.575694,5,12.813962
852.44554,4,12.820961
411.152667,4,12.826964
920.151186,3,12.830963
343.43744,5,12.837962
392.454168,4,12.844962
-5098.585293,3,12.849962
343.443822,5,12.856962
-5656.577198,5,12.863962
883.283407,3,12.872361
852.422991,4,12.878576
-5576.723954,3,12.881577
-20656.563706,5,12.890536
442.017749,3,12.894536
-5576.72272,3,12.90374
883.285472,3,12.914737
9343.423213,5,12.929738
-5539.850298,3,12.935736
343.439364,5,12.944737
852.437441,4,12.952134
-5098.584171,3,12.957066
392.43703,4,12.964554
-5576.726276,3,12.969554
-5576.727227,3,12.973911
343.459761,5,12.985722
-5557.994291,3,12.989063
852.4251,4,12.997199
343.428334,5,13.004199
343.434507,5,13.012526
9392.411225,4,13.017885
-20588.848326,4,13.022893
-5539.856388,3,13.02798
-5607.583218,4,13.032981
9343.416871,5,13.040298
-5607.578968,4,13.046463
-5656.57214,5,13.052602
852.422218,4,13.05944
-5098.588948,3,13.068485
-5557.994051,3,13.072495
-5656.577656,5,13.079618
-5656.574989,5,13.088963
392.443952,4,13.095104
-5656.575812,5,13.10138
-20656.56197,5,13.109058
343.495711,5,13.115058
-5656.576285,5,13.121765
-20656.572213,5,13.128788
-5656.577417,5,13.134789
343.431176,5,13.141788
-5656.579231,5,13.148814
343.461829,5,13.156813
9343.432801,5,13.163813
-5147.584583,4,13.169813
852.470135,4,13.174821
-5588.850882,4,13.18082
-5147.575192,4,13.186333
-5539.855433,3,13.191334
-5656.574427,5,13.201331
-20588.83627,4,13.206331
9852.413668,4,13.212883
343.458651,5,13.219883
-5588.854564,4,13.225253
343.42367,5,13.232341
9442.002408,3,13.236341
9374.271972,4,13.24134
-5656.582886,5,13.24934
-5079.853221,3,13.25334
-5576.723806,3,13.257341
-20656.573257,5,13.26634
343.429857,5,13.273343
392.421813,4,13.279877
374.285863,4,13.28612
852.438879,4,13.293441
-5116.725472,3,13.297441
-5576.726063,3,13.30244
343.443772,5,13.312552
-5625.721216,4,13.317553
-5607.583559,4,13.324008
9343.422568,5,13.332082
9920.148485,3,13.336082
9392.410204,4,13.342199
-5098.587345,3,13.345204
852.425736,4,13.350396
-5656.571767,5,13.358755
-5557.99433,3,13.363
9392.416582,4,13.36904
343.459477,5,13.376043
9392.415219,4,13.381043
343.454433,5,13.38855
343.449389,5,13.39555
-5625.718456,4,13.401551
-5656.579131,5,13.409551
-20607.570682,4,13.417631
-5147.585121,4,13.423635
9920.145819,3,13.427073
411.161836,4,13.433372
852.799982,4,13.439372
-5116.722587,3,13.44465
9343.412018,5,13.454651
343.431942,5,13.462288
901.422519,3,13.467712
9442.001561,3,13.473717
343.477416,5,13.481715
-5656.578161,5,13.488222
9852.423677,4,13.494222
-5557.996217,3,13.498222
9343.428157,5,13.504222
-5656.578387,5,13.511221
-5656.57403,5,13.519221
411.159486,4,13.529222
411.154403,4,13.535222
-5576.728278,3,13.540222
-5557.992016,3,13.544222
-5656.578797,5,13.552222
392.425484,4,13.558222
-5625.719302,4,13.563221
9460.143462,3,13.567221
-20656.553236,5,13.574225
9343.414796,5,13.580224
392.434165,4,13.585726
-20147.577961,4,13.59173
9392.418183,4,13.59773
-5098.582366,3,13.60173
-5557.993356,3,13.60673
-5656.577589,5,13.61473
343.437407,5,13.622213
343.457068,5,13.628326
-20656.567755,5,13.637326
852.430127,4,13.642739
343.469817,5,13.648748
-5656.575815,5,13.656026
-5588.848432,4,13.661027
-5607.574894,4,13.667026
-5656.573414,5,13.673028
-5656.578953,5,13.680028
-5576.722134,3,13.684028
-5557.997247,3,13.688535
9852.415745,4,13.694535
-5079.848548,3,13.700536
-5588.850278,4,13.706535
-20098.569833,3,13.711547
-5147.577885,4,13.718543
9374.275941,4,13.726543
-20116.717432,3,13.730793
852.42762,4,13.737792
343.451409,5,13.748406
343.426373,5,13.755406
9920.141607,3,13.760105
-5098.581414,3,13.764109
-20147.565651,4,13.770109
-5588.850714,4,13.776114
343.453022,5,13.784112
423.281452,3,13.789618
-5656.582164,5,13.798618
392.426462,4,13.805618
920.152008,3,13.812967
-5098.588572,3,13.817928
9901.412345,3,13.822934
343.434197,5,13.831938
9901.411505,3,13.836938
9343.424861,5,13.845103
343.447147,5,13.856328
-5656.57168,5,13.864328
-5588.847253,4,13.870328
-20625.712121,4,13.876334
-5656.583316,5,13.884334
343.446816,5,13.890848
-5079.852913,3,13.894847
-5656.575812,5,13.901848
9411.14914,4,13.908915
442.020244,3,13.914738
9343.426735,5,13.921734
423.287228,3,13.926072
920.156187,3,13.931085
343.437164,5,13.938653
-20116.707005,3,13.942388
883.290932,3,13.946389
852.431675,4,13.952883
-5656.58069,5,13.961107
-5098.589408,3,13.970645
343.440795,5,13.978751
374.307174,4,13.98375
374.285933,4,13.989256
-5625.71711,4,13.994258
-5576.726866,3,13.998257
343.446108,5,14.005283
-20656.568373,5,14.011735
-5656.585572,5,14.018735
442.01959,3,14.022735
9343.413266,5,14.030734
852.425789,4,14.036734
-5079.85745,3,14.041736
9343.415014,5,14.049734
-5079.854237,3,14.053734
343.430905,5,14.061756
-20656.570413,5,14.067751
-5539.85834,3,14.071755
9343.426668,5,14.081926
-5625.723951,4,14.087436
-5625.725261,4,14.092754
9374.272696,4,14.097755
-5656.565414,5,14.103764
343.468661,5,14.110762
-5147.585137,4,14.115762
-5147.578428,4,14.120762
-5539.856964,3,14.125762
-5098.580653,3,14.129762
343.455039,5,14.135762
-5588.852542,4,14.140769
343.431275,5,14.147766
411.151069,4,14.152764
-5588.849935,4,14.157883
343.428961,5,14.163894
-5098.588898,3,14.167894
9343.416971,5,14.174895
-5588.853937,4,14.179895
883.278129,3,14.186399
-5539.858177,3,14.190402
374.284829,4,14.195402
343.453615,5,14.202891
-5539.857278,3,14.206891
-5079.853592,3,14.21219
-5656.577888,5,14.21819
920.150471,3,14.22219
9920.142462,3,14.226609
852.430993,4,14.231611
-5116.725554,3,14.23561
852.428465,4,14.241728
343.458278,5,14.247558
9442.001433,3,14.251557
852.432447,4,14.256557
343.442697,5,14.263916
-5656.56955,5,14.270719
-5588.849565,4,14.276745
-5116.727016,3,14.280742
9343.427137,5,14.288249
852.448377,4,14.298775
343.426345,5,14.308092
-20656.565784,5,14.315519
392.428291,4,14.320519
-5656.572557,5,14.327881
343.43931,5,14.333896
-5656.576997,5,14.339895
343.436432,5,14.347063
343.44265,5,14.353064
-5116.725503,3,14.357062
-5656.579939,5,14.364062
9920.141143,3,14.367062
343.430632,5,14.375065
-5625.722865,4,14.382065
-5147.583339,4,14.387573
-5588.852473,4,14.393571
-5656.566716,5,14.399573
-5147.581454,4,14.409318
343.446869,5,14.415318
9343.426186,5,14.422844
343.452514,5,14.42932
-5625.71875,4,14.43432
-5588.850367,4,14.43932
852.431737,4,14.444462
-5539.853872,3,14.448462
-5656.580596,5,14.454461
-5098.585179,3,14.458597
411.155802,4,14.463597
883.286494,3,14.467596
-5625.71864,4,14.472598
9423.277931,3,14.476599
-20656.568122,5,14.483808
-5576.723432,3,14.488317
9901.417082,3,14.492692
-5656.578305,5,14.500692
9852.416632,4,14.505692
-5656.575501,5,14.514106
-5656.573109,5,14.520607
-5656.567293,5,14.527696
343.434907,5,14.535695
9343.42272,5,14.543696
9442.006097,3,14.548697
392.424245,4,16.606133
-5576.726356,3,16.610447
-20656.574772,5,16.616446
852.427066,4,16.621446
9901.414711,3,16.626448
-5116.724954,3,16.631446
-5588.852609,4,16.636446
-5588.854599,4,16.641829
-5625.718818,4,16.64684
-5116.722466,3,16.650841
343.443292,5,16.657348
852.435232,4,16.662348
-20098.579629,3,16.666348
9392.410436,4,16.672348
343.424362,5,16.678351
9920.150273,3,16.682351
-5539.859323,3,16.686351
-5656.580028,5,16.691859
411.152234,4,16.696858
423.28642,3,16.703858
-5116.725736,3,16.708858
343.460187,5,16.714858
343.436682,5,16.722858
-5656.574741,5,16.730858
411.151433,4,16.735859
-5098.589523,3,16.739859
-5625.722061,4,16.745981
343.435252,5,16.753984
-5625.72381,4,16.75898
374.287849,4,16.76498
-5656.576504,5,16.77098
343.438928,5,16.778985
901.424914,3,16.784983
-5656.575883,5,16.791489
343.432675,5,16.799489
-5098.586351,3,16.802489
343.428894,5,16.811491
9343.425321,5,16.818793
-5098.587231,3,16.822794
-5656.57482,5,16.831225
374.306494,4,16.837225
-5576.726746,3,16.842227
343.440018,5,16.850224
343.440352,5,16.858227
-20588.839543,4,16.864224
343.430508,5,16.870224
343.441054,5,16.877228
-5539.855634,3,16.881227
-5625.720721,4,16.886227
-5098.585134,3,16.89122
-5588.847645,4,16.898567
-5656.569705,5,16.907639
-5625.719901,4,16.913008
-5539.855691,3,16.917008
-5656.577267,5,16.927008
423.284008,3,16.931007
392.429024,4,16.936007
920.14984,3,16.941007
-5116.725971,3,16.945007
-5588.855229,4,16.952007
343.444907,5,16.958174
-5079.854713,3,16.963175
9423.275987,3,16.967174
-20656.571461,5,16.974326
-5625.723805,4,16.980325
-5539.856281,3,16.985325
-5656.579841,5,16.992842
9460.148001,3,16.997838
411.156907,4,17.002841
343.433314,5,17.012838
9442.001806,3,17.017838
852.440222,4,17.022838
411.169021,4,17.030838
852.424506,4,17.036838
-5098.587077,3,17.040838
343.441891,5,17.047911
-5147.585126,4,17.05292
-5656.584358,5,17.06092
-5656.568361,5,17.066919
-5147.572873,4,17.071919
-20147.570353,4,17.078036
-5625.72442,4,17.084036
-5656.581507,5,17.091646
-5607.576369,4,17.0977
-5147.583293,4,17.1027
343.42994,5,17.109592
-20588.83969,4,17.114591
-5557.998003,3,17.118592
-5607.582714,4,17.123591
-20656.554349,5,17.13159
343.445172,5,17.14214
-5147.578853,4,17.155191
343.439557,5,17.162187
9343.416362,5,17.168187
-5557.989177,3,17.173187
374.28439,4,17.178191
-5116.722981,3,17.182191
343.427322,5,17.188699
9920.143176,3,17.193704
343.469668,5,17.201704
-5116.725392,3,17.205704
-5147.586245,4,17.211172
-5557.989648,3,17.215172
-5098.587316,3,17.218172
-5098.588473,3,17.222172
343.45417,5,17.229214
343.432943,5,17.235572
-5116.727247,3,17.240946
883.27846,3,17.24496
-5116.72057,3,17.253067
411.172541,4,17.259065
-5656.570999,5,17.265065
-5656.575096,5,17.271066
-5079.858448,3,17.275155
-5576.724906,3,17.279155
-5607.57983,4,17.285154
9374.274344,4,17.28966
9852.419278,4,17.29466
-5588.842943,4,17.300666
-5656.577434,5,17.30879
343.465794,5,17.316788
-5079.857026,3,17.320788
343.464209,5,17.327788
-5607.575793,4,17.333788
9411.152658,4,17.339791
-5116.724489,3,17.34479
9423.274871,3,17.349788
852.433428,4,17.354789
883.289846,3,17.358789
-5116.723814,3,17.365788
9852.426859,4,17.370788
-5098.586754,3,17.374795
883.278554,3,17.378794
-5079.85564,3,17.382794
374.284359,4,17.38831
343.428253,5,17.396137
343.440382,5,17.40215
-5098.584264,3,17.406151
392.440026,4,17.41215
343.435541,5,17.41815
343.45799,5,17.42515
9392.412702,4,17.43015
852.433499,4,17.43515
-5557.996504,3,17.439151
392.424797,4,17.44515
-20656.563648,5,17.45215
-5656.574573,5,17.45952
374.287783,4,17.46652
-5656.572141,5,17.475539
-5098.588413,3,17.479539
-5147.587402,4,17.485539
-20655.596884,5,17.49304
-5147.580892,4,17.49904
-5625.719668,4,17.506649
-5116.728277,3,17.511065
343.455527,5,17.518068
-5079.855714,3,17.522065
343.446711,5,17.52923
9920.142457,3,17.533231
-5539.855894,3,17.53623
-5656.575952,5,17.543357
9343.425337,5,17.549357
-5607.5829,4,17.554357
852.451023,4,17.559469
-5116.726016,3,17.563596
-20588.847994,4,17.568609
343.475183,5,17.575637
-5656.572493,5,17.584646
883.283315,3,17.588646
374.288147,4,17.594153
343.433201,5,17.602153
883.27974,3,17.606153
-5607.581462,4,17.613153
9920.143487,3,17.617152
-5656.579775,5,17.623153
852.433597,4,17.629153
411.154935,4,17.634153
9392.41528,4,17.639153
852.434408,4,17.645152
-5607.58148,4,17.651153
852.427936,4,17.657152
-5079.856051,3,17.661153
-5147.584296,4,17.667152
-5098.586513,3,17.671154
-5625.722653,4,17.67728
-5576.725931,3,17.68128
-5539.856253,3,17.689786
883.27974,3,17.694787
343.435192,5,17.702201
-5656.583709,5,17.710198
-5625.720493,4,17.716198
-5557.994616,3,17.721198
-5576.727448,3,17.725712
343.457953,5,17.733715
-5656.575067,5,17.741714
343.447204,5,17.748746
-5656.578987,5,17.756786
-5656.568541,5,17.764832
-5098.583303,3,17.769732
-5656.581366,5,17.777356
9423.277057,3,17.782357
-5079.856357,3,17.787369
-5147.583055,4,17.792886
9411.151428,4,17.801884
343.435467,5,17.809883
343.440518,5,17.817391
-20656.566309,5,17.825901
343.423473,5,17.835044
-5625.719727,4,17.841141
852.435757,4,17.848559
-5557.9939,3,17.852557
460.154555,3,17.857653
-5625.721519,4,17.864651
-5656.579986,5,17.871651
392.434508,4,17.878796
-5098.585998,3,17.882796
-5656.580539,5,17.890306
343.428445,5,17.898489
9343.420667,5,17.910489
9343.423193,5,17.918489
-5576.72316,3,17.923492
-5576.725023,3,17.92749
-5116.726832,3,17.932489
9343.433852,5,17.940495
-5147.585205,4,17.946489
-5625.722028,4,17.95249
343.436044,5,17.960588
-5588.849826,4,17.966588
343.428714,5,17.974597
-5147.586221,4,17.979597
852.42689,4,17.984597
9442.004223,3,17.987596
852.421931,4,17.995111
343.451068,5,18.00311
343.427173,5,18.011921
343.436854,5,18.02192
-5116.719982,3,18.027049
-5656.582456,5,18.033304
343.433235,5,18.041422
-5588.851009,4,18.047422
343.437236,5,18.055421
411.166339,4,18.061422
-5557.995857,3,18.066421
-20656.544825,5,18.074424
9343.418228,5,18.081424
-5656.575289,5,18.089931
392.423117,4,18.095931
392.430193,4,18.10193
-5116.727211,3,18.106931
-5607.581885,4,18.112931
392.42552,4,18.118932
-5607.581904,4,18.127932
-5539.856895,3,18.132931
343.437791,5,18.141418
-5625.722515,4,18.146846
883.278554,3,18.151846
9343.417743,5,18.159151
-5576.726582,3,18.163153
374.280194,4,18.169287
-5539.855644,3,18.173373
411.160215,4,18.18447
-5557.995469,3,18.189983
-5147.581769,4,18.197981
901.425896,3,18.202981
-5116.723978,3,18.208981
-5576.72714,3,18.215337
-5656.576213,5,18.224337
901.445141,3,18.229345
852.425807,4,18.238347
343.429565,5,18.246344
343.430527,5,18.253349
883.279168,3,18.258487
-5079.851903,3,18.263495
-5147.586202,4,18.26964
343.441084,5,18.277742
392.424082,4,18.283744
343.430765,5,18.291789
343.437254,5,18.299788
-5656.580774,5,18.307904
-5588.852074,4,18.313914
-5576.723153,3,18.318914
343.485579,5,18.326914
374.286254,4,18.333215
442.011127,3,18.338224
-5098.585745,3,18.342224
852.427953,4,18.351459
-5656.576822,5,18.359699
-5147.57986,4,18.365696
343.439402,5,18.373698
-5116.727664,3,18.378845
9343.420116,5,18.385845
-20625.712341,4,18.392351
343.426383,5,18.400351
-5656.574314,5,18.408353
343.449201,5,18.417898
9423.2701,3,18.4219
343.431733,5,18.430096
-20656.5733,5,18.437734
392.436604,4,18.443945
-5656.579683,5,18.455046
-5656.567127,5,18.463046
343.431337,5,18.470307
-20656.557334,5,18.478309
343.443674,5,18.486308
343.432845,5,18.493815
343.427701,5,18.501827
392.428435,4,18.514921
9920.143304,3,18.519921
-5607.582213,4,18.526051
-5116.724785,3,18.532047
-5079.855322,3,18.536047
-5147.583699,4,18.541048
-20116.720664,3,18.545054
-5607.577109,4,18.550054
-5539.847735,3,18.554054
901.419416,3,18.558054
-5098.588511,3,18.565554
-5607.581306,4,18.571748
852.423813,4,18.577755
9374.277614,4,18.583753
-5625.720459,4,18.59026
-20656.562406,5,18.597259
9883.275889,3,18.601259
920.163965,3,18.605259
9411.157085,4,18.610658
852.426595,4,18.617658
-5079.858589,3,18.621658
392.433304,4,18.627661
-5607.581009,4,18.633964
-5098.5859,3,18.638966
-5656.572386,5,18.646964
343.4328,5,18.653964
-20607.574823,4,18.660281
-5656.583852,5,18.668681
343.45794,5,18.68001
-5607.580198,4,18.687013
-5576.72871,3,18.691664
-5539.855907,3,18.695676
-5098.58291,3,18.69968
9852.414658,4,18.704821
343.44234,5,18.712925
-5098.589933,3,18.716926
343.441698,5,18.724927
343.43189,5,18.732929
920.16087,3,18.736933
883.283447,3,18.743434
901.425405,3,18.748546
-5656.571134,5,18.757548
343.426364,5,18.766546
392.429889,4,18.773546
-5116.721261,3,18.78082
9423.276088,3,18.785828
9343.418848,5,18.793474
343.434484,5,18.80093
343.434766,5,18.808072
9423.271794,3,18.813069
-5576.721987,3,18.818069
343.429828,5,18.825191
392.440026,4,18.831518
-5098.585772,3,18.83719
-20147.579066,4,18.843227
423.287722,3,18.849275
-5656.5785,5,18.857297
343.436041,5,18.864459
411.153185,4,18.870459
374.290132,4,18.876763
-5656.57005,5,18.884762
-5607.581678,4,18.89384
343.437598,5,18.901015
343.43758,5,18.909014
-5656.573687,5,18.917039
343.430605,5,18.924055
852.422714,4,18.930054
374.294656,4,18.936054
374.293621,4,18.942053
-5557.997041,3,18.946053
852.430526,4,18.951054
-5607.573473,4,18.957054
-5079.852822,3,18.961053
-5656.577815,5,18.968054
423.277872,3,18.972053
-5656.574974,5,18.97806
-5557.993001,3,18.98306
-5116.723875,3,18.987061
374.286701,4,18.992575
-5147.577766,4,18.997574
-5588.852416,4,19.006741
343.44393,5,19.014861
343.437881,5,19.022859
-5098.584527,3,19.026859
9901.413619,3,19.031859
9411.148169,4,19.037864
343.442133,5,19.045949
343.557774,5,19.053958
-5539.857003,3,19.057961
-20625.71136,4,19.064273
9343.417642,5,19.072276
9460.144075,3,19.077458
-5557.99626,3,19.081495
-5147.586141,4,19.087493
-5079.855714,3,19.093218
9423.272798,3,19.097273
-20656.570819,5,19.104273
9920.14673,3,19.112273
411.161059,4,19.117273
-5539.856298,3,19.121273
-5588.847574,4,19.127659
-5656.579722,5,19.133668
-5557.995609,3,19.137668
-5539.857424,3,19.142754
-5576.726319,3,19.147754
343.447412,5,19.155756
-5557.997048,3,19.159755
9343.412861,5,19.167753
-5607.576944,4,19.173753
-5147.583984,4,19.179757
-5557.993666,3,19.183757
9343.416458,5,19.191975
343.425474,5,19.199991
9883.273831,3,19.204092
-5557.995963,3,19.209095
883.28881,3,19.2145
-5607.581412,4,19.222883
852.426526,4,19.229883
-20656.562748,5,19.236883
-5079.853545,3,19.240883
392.424704,4,19.245783
9442.005747,3,19.249933
9920.146526,3,19.25412
-20588.837805,4,19.260121
392.429901,4,19.26612
852.435199,4,19.27312
9901.411808,3,19.277125
9374.275577,4,19.284126
374.28931,4,19.290126
9852.418863,4,19.29668
9411.141172,4,19.303678
411.151392,4,19.309678
-5656.577553,5,19.317679
-5098.586918,3,19.322679
9343.427959,5,19.333106
343.432693,5,19.341503
-5557.997276,3,19.345595
-5656.584806,5,19.353599
343.437659,5,19.360594
-5588.854198,4,19.366594
-5116.724705,3,19.371595
-5656.578933,5,19.379598
343.431887,5,19.387598
-5079.855101,3,19.392107
-5607.588198,4,19.398106
-20098.581471,3,19.403105
343.448383,5,19.411106
-20656.569067,5,19.418106
9392.417837,4,19.424496
343.426402,5,19.432508
852.424936,4,19.441628
343.46064,5,19.449644
-5079.856914,3,19.454967
-5607.579284,4,19.46149
-5588.851965,4,19.467654
-5576.724362,3,19.472699
-5656.570101,5,19.48016
343.437171,5,19.48816
-5656.577483,5,19.496257
-5539.858207,3,19.501258
-5539.856728,3,19.505257
9343.422597,5,19.513401
-5625.72381,4,19.519397
-5557.997369,3,19.524778
-5656.573882,5,19.532793
-5625.72438,4,19.538829
-20625.712177,4,19.547828
-20656.567102,5,19.555828
-5656.570916,5,19.563827
-20147.571097,4,19.569828
-5656.570897,5,19.57749
-5588.854155,4,19.583703
-5656.575483,5,19.591848
-5147.581832,4,19.597873
343.427927,5,19.603873
-5588.853621,4,19.609873
-5607.57774,4,19.615873
-5557.997449,3,19.620873
-20656.567499,5,19.628873
-5588.854003,4,19.634873
-5147.583631,4,19.641116
-20656.571965,5,19.647122
-5588.853808,4,19.652122
374.381584,4,19.661123
-5656.581722,5,19.669122
-5656.581173,5,19.67748
-5656.574862,5,19.68448
-5576.728577,3,19.68949
343.426825,5,19.697007
-5116.723763,3,19.70201
-5116.725236,3,19.707009
9920.143262,3,19.711007
-5147.582842,4,19.718011
-5079.855061,3,19.722008
-5147.57895,4,19.729007
-5079.855813,3,19.733007
852.427713,4,19.739009
-5625.72509,4,19.746007
374.283139,4,19.752233
-5656.582976,5,19.760233
343.460371,5,19.770973
-20607.571496,4,19.777102
392.42729,4,22.11779
-5557.991456,3,22.122988
9392.417009,4,22.129576
343.430151,5,22.136439
-5098.58654,3,22.140439
392.434334,4,22.145752
-20116.719112,3,22.149752
9883.271435,3,22.153752
-5557.99466,3,22.157752
9460.143124,3,22.162752
-20656.565048,5,22.170755
-5098.583389,3,22.174752
9374.278131,4,22.182755
-5588.851253,4,22.189755
9374.281015,4,22.196263
9374.275777,4,22.202263
343.4768,5,22.209642
-5147.580221,4,22.216143
411.169107,4,22.222142
852.427279,4,22.228142
343.456603,5,22.236143
-5116.722271,3,22.241344
-5656.573295,5,22.248353
343.448824,5,22.256126
-5098.587933,3,22.261217
-5576.72444,3,22.265217
-5098.583451,3,22.270221
392.428086,4,22.277225
-5079.854777,3,22.281228
343.499251,5,22.292228
-5116.722365,3,22.297738
852.430565,4,22.303268
343.430194,5,22.311641
343.43656,5,22.318642
9343.417619,5,22.326641
-5098.58969,3,22.331641
-5607.580016,4,22.337643
-5588.849275,4,22.344641
-5656.58426,5,22.35164
9343.433969,5,22.35864
-5588.852229,4,22.36464
9460.143421,3,22.36864
343.433301,5,22.375641
-5607.58479,4,22.38065
-5079.856237,3,22.384647
852.422423,4,22.389647
-5116.724924,3,22.394154
-5079.85698,3,22.40216
-20656.562532,5,22.409304
343.436906,5,22.417375
-5576.726706,3,22.422375
-5147.587109,4,22.428375
-5576.728202,3,22.432375
883.294898,3,22.436377
-5656.582954,5,22.443378
374.331849,4,22.449376
-5557.995328,3,22.454376
343.433496,5,22.462376
374.305378,4,22.468376
-5147.585732,4,22.475376
-5557.988519,3,22.47938
9901.417302,3,22.484378
9343.421191,5,22.492379
-5098.588572,3,22.496889
374.283187,4,22.505904
9392.417123,4,22.512328
-5539.855925,3,22.517763
343.432875,5,22.524663
9920.14151,3,22.529661
-5656.580902,5,22.537861
-5147.581505,4,22.544452
343.466064,5,22.552451
-5116.721741,3,22.556451
343.434685,5,22.564451
-5079.855172,3,22.56945
9343.417166,5,22.576451
-5147.582816,4,22.583454
-5656.567324,5,22.600585
-5656.583168,5,22.608593
-20656.555892,5,22.618636
-5147.583906,4,22.625127
392.426545,4,22.632125
-5656.574251,5,22.640528
-20147.571465,4,22.647632
343.431234,5,22.65463
-20607.576406,4,22.660631
9411.14546,4,22.66705
-5656.578679,5,22.67505
-5607.569989,4,22.680054
920.153646,3,22.685054
-5656.579127,5,22.692054
-5557.997369,3,22.696565
852.425486,4,22.701564
-5079.858485,3,22.705564
-5656.577635,5,22.713564
-5625.716438,4,22.719564
374.282033,4,22.728564
343.437073,5,22.736564
-5116.721825,3,22.742566
-5116.724147,3,22.747571
343.431781,5,22.75555
-5576.724276,3,22.760666
-5079.856492,3,22.765666
-5656.572987,5,22.77318
-5588.853594,4,22.779299
9392.412879,4,22.785299
392.435774,4,22.79192
-5539.85747,3,22.796428
423.282633,3,22.801431
-5607.58116,4,22.808056
-20656.573008,5,22.81607
343.428656,5,22.822582
423.291234,3,22.827735
-5656.578447,5,22.838291
343.446226,5,22.846294
343.428674,5,22.854294
-5576.726445,3,22.859291
9343.423609,5,22.866291
-5607.585572,4,22.872292
343.436249,5,22.880294
374.280479,4,22.886293
883.278798,3,22.890296
-5116.727574,3,22.895802
343.432217,5,22.902801
9901.415816,3,22.907801
-5147.585403,4,22.913801
9920.144991,3,22.918801
343.445006,5,22.925801
343.42863,5,22.933802
-5656.580028,5,22.943952
-20147.572778,4,22.949954
-5656.573187,5,22.955951
343.431665,5,22.963238
9392.417549,4,22.969237
9343.43673,5,22.977247
343.457612,5,22.984251
-5557.998842,3,22.989253
9442.004844,3,22.994193
343.520393,5,23.001192
-5625.72001,4,23.008671
-5656.582164,5,23.016676
901.423662,3,23.021678
-5588.853143,4,23.027835
-5098.582947,3,23.031837
-5116.725644,3,23.036837
9343.423733,5,23.044833
343.476226,5,23.055836
-20656.568832,5,23.063833
392.451531,4,23.069834
-20625.710261,4,23.075832
343.428009,5,23.082836
-5539.857072,3,23.086986
-5656.581649,5,23.095013
-5147.584094,4,23.101013
9901.411822,3,23.106013
-5098.587384,3,23.110098
343.523419,5,23.117099
-5576.728855,3,23.122099
-5116.728289,3,23.1271
9411.149744,4,23.134438
-5656.581454,5,23.141438
-5539.852904,3,23.146595
374.283425,4,23.152594
-5607.578484,4,23.158594
-20576.722021,3,23.166594
-5557.999682,3,23.170594
9920.14239,3,23.175594
-5079.850057,3,23.180597
-5576.72812,3,23.184597
-5098.586236,3,23.188597
343.447327,5,23.195105
-5588.853481,4,23.200105
-5557.994804,3,23.204105
-5656.573808,5,23.211106
-5625.718122,4,23.217105
-5656.572863,5,23.225108
-20656.565287,5,23.233106
-5588.850652,4,23.239109
343.443513,5,23.248273
-5576.722398,3,23.253272
-5607.583662,4,23.259399
343.43462,5,23.266399
9920.14098,3,23.274404
411.160793,4,23.280405
-5625.721627,4,23.286404
-5147.578478,4,23.293889
9392.424351,4,23.299399
9883.274973,3,23.304402
-5079.852239,3,23.308801
-5557.996827,3,23.313801
-20625.711999,4,23.319801
-5557.99688,3,23.323801
-5079.854183,3,23.327801
343.426387,5,23.33581
9920.143037,3,23.339809
-5576.727256,3,23.344809
-5098.584127,3,23.348809
9920.146315,3,23.352809
-5576.723391,3,23.356809
343.446048,5,23.36381
9460.143347,3,23.368813
-5098.586577,3,23.373151
9392.411637,4,23.380586
343.425297,5,23.391238
901.420752,3,23.395754
-20588.843201,4,23.401754
-5539.855774,3,23.405754
920.150123,3,23.410754
-5625.72425,4,23.416754
-5576.723967,3,23.420754
-5656.57715,5,23.428878
343.431858,5,23.436877
343.433665,5,23.443878
343.427681,5,23.450878
920.147636,3,23.454878
-5607.580297,4,23.460878
343.476483,5,23.467368
9460.14345,3,23.471368
-5607.581449,4,23.477868
411.153582,4,23.482874
343.436186,5,23.488873
343.434647,5,23.498912
9343.416241,5,23.506914
-5588.855101,4,23.513057
-5098.587543,3,23.518056
-20607.567804,4,23.524061
343.427481,5,23.532059
9901.412261,3,23.536059
9343.423732,5,23.544056
343.44503,5,23.551056
-5588.84777,4,23.557057
-20656.548002,5,23.565056
-5656.571898,5,23.573057
-5116.727344,3,23.578059
423.28572,3,23.582061
-5557.997667,3,23.587062
-5656.568586,5,23.597059
-5656.57581,5,23.606059
374.282849,4,23.612059
-20098.580784,3,23.617059
9343.426816,5,23.625059
-5079.853274,3,23.630059
-5625.725473,4,23.636059
374.285646,4,23.642059
343.434226,5,23.649059
-5147.580379,4,23.655059
9343.420871,5,23.663059
-5147.579924,4,23.669523
-5116.728605,3,23.674526
-5576.72281,3,23.678525
-5588.850514,4,23.684531
-5539.856114,3,23.68853
852.447521,4,23.695145
343.423666,5,23.703265
-5147.581141,4,23.709379
-20656.575775,5,23.720378
-5625.724792,4,23.726377
-5557.997847,3,23.730624
-5607.581482,4,23.736637
883.283879,3,23.739638
343.427428,5,23.747178
343.423259,5,23.754178
-5588.856089,4,23.761177
-5557.996203,3,23.765177
-5625.722507,4,23.772177
-5607.57966,4,23.777822
-5557.994176,3,23.782843
-5607.577285,4,23.788856
-5539.85366,3,23.794361
-5539.853116,3,23.798365
-5656.577227,5,23.806365
374.281476,4,23.814367
343.434182,5,23.822366
-5576.726842,3,23.830496
374.307091,4,23.836496
-5576.726276,3,23.841624
-5116.725072,3,23.846621
-5625.720673,4,23.852621
343.437101,5,23.860739
852.431018,4,23.866739
-5576.717781,3,23.871739
411.167871,4,23.876739
343.460534,5,23.883742
-5607.581018,4,23.888742
-20147.57749,4,23.894245
-5576.725622,3,23.899249
460.153604,3,23.903249
343.433271,5,23.911364
9343.423384,5,23.918364
343.445719,5,23.925338
9460.140918,3,23.930335
343.433676,5,23.940751
343.424894,5,23.947145
-20656.564439,5,23.953632
9442.003058,3,23.958641
-5656.568587,5,23.964641
-5656.580777,5,23.97164
-5576.72628,3,23.976665
-5116.722271,3,23.981667
901.428079,3,23.986666
-5079.855656,3,23.990672
-5656.579447,5,23.999179
343.437977,5,24.007025
-5576.724318,3,24.012023
343.431642,5,24.020023
343.432058,5,24.028266
-5656.578994,5,24.035266
-5607.581487,4,24.040268
-5607.580274,4,24.050276
343.459851,5,24.058277
9460.143603,3,24.063276
392.421991,4,24.068275
343.437233,5,24.075279
-5116.725874,3,24.081486
9920.14365,3,24.086491
442.02446,3,24.091732
-5557.994647,3,24.096242
-5557.99277,3,24.101242
-5607.588202,4,24.107717
-5656.582149,5,24.11487
-5656.580891,5,24.122871
-5147.583934,4,24.129265
-20656.572051,5,24.138053
343.425295,5,24.145339
-5116.726022,3,24.150339
343.431398,5,24.161339
-20607.574311,4,24.168339
-5625.721074,4,24.174338
9852.418948,4,24.17934
883.28166,3,24.18334
9901.413637,3,24.18734
9883.273798,3,24.192342
-5098.586896,3,24.196848
343.436582,5,24.20485
-20656.569577,5,24.212849
-5625.724308,4,24.218849
-5656.573322,5,24.225849
-20607.57497,4,24.23285
-5607.581071,4,24.23885
-5116.722343,3,24.244434
-5656.570375,5,24.250448
392.42615,4,24.255625
-20656.567892,5,24.263793
-5539.857693,3,24.270793
-5147.582963,4,24.27798
-5098.584754,3,24.281984
852.448866,4,24.288261
343.44707,5,24.295782
9883.275209,3,24.300784
9920.144794,3,24.305791
9374.280727,4,24.312218
-20656.568892,5,24.319218
-20147.569076,4,24.325218
-5576.720103,3,24.330218
-5147.580274,4,24.336226
343.430111,5,24.343689
-5539.858424,3,24.348982
343.442207,5,24.355982
343.435181,5,24.364503
9392.422415,4,24.370506
901.419514,3,24.378436
374.286595,4,24.385444
392.46109,4,24.391675
-20656.570445,5,24.399195
-5607.588011,4,24.405195
-5656.575738,5,24.413196
-20588.84856,4,24.419196
-5079.855403,3,24.42433
9920.147459,3,24.42934
-5079.858469,3,24.43334
343.4297,5,24.441672
-5116.72317,3,24.44567
-5656.574632,5,24.453673
-5656.574271,5,24.461715
-5607.585679,4,24.467715
343.433696,5,24.475714
-5625.72086,4,24.481718
-5079.852024,3,24.489717
9343.4221,5,24.497223
343.422066,5,24.504224
343.426737,5,24.511224
374.285454,4,24.516224
-5656.574186,5,24.523464
-20147.568006,4,24.529475
9392.419104,4,24.535705
-5656.581374,5,24.543071
9460.145246,3,24.54895
-5116.725093,3,24.552959
-5656.583185,5,24.561293
852.430446,4,24.568292
-5588.853943,4,24.575292
-5625.721826,4,24.581436
-20656.557537,5,24.589436
852.426488,4,24.598728
374.294436,4,24.60473
343.441735,5,24.612
343.447853,5,24.620034
9343.421988,5,24.628034
852.424271,4,24.634033
343.430537,5,24.642034
-5539.85687,3,24.646034
392.421884,4,24.651034
-5539.857209,3,24.655033
9901.416814,3,24.659034
343.43201,5,24.667033
-5079.850563,3,24.671035
9374.276436,4,24.678061
343.443591,5,24.685064
-5576.726578,3,24.690217
9343.421988,5,24.698604
343.434909,5,24.709603
-5625.716426,4,24.715603
374.283066,4,24.721981
883.285517,3,24.726398
-5656.570503,5,24.734397
-5539.855118,3,24.739398
343.433069,5,24.746839
9423.271458,3,24.751834
-5656.580286,5,24.759964
-5147.581649,4,24.765964
9920.145116,3,24.770967
-5607.579657,4,24.777472
-5079.859224,3,24.781477
-5625.720142,4,24.787933
-20656.566525,5,24.794034
-5539.856729,3,24.798038
-5656.576242,5,24.806038
9374.280881,4,24.811038
-5588.853611,4,24.82063
-20656.576483,5,24.827905
343.433491,5,24.835733
-5079.854046,3,24.839764
-5576.722933,3,24.845133
-5116.719922,3,24.850134
-5588.847649,4,24.856133
-5539.856908,3,24.860317
9343.417433,5,24.866317
-5625.725608,4,24.871317
9343.42054,5,24.878316
-5098.587055,3,24.88332
-20656.573415,5,24.89132
-5557.99233,3,24.895829
-5147.576674,4,24.901829
-20656.576836,5,24.909829
-5656.57471,5,24.916829
9920.143785,3,24.924832
852.433487,4,24.930829
-5098.583025,3,24.935829
411.166099,4,24.942837
-5147.582307,4,24.947837
343.427134,5,24.954836
9423.276642,3,24.958836
-5656.57731,5,24.966836
9343.428974,5,24.974836
9442.001583,3,24.978836
-20656.527529,5,24.98684
-5539.856067,3,24.991839
-5116.728043,3,24.996345
901.424914,3,25.001346
-5079.858992,3,25.006346
-20607.57319,4,25.012345
-5098.585283,3,25.017346
9423.275651,3,25.022346
-5588.852874,4,25.028345
374.292535,4,25.037346
-5116.726034,3,25.042624
883.284582,3,25.046633
-5576.726149,3,25.051953
-5607.581953,4,25.0574
-5656.57088,5,25.065696
-5116.722206,3,25.070695
343.429623,5,25.077829
-5625.723638,4,25.084256
-5625.718142,4,25.090382
9343.43975,5,25.098744
374.289166,4,25.104744
-5079.856887,3,25.10892
852.427352,4,25.114919
-5116.724928,3,25.11992
-5539.857735,3,25.124922
-20607.569846,4,25.130058
9343.415212,5,25.138058
-5147.581271,4,25.147549
9343.422221,5,25.155632
343.428857,5,25.163987
-5116.727033,3,25.168985
392.427845,4,25.174987
343.43065,5,25.181988
-5539.857848,3,25.186987
-5656.577736,5,25.194571
9460.142799,3,25.199576
-5588.849738,4,25.205673
392.429477,4,25.211776
-5539.852372,3,25.216776
852.425782,4,25.222776
9343.418691,5,25.230231
343.430892,5,25.238231
343.452818,5,25.245409
9343.437626,5,25.256417
343.430171,5,25.263906
374.283151,4,25.270933
411.153843,4,25.277932
-5607.583228,4,25.283935
343.441062,5,25.291935
374.293034,4,25.298976
-5625.718503,4,25.304976
343.43134,5,25.312509
-5557.999058,3,25.323585
392.423954,4,25.330584
9423.272479,3,25.334584
343.428113,5,25.342802
343.430074,5,25.350809
9343.419498,5,27.733164
9852.420294,4,27.739164
9343.428944,5,27.747168
852.430938,4,27.754167
411.149706,4,27.761265
343.437258,5,27.769273
-5116.722821,3,27.773273
343.433951,5,27.781595
-5625.718991,4,27.790709
374.301619,4,27.798232
852.43208,4,27.804232
-5079.851666,3,27.809584
901.426082,3,27.813833
-5098.587874,3,27.818833
-5656.573733,5,27.827084
392.425454,4,27.833084
-5607.581103,4,27.840084
-20116.71897,3,27.844348
852.434851,4,27.85146
-5607.579809,4,27.857468
-5079.842455,3,27.86379
-5607.577919,4,27.8698
-5656.573094,5,27.878358
-5588.854308,4,27.884375
-20656.548279,5,27.896
9392.418545,4,27.902005
-5607.584923,4,27.908007
9442.006076,3,27.913013
343.435335,5,27.920493
-5576.726546,3,27.926192
-5079.856679,3,27.931192
883.297113,3,27.935192
-5098.585279,3,27.940192
-5539.857284,3,27.945444
852.444945,4,27.951444
-5576.726819,3,27.955444
-5588.85113,4,27.963028
392.429147,4,27.969028
-5079.85218,3,27.974027
-5656.57621,5,27.981027
-5576.728415,3,27.98603
-5557.998978,3,27.99003
9343.42033,5,27.998006
-5557.996386,3,28.006153
343.473255,5,28.015153
392.425316,4,28.021153
-5116.725301,3,28.026153
-20607.556809,4,28.032153
343.43827,5,28.039704
9423.276172,3,28.048866
-5588.852281,4,28.054971
343.437214,5,28.064113
-5079.851203,3,28.069112
-20656.557595,5,28.078113
9442.003117,3,28.083117
-5656.58282,5,28.090116
9411.149587,4,28.097101
343.438391,5,28.105101
343.43378,5,28.112583
9901.411994,3,28.121364
9442.004833,3,28.126364
9920.144976,3,28.131746
-5079.859758,3,28.136745
343.42725,5,28.144338
-5557.994791,3,28.150612
-5656.572248,5,28.160611
-5557.995674,3,28.16461
343.454018,5,28.17261
-5116.725686,3,28.178257
-5625.717547,4,28.18426
-5588.850485,4,28.191357
9901.416527,3,28.196863
-5607.585762,4,28.203868
-5539.856852,3,28.209301
343.430014,5,28.217401
901.423943,3,28.225317
9442.003779,3,28.230315
-5607.586636,4,28.236312
-5625.719693,4,28.243639
9392.416904,4,28.249639
-5147.586833,4,28.256638
-20656.56385,5,28.264638
9901.414024,3,28.269638
-5098.588851,3,28.276638
9343.41894,5,28.284641
-5576.726434,3,28.288817
-5147.583078,4,28.294817
-5079.855277,3,28.300325
-5607.577771,4,28.306324
-5656.574612,5,28.314324
-5656.578676,5,28.322324
-5656.572707,5,28.330325
-5147.578397,4,28.340325
-5656.574394,5,28.348324
343.434507,5,28.356325
-20607.575065,4,28.362324
411.154043,4,28.369325
-5656.576563,5,28.377482
-5116.725877,3,28.382685
-5116.723116,3,28.385684
-5557.991933,3,28.39069
-5079.853742,3,28.394686
-5625.722031,4,28.401205
343.438144,5,28.407655
343.424836,5,28.416694
-5607.580597,4,28.422695
-5607.578104,4,28.429952
-5656.571473,5,28.437951
-5147.581314,4,28.446951
-5539.857606,3,28.451951
343.434415,5,28.461208
-5656.571266,5,28.469207
-5656.574178,5,28.47699
852.421056,4,28.483316
392.425086,4,28.489318
-5539.851573,3,28.495316
-5116.727097,3,28.499826
-5079.855183,3,28.503826
343.42739,5,28.511829
392.431643,4,28.518826
-5625.716582,4,28.523826
-5656.579761,5,28.531825
374.283776,4,28.537826
-5607.584476,4,28.544826
9343.425312,5,28.555059
-20079.844278,3,28.560057
-5588.847548,4,28.56706
852.432538,4,28.573057
343.439689,5,28.581057
-5557.994399,3,28.58506
-20625.715292,4,28.59006
9343.425506,5,28.598567
-20656.549639,5,28.605567
901.420943,3,28.610567
-5116.724071,3,28.615688
-5656.57695,5,28.622696
-5625.72529,4,28.629696
-5079.856378,3,28.634696
-5656.576668,5,28.642697
-5116.721209,3,28.647658
883.279953,3,28.652659
343.424932,5,28.663071
343.434799,5,28.671206
343.438682,5,28.678613
442.016179,3,28.682617
343.452888,5,28.689617
9392.416491,4,28.696617
-5576.723631,3,28.701127
-20656.57041,5,28.709675
-5656.58101,5,28.716864
852.426631,4,28.722864
9374.284638,4,28.729537
-5539.854,3,28.734537
-20656.562225,5,28.742541
-20656.564317,5,28.750539
-5625.720762,4,28.757546
9343.418691,5,28.765904
9392.418578,4,28.774911
-5098.587332,3,28.779912
852.437796,4,28.785915
-5557.993469,3,28.790354
-5656.576683,5,28.798877
-20588.846232,4,28.804877
343.440572,5,28.813219
343.431735,5,28.821218
852.428849,4,28.827497
-20588.838032,4,28.832537
-5656.576299,5,28.838537
-5656.562953,5,28.847537
392.437311,4,28.854536
-5588.851836,4,28.861537
423.293359,3,28.866537
9423.270736,3,28.871537
374.283261,4,28.877954
-20656.57059,5,28.888069
-5656.571293,5,28.895552
392.423908,4,28.90206
-5116.722916,3,28.90719
-5557.995089,3,28.912322
-20147.556893,4,28.918323
-5656.583752,5,28.925325
-5656.56878,5,28.934268
9343.41658,5,28.942429
883.282688,3,28.947468
-20656.570162,5,28.954468
-5656.578456,5,28.9633
343.431275,5,28.9713
9901.411072,3,28.9763
9920.151549,3,28.981299
9883.275745,3,28.986303
-5656.579751,5,28.998101
-5656.574607,5,29.0051
343.431403,5,29.013316
9343.415664,5,29.021317
-5539.857331,3,29.025794
9343.435809,5,29.033793
343.448921,5,29.041793
9374.284861,4,29.047793
-5557.998789,3,29.052793
-5588.854502,4,29.059793
-5539.854998,3,29.064793
-5116.726716,3,29.068795
9423.273347,3,29.072793
411.15572,4,29.078794
-5607.578251,4,29.084801
343.427608,5,29.092802
-5656.579221,5,29.103307
343.42871,5,29.11099
-20079.843372,3,29.116326
9852.419958,4,29.122352
9343.417967,5,29.130318
9423.274116,3,29.134463
374.294839,4,29.140468
9852.42335,4,29.147463
852.422015,4,29.152462
374.282621,4,29.158467
9392.418061,4,29.164463
9423.27362,3,29.168463
9343.423768,5,29.176884
9343.420784,5,29.184888
343.440014,5,29.192138
-20147.57474,4,29.198657
9392.413478,4,29.204657
883.283996,3,29.21332
-5116.725154,3,29.21832
343.447144,5,29.226678
-5656.56524,5,29.234677
9343.420745,5,29.242678
901.428699,3,29.247692
-5116.72896,3,29.252692
9852.415083,4,29.258194
-5147.58376,4,29.265664
-5557.993866,3,29.269664
-20656.574083,5,29.277664
343.447736,5,29.284671
9852.425738,4,29.291907
9374.274213,4,29.297661
-20607.574633,4,29.303666
343.434666,5,29.311665
9423.274859,3,29.319675
-5588.851211,4,29.326737
-5098.589528,3,29.331737
-5656.57472,5,29.339436
852.440505,4,29.345445
9442.004496,3,29.349619
-5557.994478,3,29.353628
-5607.575255,4,29.359721
-5539.855431,3,29.363719
-5116.722365,3,29.367872
-5539.854776,3,29.371875
-20656.571843,5,29.378871
392.422719,4,29.383993
343.439158,5,29.390996
411.154226,4,29.397972
343.432184,5,29.405979
9411.149214,4,29.413133
-5116.72717,3,29.418133
-5607.57825,4,29.424141
-5116.727353,3,29.432709
-5607.581888,4,29.43871
9460.143117,3,29.443861
9423.275606,3,29.448861
-5607.581882,4,29.454863
9343.42377,5,29.462807
-5656.575957,5,29.470807
-5098.586465,3,29.475808
-5557.991964,3,29.480807
9411.15135,4,29.487814
-5625.723107,4,29.493812
-20079.84933,3,29.499319
-5625.72298,4,29.505319
-5656.57861,5,29.513319
343.443518,5,29.521324
-5098.585151,3,29.52632
-5098.585254,3,29.531319
392.428492,4,29.540319
852.438891,4,29.546617
9883.278287,3,29.551619
343.433703,5,29.558905
9852.415073,4,29.564963
343.442602,5,29.572964
-5147.578803,4,29.578964
343.426441,5,29.585081
343.469603,5,29.592366
343.443828,5,29.59992
9442.004504,3,29.603922
343.430402,5,29.611956
-5625.713315,4,29.617959
-5656.580019,5,29.62596
343.448074,5,29.633959
343.433562,5,29.641962
-5607.581724,4,29.651955
374.283323,4,29.657956
343.4362,5,29.665955
9411.151534,4,29.671956
343.463416,5,29.68067
9883.274265,3,29.685673
-5098.589162,3,29.689673
-5656.574095,5,29.698992
-5147.57263,4,29.705992
374.289551,4,29.711992
852.418978,4,29.717991
-5625.718165,4,29.723992
-5607.587386,4,29.730991
9411.147316,4,29.736994
-5588.847192,4,29.743248
-5147.582534,4,29.750258
-5116.723825,3,29.75826
-5588.845469,4,29.764266
-5539.857182,3,29.769268
9411.143065,4,29.774893
-5098.586999,3,29.779891
374.298082,4,29.785899
852.436779,4,29.792898
-20656.573746,5,29.8008
343.437841,5,29.808325
343.434581,5,29.814323
9852.419826,4,29.820326
9423.273404,3,29.824326
343.453624,5,29.832479
374.28343,4,29.839478
343.442235,5,29.847482
343.43214,5,29.856225
-5625.718183,4,29.867731
343.430931,5,29.876803
343.428151,5,29.885836
-5576.716467,3,29.890839
343.429021,5,29.899694
9852.419992,4,29.90636
-5625.718889,4,29.913451
423.287251,3,29.917451
-5079.855649,3,29.922454
-5116.727815,3,29.927453
9343.410441,5,29.935452
9423.273073,3,29.940455
-5607.584605,4,29.947451
9343.41814,5,29.954451
-5147.580159,4,29.962165
-5588.857885,4,29.968168
411.154677,4,29.977824
343.431765,5,29.985847
-5656.572452,5,29.993045
343.44455,5,30.001555
-5576.727528,3,30.005553
343.439588,5,30.013814
-5588.851814,4,30.019813
-5557.998126,3,30.024964
9343.42917,5,30.032968
-5607.579989,4,30.038968
-5079.852513,3,30.04397
343.432585,5,30.050971
852.445119,4,30.05699
343.427582,5,30.06499
343.428758,5,30.072989
-5607.579362,4,30.079989
-20656.554741,5,30.090095
-5588.851999,4,30.097406
9343.423369,5,30.103919
-5079.855709,3,30.107924
-5656.574885,5,30.116318
374.294877,4,30.122315
-5147.579513,4,30.129555
-5625.723595,4,30.135554
9883.273549,3,30.139554
-5576.723884,3,30.145589
343.436353,5,30.153589
343.433,5,30.161863
920.155625,3,30.166859
343.438617,5,30.174363
9442.003363,3,30.179362
-5147.584183,4,30.186366
-5576.726292,3,30.194792
-5079.846959,3,30.1993
-5098.58044,3,30.2043
883.279897,3,30.209895
-5588.850055,4,30.216452
343.428102,5,30.223449
-20625.712862,4,30.230901
-5079.850714,3,30.235901
343.430884,5,30.243365
852.425245,4,30.250367
392.432447,4,30.255364
-5557.990831,3,30.260473
-20116.719105,3,30.265473
-5098.586166,3,30.270471
-5656.573597,5,30.277476
-5557.994684,3,30.282474
-5147.583959,4,30.288479
-5625.727025,4,30.29449
374.286629,4,30.303598
-5576.727212,3,30.307601
343.432972,5,30.316395
343.422311,5,30.32384
-5625.723207,4,30.331275
343.440285,5,30.337348
392.422544,4,30.344348
-5539.857016,3,30.349348
-5098.589004,3,30.354348
-5079.857287,3,30.358493
343.4531,5,30.366647
-20656.562864,5,30.373649
852.424737,4,30.380195
343.451725,5,30.388335
-5656.577662,5,30.396388
374.320359,4,30.402894
-5098.585082,3,30.409894
343.43929,5,30.417898
374.286731,4,30.424894
374.283081,4,30.430894
883.281111,3,30.435894
-5607.569116,4,30.441894
423.282325,3,30.446894
343.452158,5,30.454894
9901.41068,3,30.460101
-5625.72267,4,30.466105
-5656.580218,5,30.473259
343.439992,5,30.481515
9460.141247,3,30.486521
-5576.724565,3,30.490525
-5147.576783,4,30.498134
-5656.574715,5,30.504139
392.423175,4,30.510974
852.431531,4,30.519795
-5656.573661,5,30.527805
343.496941,5,30.535129
343.445953,5,30.542615
343.457161,5,30.550624
901.420239,3,30.554624
343.43611,5,30.562624
343.434325,5,30.570623
9343.432489,5,30.57897
852.433953,4,30.58512
-5098.586918,3,30.58812
852.423777,4,30.594853
-5588.851739,4,30.601995
343.442372,5,30.609185
-5588.850065,4,30.616196
852.420527,4,30.622196
411.15781,4,30.632196
-5625.723097,4,30.638196
343.434261,5,30.646636
883.284221,3,30.651634
-5147.583379,4,30.658119
-5588.851634,4,30.664371
-5079.852038,3,30.668371
343.432338,5,30.675371
392.43433,4,30.682674
-5607.585782,4,30.688806
9442.006207,3,30.693787
-5098.583334,3,30.699282
-5098.583889,3,30.702754
-5607.579743,4,30.709187
343.430849,5,30.717199
9343.415175,5,30.725201
343.436638,5,30.734199
920.154583,3,30.742315
-5607.576482,4,30.749311
-5607.580231,4,30.756312
-5607.580466,4,30.764468
-5656.584516,5,30.772079
343.446451,5,30.784105
9374.27823,4,30.790105
-5079.856703,3,30.795233
374.288717,4,30.801739
343.466675,5,30.80874
9920.144218,3,30.813739
-5625.721895,4,30.818868
343.450022,5,30.828028
-5576.72451,3,30.833026
343.459992,5,30.840056
-5576.72611,3,30.848056
-5116.728248,3,30.853055
423.279336,3,30.858061
9392.419063,4,30.864346
852.424217,4,30.870346
-5147.578311,4,30.876925
-5147.576674,4,30.883934
-5588.854727,4,30.889937
-5607.57856,4,30.896933
-5588.85069,4,30.903444
9442.005798,3,30.907449
343.449502,5,30.915958
9460.142397,3,30.920959
-5539.858128,3,30.924963
-5607.585848,4,30.931441
9343.421608,5,30.938806
-5116.725575,3,30.943955
-5607.583297,4,30.948955
-5116.720912,3,30.952955
343.42467,5,30.963433
-5098.588737,3,30.968433
343.447902,5,30.976434
-20147.571443,4,30.983437
-5539.854268,3,30.988437
-5147.581213,4,30.995437
852.429916,4,31.001943
-5557.993403,3,31.004943
-5079.855017,3,31.010943
-5147.585796,4,31.016943
343.422531,5,31.024943
343.442291,5,31.032944
-5147.582978,4,31.039943
9423.277801,3,31.044943
-5147.578225,4,31.050943
9343.424183,5,31.058943
343.452949,5,31.068943
-5656.577999,5,31.075948
9852.418742,4,31.082944
-5656.574922,5,31.091086
-5656.572358,5,33.496911
-5607.580362,4,33.502965
9901.419849,3,33.507966
-5656.573818,5,33.515961
9460.143761,3,33.520961
-5607.586469,4,33.527961
852.422357,4,33.533961
9343.425973,5,33.541961
343.450978,5,33.549961
-20147.569123,4,33.555962
-5588.854047,4,33.562961
343.449874,5,33.569961
-5557.997638,3,33.578961
343.431036,5,33.586964
-5539.85275,3,33.591568
-5116.723144,3,33.596685
-5147.583384,4,33.601194
9883.277691,3,33.605373
343.458509,5,33.614374
-20656.569987,5,33.622374
-5656.572373,5,33.630819
-5116.723138,3,33.634819
-5625.721033,4,33.641819
9343.424591,5,33.649819
-5656.572991,5,33.656821
374.28301,4,33.662818
343.43394,5,33.670819
-5557.996271,3,33.674965
-5557.995112,3,33.683589
-5116.725128,3,33.687593
-5116.726687,3,33.692595
343.438032,5,33.701112
343.434873,5,33.709116
-5557.995529,3,33.714292
343.425746,5,33.721292
9901.41624,3,33.726891
9901.410888,3,33.730934
-5116.72664,3,33.735934
-20607.573803,4,33.742496
9392.420216,4,33.748564
-5588.848268,4,33.754563
-5539.857061,3,33.759564
-5557.996852,3,33.764563
-5079.853449,3,33.769563
901.426601,3,33.773684
-5656.57897,5,33.780695
-5098.583061,3,33.785702
343.452145,5,33.795702
343.434032,5,33.804209
-5607.577277,4,33.81062
-5607.579192,4,33.816619
-5116.723812,3,33.82162
-5656.581361,5,33.830232
343.444315,5,33.838235
343.448399,5,33.846751
-5656.580131,5,33.853752
9392.424467,4,33.860203
-5588.854199,4,33.866199
343.43747,5,33.873198
-5656.57674,5,33.882198
-5079.858782,3,33.887231
392.426003,4,33.893448
343.43451,5,33.905158
-5625.718761,4,33.911394
9883.275035,3,33.916533
9343.420181,5,33.922533
392.460125,4,33.927979
901.429113,3,33.933125
852.423251,4,33.938124
-5098.588354,3,33.942365
374.28821,4,33.948362
9343.423394,5,33.954362
-5607.583585,4,33.961362
423.282385,3,33.966458
-5607.579289,4,33.972458
9374.27285,4,33.97874
-5098.583573,3,33.982742
-5588.855934,4,33.988894
9852.412384,4,33.995312
9442.00546,3,33.999821
-5098.581504,3,34.004825
9411.147374,4,34.014477
343.431898,5,34.022476
-5607.578991,4,34.029864
-5557.997692,3,34.033865
392.434983,4,34.040431
-5656.576731,5,34.048564
-5557.994904,3,34.052564
-20576.717999,3,34.05868
9343.43966,5,34.065674
392.430496,4,34.071823
343.428357,5,34.078893
374.284249,4,34.084898
-5656.572775,5,34.092896
-5607.586766,4,34.099401
343.43114,5,34.107409
-5656.57173,5,34.117822
-5116.726959,3,34.122827
852.432502,4,34.129941
-5588.849145,4,34.136262
9374.280683,4,34.142598
-5098.576164,3,34.147769
852.43384,4,34.153778
-20576.719008,3,34.158207
-5557.991467,3,34.163216
-5656.579568,5,34.171219
9442.007174,3,34.17622
-5116.724318,3,34.181436
9411.146371,4,34.187439
-5576.727225,3,34.192617
901.424914,3,34.197613
-5116.722891,3,34.202122
9852.416169,4,34.208257
9883.275177,3,34.213448
852.436504,4,34.219447
9392.421864,4,34.229447
343.436912,5,34.235448
-5098.588041,3,34.239448
-20656.56851,5,34.24779
-5625.720722,4,34.252789
9343.423401,5,34.260791
9343.428001,5,34.26879
-5079.854134,3,34.27295
-5576.728276,3,34.277695
9411.146919,4,34.284693
-5656.569844,5,34.291696
-5147.580928,4,34.298696
343.428553,5,34.305203
-5607.582849,4,34.312202
852.428991,4,34.318202
-5607.58214,4,34.324955
-5098.586959,3,34.329955
852.423851,4,34.338955
9901.417578,3,34.343955
9901.415148,3,34.348955
9343.419578,5,34.356956
-5656.567104,5,34.364954
-5079.849171,3,34.369175
-5147.579528,4,34.376302
852.44848,4,34.382302
-5588.84629,4,34.388305
343.428698,5,34.396305
883.281468,3,34.401811
-5588.853318,4,34.407813
-20656.562735,5,34.415967
392.43313,4,34.422289
374.28254,4,34.428289
-5607.582925,4,34.434397
343.439613,5,34.442397
852.423352,4,34.452397
374.28304,4,34.458397
852.427226,4,34.464657
-5539.857372,3,34.469657
-20656.563577,5,34.477657
423.300791,3,34.482657
-5576.72788,3,34.487665
343.429777,5,34.495676
9852.412206,4,34.502185
-20656.571045,5,34.51043
9392.417073,4,34.515428
9343.425463,5,34.522431
-20625.713536,4,34.52927
9343.423232,5,34.53727
901.425908,3,34.541722
392.451862,4,34.54718
343.433502,5,34.556758
-5656.573501,5,34.564787
-5576.724961,3,34.569789
392.432778,4,34.57596
-5557.994557,3,34.580965
9343.426852,5,34.588197
-5607.57733,4,34.594197
-20147.575341,4,34.599701
-20656.562904,5,34.606848
-5079.858037,3,34.611846
374.289755,4,34.617846
343.434516,5,34.625845
-5098.58057,3,34.630844
852.443217,4,34.636845
-5079.852,3,34.641845
-5079.857877,3,34.646845
9343.411552,5,34.654845
852.427509,4,34.660845
-5098.584001,3,34.667845
-5079.858176,3,34.672845
-20656.563907,5,34.680845
343.433873,5,34.688848
343.427473,5,34.696849
343.441932,5,34.704883
-5576.72454,3,34.71021
-20656.572348,5,34.716235
-5588.849347,4,34.721244
9374.27644,4,34.727248
-20656.558677,5,34.735248
-5607.578166,4,34.742548
411.149274,4,34.749547
-5147.582004,4,34.755547
-5557.994844,3,34.760546
343.440919,5,34.768555
-5079.853677,3,34.772555
343.436529,5,34.78452
-5147.585718,4,34.791526
9343.425971,5,34.798644
343.424416,5,34.807151
883.28355,3,34.812151
852.426153,4,34.818151
343.440525,5,34.826152
-5539.855959,3,34.831163
-5625.717966,4,34.837163
-5147.586379,4,34.843255
852.428988,4,34.848255
-5557.996076,3,34.853254
-20147.567391,4,34.859255
-5656.571336,5,34.867254
374.280367,4,34.873254
-5607.581581,4,34.880255
920.153676,3,34.884254
343.43605,5,34.895257
-5588.84753,4,34.901765
-5656.578386,5,34.909764
-5607.5765,4,34.915765
883.279953,3,34.919764
-5576.72766,3,34.923765
343.439675,5,34.930764
-5607.579615,4,34.936764
343.42868,5,34.944765
-5098.588391,3,34.948764
-5576.727231,3,34.953912
-5147.576724,4,34.960314
883.286765,3,34.965418
-5098.589853,3,34.969799
343.426414,5,34.977798
-5607.587474,4,34.983132
-5098.582502,3,34.988656
-5098.580278,3,34.993433
343.454259,5,35.004082
852.45786,4,35.010451
883.289553,3,35.015451
343.427233,5,35.023451
-5625.725515,4,35.029451
9343.414494,5,35.037451
-5588.848533,4,35.044451
-5147.58152,4,35.050451
-5098.588702,3,35.055451
-5147.579579,4,35.061451
-5147.57824,4,35.067451
9343.431935,5,35.075454
-5607.58042,4,35.082455
-5098.585082,3,35.087462
392.43087,4,35.093462
343.436143,5,35.100977
374.284826,4,35.110975
-5588.850025,4,35.117974
-5656.574927,5,35.125978
-5147.587861,4,35.131977
411.156272,4,35.138977
-20656.551701,5,35.146976
-5625.720833,4,35.152974
-5147.578094,4,35.157974
9411.144874,4,35.163975
-5147.582722,4,35.170359
-5147.583224,4,35.177359
-5656.580932,5,35.184359
343.43126,5,35.192448
343.446301,5,35.19995
-5539.855262,3,35.204955
-5539.856316,3,35.208955
343.450385,5,35.220021
-20079.848334,3,35.224021
9423.270003,3,35.229021
-5588.853753,4,35.235021
-5079.858176,3,35.239021
374.29208,4,35.245021
852.425574,4,35.25144
423.287443,3,35.25654
9411.164183,4,35.262548
-5116.725343,3,35.267548
343.436025,5,35.27568
-5576.728691,3,35.279681
9411.148274,4,35.285682
-5607.583443,4,35.291801
343.425605,5,35.300304
-5656.569719,5,35.307313
-5625.719851,4,35.31431
-5116.727885,3,35.319309
852.422029,4,35.325309
343.465822,5,35.336033
-5079.853518,3,35.341031
-5588.84861,4,35.348397
9920.144331,3,35.352397
-5625.723599,4,35.359828
-5147.582851,4,35.365824
-5079.854425,3,35.370825
343.431337,5,35.379036
9442.003307,3,35.383035
9442.006484,3,35.387039
852.430007,4,35.393038
9920.142511,3,35.398038
343.426472,5,35.404548
-5557.995901,3,35.409032
-5147.577795,4,35.415029
9852.413568,4,35.421113
-5625.722137,4,35.428245
-5656.580753,5,35.439244
9374.278543,4,35.445614
343.442392,5,35.452977
-5656.571079,5,35.460238
-5116.72488,3,35.465237
9374.276017,4,35.471237
9920.148394,3,35.476241
852.44545,4,35.483236
-5588.853407,4,35.489239
-5098.58831,3,35.494241
-5098.587036,3,35.499239
-5576.726874,3,35.503744
-5116.725783,3,35.507746
9460.14393,3,35.512758
-20625.716777,4,35.518893
901.418887,3,35.524035
-5539.855326,3,35.528028
-5079.854478,3,35.533394
343.439467,5,35.541523
-5656.57237,5,35.552518
-5607.579657,4,35.558519
-5576.723336,3,35.563515
343.429004,5,35.571514
343.438157,5,35.579514
374.286262,4,35.585517
-5607.585577,4,35.592517
-5607.582027,4,35.598517
9411.148637,4,35.605023
-5147.579311,4,35.611228
343.436517,5,35.618243
-5539.856787,3,35.622245
-5147.584181,4,35.628848
-5147.578379,4,35.634847
9460.145243,3,35.639933
343.428839,5,35.647942
920.151784,3,35.652942
9423.276969,3,35.660282
411.156938,4,35.666301
9411.150409,4,35.67309
343.428563,5,35.680487
-5656.57885,5,35.688639
-5557.992409,3,35.69364
-5116.726985,3,35.698639
-5539.857496,3,35.704152
-5588.852842,4,35.710759
343.431755,5,35.718758
-5098.582198,3,35.722757
9423.271681,3,35.728757
9374.278164,4,35.734758
-20656.576044,5,35.742757
343.431671,5,35.750757
852.431969,4,35.756757
-5607.579284,4,35.766757
-5079.858302,3,35.770756
411.170731,4,35.776757
883.289683,3,35.781757
852.426156,4,35.78676
-5098.588305,3,35.791763
343.462616,5,35.799071
343.440908,5,35.807578
-20656.56917,5,35.815578
-20656.565784,5,35.823578
-5098.58251,3,35.828942
-5079.854429,3,35.832942
9442.003721,3,35.837941
392.42033,4,35.844944
-5079.845417,3,35.848943
852.442615,4,35.853941
-5116.727009,3,35.858093
-5656.570347,5,35.866643
-5079.857455,3,35.874329
-5098.580341,3,35.880329
9460.141535,3,35.884339
-5588.850769,4,35.889671
-5656.582596,5,35.897676
9374.276008,4,35.903185
343.430207,5,35.911402
883.28217,3,35.915411
343.428998,5,35.923415
-5098.587332,3,35.928412
343.452683,5,35.936411
-5098.589377,3,35.940411
9411.146412,4,35.94742
9901.413124,3,35.951547
411.156987,4,35.957662
343.437806,5,35.965746
-5656.576336,5,35.972798
-5079.857095,3,35.978291
-5147.582289,4,35.987294
-5656.575598,5,35.995294
-5147.582154,4,36.0018
-5576.72454,3,36.0068
-5079.858381,3,36.011941
-5557.997537,3,36.016938
9852.41944,4,36.023939
9343.427383,5,36.031939
-20656.555205,5,36.039939
852.422054,4,36.046938
852.425876,4,36.052939
-5625.721627,4,36.058941
-5625.717606,4,36.065938
-5656.578439,5,36.072939
-5607.583377,4,36.080372
374.280355,4,36.086375
-20656.56889,5,36.096375
-5079.858341,3,36.101881
-5588.854585,4,36.108164
-5539.854561,3,36.114164
-5116.726945,3,36.118164
9343.433175,5,36.126163
343.443153,5,36.134163
-5656.56767,5,36.142163
-5539.856549,3,36.147163
901.422908,3,36.151163
-5607.579655,4,36.157164
-5098.587689,3,36.163164
343.508413,5,36.170163
-5656.576144,5,36.178164
343.438907,5,36.185164
343.454828,5,36.193289
-5539.854203,3,36.197287
-5656.578102,5,36.208799
-5656.561944,5,36.216882
392.434334,4,36.230448
-5539.856606,3,36.235445
343.441524,5,36.243451
-5625.721921,4,36.249445
9343.424041,5,36.256445
-20147.56967,4,36.263445
343.434295,5,36.270811
343.438699,5,36.278964
343.42771,5,36.286973
-5656.576025,5,36.294444
343.433083,5,36.302956
423.279792,3,36.310437
392.425399,4,36.316449
343.468139,5,36.325164
343.435719,5,36.333162
-20625.716487,4,36.33937
392.432124,4,36.345803
901.419142,3,36.350802
343.425858,5,36.358106
392.431454,4,36.364101
9392.418701,4,36.370102
-20656.559561,5,36.378732
-20116.717663,3,36.382732
-5656.574154,5,36.390315
392.424869,4,36.397325
-20656.562251,5,36.404834
343.439877,5,36.413172
-5656.567501,5,36.423646
901.425146,3,36.429018
-5557.995657,3,36.43346
343.43024,5,36.440582
374.289515,4,36.44658
343.435474,5,36.454794
-5656.579587,5,36.46427
-5607.581826,4,36.471269
374.286106,4,36.478542
-5625.718989,4,36.484555
343.431561,5,36.492555
343.432042,5,36.50068
-20656.561835,5,36.508624
-5098.587619,3,36.514628
9423.272948,3,36.518628
-5607.582625,4,36.529129
-5147.582036,4,36.535128
-5557.991252,3,36.540303
374.31232,4,36.547317
-5539.857626,3,36.554317
343.467489,5,36.562318
9852.410312,4,36.569317
343.434266,5,36.576465
343.444554,5,36.584465
-5588.851357,4,36.591468
343.430744,5,36.599467
-5116.721343,3,36.602973
392.433369,4,36.608973
-5576.727217,3,36.613973
-5116.72548,3,36.618974
392.433448,4,36.625398
-5147.58336,4,36.631397
-20656.495717,5,36.64153
343.427346,5,36.649831
-5147.582666,4,36.654829
-5098.587646,3,36.658829
-20656.567848,5,36.66599
343.428314,5,36.673117
852.475029,4,36.681131
343.430801,5,36.689134
343.429339,5,36.696892
-5656.584424,5,36.704701
411.158595,4,36.710701
343.433184,5,36.717701
-5607.581858,4,36.724701
-5656.582622,5,36.7317
-5588.851144,4,36.7367
423.282967,3,36.744775
-5656.583345,5,36.753775
343.459734,5,36.762167
-5116.722558,3,36.766166
343.444892,5,36.774545
-5079.853253,3,36.779964
343.430144,5,36.787976
9343.42667,5,36.795417
-5557.989568,3,36.80092
411.157568,4,39.198622
852.437388,4,39.205133
-5557.993656,3,39.210131
-5098.587357,3,39.214132
-5607.58072,4,39.221132
852.429334,4,39.227132
-5098.588545,3,39.232131
901.422038,3,39.236132
343.446439,5,39.244132
852.435792,4,39.25035
460.151506,3,39.255351
343.43744,5,39.26635
-5116.72375,3,39.27135
-5098.586511,3,39.27535
-5656.568688,5,39.283812
343.44443,5,39.291821
9411.147532,4,39.298019
-5588.856453,4,39.304524
392.42638,4,39.310561
392.422912,4,39.31656
343.438081,5,39.324564
-5098.585283,3,39.329107
-5576.721894,3,39.334107
-5656.583867,5,39.342206
-5557.995934,3,39.347199
-5576.727003,3,39.351199
9411.151887,4,39.358201
9901.411523,3,39.3632
-5147.576722,4,39.372406
343.423617,5,39.379406
-5588.850098,4,39.384406
9852.415909,4,39.390761
-5079.857914,3,39.395991
343.423966,5,39.403991
9411.147978,4,39.410507
-20656.555732,5,39.418501
9901.41699,3,39.422501
-5557.994827,3,39.428502
343.436094,5,39.43566
343.428602,5,39.443784
343.443164,5,39.450778
460.159801,3,39.454777
-5098.589531,3,39.458784
-5588.848857,4,39.464777
-5656.586215,5,39.472778
-20607.572107,4,39.482795
-5656.572671,5,39.490798
-20656.570205,5,39.498798
343.431375,5,39.506738
-5588.852698,4,39.512737
-5588.854133,4,39.518737
9374.276709,4,39.525736
-5539.857024,3,39.530736
-5147.585322,4,39.536737
343.429458,5,39.543736
9343.420804,5,39.551737
-5116.725054,3,39.555737
901.419993,3,39.561679
343.463495,5,39.568679
-5607.570866,4,39.575886
-5656.579679,5,39.583888
852.430983,4,39.593139
-20656.563821,5,39.60114
343.435174,5,39.60865
-5557.98854,3,39.613646
-5607.578615,4,39.620646
-5607.583534,4,39.626645
9883.276287,3,39.631644
374.282023,4,39.637645
-5098.589465,3,39.642649
-5656.580762,5,39.650649
-5607.581253,4,39.656696
-5079.857188,3,39.661695
9852.410202,4,39.668693
-5557.995063,3,39.672693
-5116.726908,3,39.678694
343.423782,5,39.685693
-5098.58858,3,39.690698
-5588.855454,4,39.697696
343.425605,5,39.709204
9883.280952,3,39.714204
-5656.577834,5,39.722203
-5539.856789,3,39.727204
-5607.581284,4,39.733204
-5557.99613,3,39.738204
-5147.58563,4,39.745203
-5098.585672,3,39.749203
-5656.580548,5,39.756203
-5656.579466,5,39.764203
411.159293,4,39.769203
343.439547,5,39.777205
343.459591,5,39.785204
852.432042,4,39.791313
9343.425095,5,39.799795
-5588.850538,4,39.805302
-5539.852674,3,39.814198
-5079.858177,3,39.818219
392.423612,4,39.825224
9901.415027,3,39.830229
343.441982,5,39.838229
920.153648,3,39.843228
-5098.584086,3,39.848228
-5588.846457,4,39.854228
-5607.576578,4,39.860542
9374.27842,4,39.866536
-5656.57961,5,39.874654
-5656.574201,5,39.882653
852.435567,4,39.888652
374.300142,4,39.895654
343.522377,5,39.902654
-5098.587833,3,39.908161
343.452627,5,39.918085
-5116.72851,3,39.926254
374.283003,4,39.933254
-5656.575126,5,39.942274
-5539.855677,3,39.94727
392.433848,4,39.95453
9374.282667,4,39.961658
9460.144752,3,39.966669
9423.271601,3,39.970668
411.153021,4,39.978232
-5557.993851,3,39.982243
-5588.849191,4,39.98824
-5656.575327,5,39.996244
-5656.577733,5,40.004304
-5539.858421,3,40.009441
9343.423966,5,40.017439
-5588.852075,4,40.023439
374.282668,4,40.032
-5539.854758,3,40.036999
-5656.579861,5,40.045121
343.431282,5,40.05212
-5656.575741,5,40.06112
343.432289,5,40.06812
392.429147,4,40.07412
883.28355,3,40.079562
883.289333,3,40.084562
343.444754,5,40.091778
-5607.580132,4,40.09915
442.01215,3,40.10415
343.46064,5,40.112322
-5557.995969,3,40.117321
-5607.582378,4,40.123324
-5656.577037,5,40.131324
-5588.848813,4,40.141481
411.172482,4,40.147482
343.434833,5,40.155814
9423.274993,3,40.160271
852.464364,4,40.166285
-5557.9956,3,40.170286
-5116.719623,3,40.175392
-5607.582394,4,40.181585
-5656.576002,5,40.188718
-5098.585598,3,40.193414
-5576.722958,3,40.198413
423.28359,3,40.203412
-5557.998239,3,40.207367
-5098.579481,3,40.212377
920.150594,3,40.217554
411.156668,4,40.222564
-5588.851241,4,40.229681
-5147.585803,4,40.235681
9852.411909,4,40.242682
-20656.552152,5,40.253017
-5607.585972,4,40.260015
343.458701,5,40.268014
-5079.857595,3,40.273014
-5116.722882,3,40.278014
-5079.853558,3,40.283204
-20656.571392,5,40.290207
852.439617,4,40.296328
-5539.856437,3,40.300326
883.27857,3,40.304836
9411.150179,4,40.311441
852.437326,4,40.318552
-20656.568937,5,40.325557
-20656.570332,5,40.334008
-20656.561703,5,40.342377
920.156368,3,40.347384
343.42135,5,40.355384
-5588.85284,4,40.3645
-5079.8549,3,40.3695
411.159085,4,40.375503
-5588.851982,4,40.38259
-5079.855671,3,40.38659
-5607.572031,4,40.39283
9343.414746,5,40.401378
9411.151076,4,40.407481
374.284868,4,40.414486
343.433797,5,40.421487
374.283725,4,40.429487
343.423633,5,40.436489
-5588.849043,4,40.442615
-5539.855918,3,40.447704
-5079.855393,3,40.452704
-5656.57647,5,40.460967
9343.424301,5,40.47106
343.443417,5,40.479061
9374.278906,4,40.485476
-5656.575758,5,40.49398
-5539.855827,3,40.498982
-5588.84753,4,40.504482
-5656.577116,5,40.512616
-5079.854696,3,40.517616
-5539.855982,3,40.522616
9460.143894,3,40.527736
-5557.994493,3,40.531736
-5576.727473,3,40.536736
-5147.579568,4,40.542887
343.440854,5,40.549886
901.420402,3,40.554886
9343.420076,5,40.563036
-5607.585842,4,40.569036
343.426739,5,40.581058
-5588.854206,4,40.588058
9920.148828,3,40.593063
852.426988,4,40.599492
-5625.721742,4,40.605716
-5588.854286,4,40.61256
-5116.724574,3,40.617559
-5656.573711,5,40.624661
-5098.586738,3,40.631143
423.288797,3,40.635143
9411.140798,4,40.642145
374.294056,4,40.64927
9343.419541,5,40.655269
-20656.564585,5,40.664483
343.4425,5,40.671698
-5557.995852,3,40.677443
411.155562,4,40.687441
9343.417974,5,40.695906
-5147.58575,4,40.702907
343.42827,5,40.71155
-20656.571986,5,40.719757
-5588.85094,4,40.725195
-5656.581411,5,40.733195
-5656.577054,5,40.739195
-5079.859015,3,40.744195
-5147.582686,4,40.750195
-5098.584972,3,40.754195
-5656.57669,5,40.763294
-5656.582116,5,40.770294
-5557.997215,3,40.775295
343.441172,5,40.783529
-5588.852579,4,40.789529
9343.42603,5,40.799678
-5576.724482,3,40.80518
-5079.856926,3,40.810184
343.44586,5,40.818183
-5625.717302,4,40.824338
9392.411822,4,40.831358
852.42074,4,40.837358
852.438219,4,40.843967
9442.002463,3,40.848972
374.301267,4,40.854976
-5607.578246,4,40.862218
374.282003,4,40.868218
343.427745,5,40.875373
-5656.575795,5,40.883367
-5098.588886,3,40.887367
411.152765,4,40.894182
-5656.560047,5,40.904695
343.45509,5,40.9137
9460.14267,3,40.918701
374.296352,4,40.924846
392.422174,4,40.931841
392.438671,4,40.937838
9442.001575,3,40.943139
343.427253,5,40.950211
-5576.726236,3,40.954211
9343.423983,5,40.962541
-5098.584753,3,40.967538
343.426251,5,40.975959
-5588.851269,4,40.982381
9852.417089,4,40.988381
392.444272,4,40.994509
-5557.995736,3,40.99951
-5576.727903,3,41.00351
-5588.850215,4,41.013279
-5625.722487,4,41.018279
-5656.579251,5,41.02628
-5079.852,3,41.03029
-5576.724772,3,41.03429
883.277713,3,41.03829
-5147.578417,4,41.04574
-20116.721642,3,41.04974
9343.42416,5,41.058741
343.442688,5,41.067103
-5607.58253,4,41.073285
423.284709,3,41.079281
374.29059,4,41.085281
9343.42603,5,41.09342
9883.273119,3,41.098419
-5656.578935,5,41.105927
392.425864,4,41.112928
-5079.858266,3,41.120942
343.425162,5,41.128941
9392.422801,4,41.134943
9343.41005,5,41.142119
-5656.57643,5,41.149148
852.424218,4,41.155146
9442.004042,3,41.16058
-5656.579008,5,41.168577
343.426425,5,41.176858
-20656.547246,5,41.183954
9343.419419,5,41.191969
343.444064,5,41.199348
374.290982,4,41.203348
-5098.585813,3,41.209593
-5098.586671,3,41.21364
852.43456,4,41.220681
374.295885,4,41.230464
9460.140992,3,41.235464
-5625.720418,4,41.241567
-5656.574688,5,41.249566
-20588.842162,4,41.255566
343.434433,5,41.263566
-20147.557217,4,41.269566
343.434295,5,41.278566
9411.144423,4,41.284566
-5576.726433,3,41.288566
-5625.717932,4,41.295407
9423.27131,3,41.300406
392.426206,4,41.305915
901.428854,3,41.312033
-5656.575898,5,41.319033
9392.414655,4,41.32504
374.282287,4,41.330033
343.461885,5,41.34011
9343.426453,5,41.349136
-5576.72343,3,41.353493
-5079.855839,3,41.358499
374.286574,4,41.365493
-5147.58071,4,41.370493
-5098.587316,3,41.374621
374.283945,4,41.381642
-5098.586573,3,41.386636
9852.418553,4,41.393135
343.431439,5,41.401134
-5625.717616,4,41.407171
-20116.720163,3,41.412522
411.177013,4,41.418523
-5539.855417,3,41.42362
374.295283,4,41.430633
9343.416708,5,41.437633
9392.421977,4,41.447937
901.422969,3,41.451937
-5539.853961,3,41.456937
-5656.57404,5,41.464314
-5576.720177,3,41.468314
-5557.993888,3,41.473313
-5656.574232,5,41.481311
9423.271225,3,41.486311
-5576.722961,3,41.490739
883.281682,3,41.496231
343.426561,5,41.504231
-5607.582465,4,41.510742
343.446081,5,41.517741
9852.413527,4,41.524853
343.42473,5,41.532849
343.434892,5,41.540958
9423.272717,3,41.545951
374.288147,4,41.554952
852.426829,4,41.561273
-5656.568039,5,41.568275
9392.415242,4,41.574709
343.44171,5,41.582703
-5576.722089,3,41.586951
343.442134,5,41.595388
374.280528,4,41.601388
392.434931,4,41.607904
852.42671,4,41.614905
-5625.72074,4,41.620903
-5588.854149,4,41.627187
920.154583,3,41.632186
-5607.581023,4,41.637188
-5098.583259,3,41.64119
-5147.582469,4,41.647204
343.433254,5,41.654204
-5147.587657,4,41.660207
343.600945,5,41.669353
460.154159,3,41.673356
-5116.722896,3,41.679415
9343.422192,5,41.694989
9392.421116,4,41.70199
460.148605,3,41.707504
-5539.857108,3,41.712602
852.466695,4,41.718601
9852.417474,4,41.726042
852.434825,4,41.73204
-5576.726345,3,41.737041
-20656.569069,5,41.74504
-5656.570107,5,41.75304
852.421406,4,41.759366
9343.415863,5,41.767363
343.489293,5,41.77865
-5625.722312,4,41.784649
9852.411723,4,41.791666
-5656.580259,5,41.799664
343.444998,5,41.806776
343.427038,5,41.81525
374.282091,4,41.821249
411.164615,4,41.827715
374.291933,4,41.834715
-5607.583708,4,41.840876
-5607.581731,4,41.846873
-5147.576913,4,41.853873
901.419573,3,41.857873
-5098.585616,3,41.864043
-20656.56087,5,41.871039
9852.418992,4,41.878039
9343.429773,5,41.888039
9423.273964,3,41.893046
-5557.990197,3,41.897379
-5557.996366,3,41.901382
-5116.722126,3,41.904379
9343.425798,5,41.912965
9883.275405,3,41.916965
-5607.572434,4,41.924131
343.431859,5,41.932124
-20656.560166,5,41.940254
-5098.586848,3,41.946077
343.433903,5,41.954076
-5607.584717,4,41.960306
-5079.856339,3,41.965305
-5588.850861,4,41.971305
-5576.7228,3,41.97746
-5147.582965,4,41.983457
343.484602,5,41.996469
-5079.855388,3,42.001472
901.424038,3,42.005837
343.433656,5,42.013247
343.442315,5,42.021247
374.287218,4,42.026248
-5098.58321,3,42.030587
343.432092,5,42.037589
-5539.857941,3,42.041592
-5607.575818,4,42.048587
-5656.583794,5,42.056707
-5147.580317,4,42.063358
343.439114,5,42.070499
-5656.557655,5,42.079498
392.426295,4,42.085499
374.2899,4,42.09164
9883.273019,3,42.099631
-5656.580085,5,42.108142
-20607.577662,4,42.114139
9411.147529,4,42.119139
374.281608,4,42.125255
-5656.573867,5,42.133702
-5116.719908,3,42.138701
-5588.854132,4,42.144831
392.420566,4,42.149833
-5539.855036,3,42.153831
-5656.576987,5,42.161832
343.433313,5,42.169831
-5607.580134,4,42.176306
-5607.580068,4,42.182318
901.4317,3,42.185784
-5557.99786,3,42.190784
852.42574,4,42.197787
-5588.854833,4,42.203787
-5625.720596,4,42.213295
-5656.57411,5,42.219295
343.434558,5,42.227295
-5539.856368,3,42.232295
343.426649,5,42.240589
343.432185,5,42.246606
9374.277892,4,42.253609
-20656.560218,5,42.261606
-5656.583733,5,42.268613
-5539.85519,3,42.273691
9460.141675,3,42.278691
901.421577,3,42.283691
-5079.857436,3,42.288691
-5098.585139,3,42.293056
-5625.722412,4,42.299057
-5539.85624,3,42.303172
-5147.572266,4,42.310203
-5098.583948,3,42.314199
-5539.8576,3,42.3222
-5079.856054,3,42.3272
374.287837,4,42.334327
-5116.724318,3,42.338327
-20656.574906,5,42.34745
-5147.583766,4,42.353446
343.428403,5,42.361446
-5576.72564,3,42.366446
-5116.723576,3,42.371446
-20147.573994,4,42.378454
411.152223,4,42.384462
-5557.996317,3,42.389591
460.147297,3,42.394721
442.008759,3,42.39972
411.164152,4,42.406224
-5079.855927,3,42.411572
343.428428,5,42.419572
-5656.578007,5,42.430574
-5557.988215,3,42.435574
-5098.588546,3,42.440574
-5098.58402,3,42.445574
343.432452,5,42.453573
343.450047,5,42.460574
-5079.853404,3,42.465574
-5656.577618,5,42.473576
9343.424334,5,42.481573
9852.419101,4,42.487574
343.49568,5,42.496129
9392.418522,4,42.502133
-20116.71437,3,42.506635
-5557.998739,3,42.511642
883.28601,3,42.516642
-5079.854546,3,42.520642
392.426855,4,42.526643
-5116.726022,3,42.530642
-5098.58406,3,42.538934
9901.413545,3,44.97782
-5588.847759,4,44.983819
392.422638,4,44.989964
343.432437,5,44.999033
-5656.575243,5,45.006178
343.428983,5,45.014844
-5656.573002,5,45.020844
-5656.571202,5,45.027984
-5656.578417,5,45.035983
-5147.579025,4,45.046204
-5625.721974,4,45.052202
343.431167,5,45.060704
-5588.84916,4,45.066701
-5539.856816,3,45.071702
-5588.852097,4,45.078839
-5656.577799,5,45.085838
-5147.582414,4,45.092232
-5656.574626,5,45.10024
-5079.856492,3,45.10524
-5625.720518,4,45.111746
-5656.57777,5,45.119747
-5656.578143,5,45.127747
901.434401,3,45.132746
-5576.725412,3,45.136746
-5557.998494,3,45.141747
852.420206,4,45.148747
411.167635,4,45.15787
-5656.573981,5,45.165862
343.466675,5,45.173862
-5098.58693,3,45.178862
343.451074,5,45.185862
852.432966,4,45.191862
343.429191,5,45.199865
852.423578,4,45.205865
343.431165,5,45.214862
374.284698,4,45.219872
411.177982,4,45.224872
-5079.859015,3,45.230045
-5588.85218,4,45.236053
-5656.576697,5,45.245054
-5656.575559,5,45.252053
9392.415196,4,45.259053
-5656.576674,5,45.269233
-5607.583908,4,45.276721
9343.417855,5,45.28414
-5147.577471,4,45.28914
-5656.571856,5,45.297148
9343.421244,5,45.305148
343.440883,5,45.313656
9374.283581,4,45.319656
-5079.856612,3,45.324656
374.707001,4,45.331657
9883.275562,3,45.335657
343.471026,5,45.343729
-5557.998229,3,45.348726
-5147.584155,4,45.355108
-5607.585213,4,45.362108
9442.002754,3,45.367107
-5116.72188,3,45.374321
-5576.726746,3,45.379376
9343.422232,5,45.387376
-5079.859346,3,45.392379
343.430449,5,45.400383
392.433169,4,45.406383
-5557.994595,3,45.411894
343.432267,5,45.420059
-5656.576934,5,45.428054
-5576.723196,3,45.432058
343.460665,5,45.440058
392.42389,4,45.447058
-20607.573278,4,45.452058
-20656.570311,5,45.460059
343.421898,5,45.468058
343.438176,5,45.476059
9343.417092,5,45.487055
343.428251,5,45.495397
-5656.571093,5,45.501397
-5656.571603,5,45.508906
-5098.5854,3,45.513911
-5098.585445,3,45.51791
-5576.724485,3,45.523044
343.43169,5,45.531255
343.430896,5,45.539385
-5607.584744,4,45.545539
343.439906,5,45.553538
374.285333,4,45.560539
-5656.578524,5,45.568539
-5557.99632,3,45.572636
392.43644,4,45.579648
-5079.853028,3,45.584648
-5557.994799,3,45.59175
901.429814,3,45.596756
9411.148044,4,45.601771
-5079.856916,3,45.606753
374.280798,4,45.613261
-20588.833134,4,45.619262
374.28534,4,45.626262
-5576.724024,3,45.63126
-5098.581907,3,45.636261
-5656.577323,5,45.644261
9343.419699,5,45.65149
-5656.580537,5,45.65895
-5625.719006,4,45.664963
920.148657,3,45.669036
-5656.580871,5,45.67749
852.428291,4,45.683493
343.467169,5,45.691495
-5576.725064,3,45.696501
-5607.581567,4,45.70697
343.430901,5,45.715489
411.155685,4,45.721489
9343.42388,5,45.729489
9343.418322,5,45.736489
-5557.994074,3,45.740489
-5576.727643,3,45.745489
883.277905,3,45.749489
-5147.584308,4,45.754488
9920.141597,3,45.75949
-20656.562411,5,45.767588
343.438113,5,45.776213
411.157128,4,45.781376
-5147.585857,4,45.788376
374.282789,4,45.79405
-20656.572502,5,45.800049
-5625.720617,4,45.806052
-5588.854629,4,45.816569
883.280835,3,45.820569
-5147.578697,4,45.827571
883.280035,3,45.832569
9392.417001,4,45.838569
-5656.583636,5,45.846755
343.460265,5,45.854985
-5147.578631,4,45.861036
-5656.58022,5,45.869033
-5656.576253,5,45.877033
852.422653,4,45.882032
411.159769,4,45.888032
-5656.579878,5,45.896036
9411.148025,4,45.902037
-5098.58471,3,45.907036
-20656.571439,5,45.914543
-5656.578589,5,45.924909
343.430886,5,45.933429
-5557.993398,3,45.937438
374.287836,4,45.94497
-5625.717353,4,45.951094
343.433833,5,45.959094
-5539.855409,3,45.964093
9852.413712,4,45.970093
-5607.580921,4,45.977096
-5079.855034,3,45.982093
920.157119,3,45.986093
-5098.583439,3,45.991096
-5147.574251,4,45.997509
-5576.727196,3,46.001508
343.483854,5,46.009012
852.423571,4,46.015017
423.295643,3,46.020017
-5576.729266,3,46.024165
-5557.996055,3,46.032159
-5607.582876,4,46.038159
-5656.574667,5,46.046561
-5098.586885,3,46.051564
852.423304,4,46.057563
852.424051,4,46.06479
-5607.579577,4,46.070789
-5116.722536,3,46.076355
343.449265,5,46.084348
-20656.559373,5,46.093412
-5625.718589,4,46.099416
9343.417906,5,46.108576
343.439319,5,46.116582
-20656.556202,5,46.124588
374.30626,4,46.130581
9411.144632,4,46.14076
-5656.577299,5,46.149084
9411.149432,4,46.155083
460.15141,3,46.159085
-5098.585353,3,46.163084
343.428561,5,46.170589
883.279077,3,46.175721
852.423635,4,46.18223
-5098.587161,3,46.18623
343.465075,5,46.194236
411.157217,4,46.201235
343.458004,5,46.208683
-5625.720368,4,46.215035
-5588.848162,4,46.221035
343.436828,5,46.22952
9901.419371,3,46.23352
9460.143459,3,46.238522
901.438601,3,46.24352
392.424083,4,46.252527
-5656.575717,5,46.259882
-5098.586534,3,46.264881
343.43114,5,46.27334
374.295484,4,46.279552
343.425276,5,46.286559
343.446869,5,46.294864
-5539.854506,3,46.299863
411.151568,4,46.305866
343.453061,5,46.31419
9392.416397,4,46.32019
9343.411988,5,46.328335
9411.147516,4,46.334334
374.286052,4,46.341338
343.449878,5,46.349346
9343.417493,5,46.360546
343.433624,5,46.367543
343.433584,5,46.374927
9423.272288,3,46.380927
852.430891,4,46.38609
-5656.576014,5,46.394559
9920.141663,3,46.399558
-20656.574749,5,46.407557
343.42842,5,46.416071
-5588.853665,4,46.421885
-5588.852977,4,46.428906
852.428666,4,46.435058
9423.27417,3,46.440057
-5656.578819,5,46.449057
9392.411109,4,46.455057
9460.144146,3,46.464151
374.290118,4,46.470151
-5607.581089,4,46.476151
-5656.577351,5,46.48415
9901.415525,3,46.489151
-5539.857676,3,46.494152
9343.411519,5,46.502155
411.156941,4,46.508155
-20147.575728,4,46.514668
-5588.838617,4,46.520669
9343.410319,5,46.52868
-20625.71408,4,46.534679
-20656.574496,5,46.543685
-5079.850627,3,46.548679
9442.000555,3,46.552679
-5147.582606,4,46.558748
-5625.719747,4,46.565762
-5607.576434,4,46.571762
343.432983,5,46.582986
-5607.580785,4,46.587986
-5116.718204,3,46.593559
392.426492,4,46.600562
-5116.718592,3,46.604682
852.4486,4,46.611315
-5079.853208,3,46.616314
-5625.724181,4,46.622314
343.430802,5,46.629313
-5539.855923,3,46.634313
343.444212,5,46.642314
-5588.848855,4,46.648313
-5656.575358,5,46.65642
-5625.720495,4,46.662441
-20607.576866,4,46.669625
-5116.722778,3,46.673628
-5656.573981,5,46.68591
343.430733,5,46.695232
392.426817,4,46.702564
-5588.853026,4,46.708565
-5607.582487,4,46.715071
852.427787,4,46.721071
9883.274638,3,46.72607
-5625.718155,4,46.73207
9920.144158,3,46.737071
-5557.992828,3,46.74207
-5098.583315,3,46.747071
9392.423135,4,46.754071
374.297758,4,46.761097
-5116.728435,3,46.765094
-5147.578134,4,46.771094
343.428092,5,46.779939
9343.420894,5,46.787939
-5098.582561,3,46.796234
901.426604,3,46.800497
-20656.57317,5,46.809727
-5576.727362,3,46.814732
411.153692,4,46.819732
-5588.852973,4,46.826733
343.43693,5,46.834735
-5539.857258,3,46.838733
852.425854,4,46.846011
-5576.727062,3,46.851013
343.431413,5,46.859015
-5079.858687,3,46.864014
883.279049,3,46.869014
-20656.560271,5,46.877461
343.432317,5,46.885459
-5098.585341,3,46.889544
9343.422619,5,46.89856
-20656.559423,5,46.909812
-5625.719066,4,46.916255
-5656.583703,5,46.923814
343.443763,5,46.931814
392.422701,4,46.937814
9460.140822,3,46.942814
-5656.574201,5,46.951833
-5656.575482,5,46.960361
-20656.56031,5,46.967915
852.421526,4,46.974921
-5656.572223,5,46.983915
-5098.586808,3,46.987915
-20656.57215,5,46.996104
9423.277106,3,47.001103
343.433083,5,47.008277
852.440691,4,47.017788
-5607.585475,4,47.023787
343.457209,5,47.031796
343.433238,5,47.037796
-5656.574253,5,47.046115
-5116.719922,3,47.051115
-5656.578076,5,47.059245
-5539.852888,3,47.063244
-5656.571856,5,47.070244
343.445415,5,47.077411
-5147.586268,4,47.084408
-20656.575337,5,47.091571
343.427988,5,47.099571
374.291147,4,47.10657
-5588.848301,4,47.113079
343.449708,5,47.124074
411.15487,4,47.136099
-5079.854589,3,47.141102
343.451055,5,47.1491
-5607.585058,4,47.155099
9343.415075,5,47.164099
9442.003327,3,47.1691
411.155512,4,47.175099
-5539.858548,3,47.181099
-20656.530432,5,47.188099
-20607.569241,4,47.195099
423.27894,3,47.200103
-5539.855018,3,47.204103
-5607.579814,4,47.21161
343.425513,5,47.219614
-20656.575201,5,47.22753
-5147.580851,4,47.236523
901.42144,3,47.241528
374.28994,4,47.248527
-5656.58132,5,47.256526
-20147.573894,4,47.262523
-5079.855145,3,47.267523
-5607.587702,4,47.273641
9883.271195,3,47.278651
343.452711,5,47.28665
-5656.572299,5,47.294888
-5098.576146,3,47.299901
-20656.571573,5,47.307035
-5098.581213,3,47.313576
411.170612,4,47.318575
343.48764,5,47.326575
9392.415288,4,47.332575
-5656.58476,5,47.34394
-5656.57278,5,47.351938
-5656.576531,5,47.359936
343.434391,5,47.367938
343.462251,5,47.375937
343.447997,5,47.383937
-5098.585499,3,47.388937
343.444615,5,47.396941
-5116.725708,3,47.401941
343.426315,5,47.410444
-5656.579261,5,47.418448
-5079.854122,3,47.422448
-5656.575736,5,47.429448
-5625.715539,4,47.435452
343.438904,5,47.443816
-5079.852161,3,47.448816
-5557.99662,3,47.455818
343.430801,5,47.464816
411.153129,4,47.471084
-5116.725333,3,47.476084
852.437036,4,47.482197
9423.27743,3,47.486207
920.162076,3,47.491624
9883.276484,3,47.496626
-5656.574314,5,47.504624
-5098.579148,3,47.508764
343.44829,5,47.516939
9411.145437,4,47.523085
9901.412533,3,47.528728
9374.274083,4,47.534741
343.448109,5,47.542748
-5539.856216,3,47.547741
392.443746,4,47.553741
852.422367,4,47.563474
343.440644,5,47.570472
-5576.718983,3,47.574477
9460.140824,3,47.579473
-5656.5733,5,47.587472
-5079.85698,3,47.592473
374.28663,4,47.598476
9442.005475,3,47.603476
-5098.586201,3,47.608476
9343.418306,5,47.615983
901.424829,3,47.620983
-5656.572906,5,47.628983
-5588.849271,4,47.635983
9883.278308,3,47.639983
343.430514,5,47.647984
343.45879,5,47.655998
343.439672,5,47.665414
-5079.856384,3,47.672575
901.425597,3,47.678576
-5079.85914,3,47.682574
343.446236,5,47.6909
9343.422446,5,47.6989
343.428348,5,47.706131
-5116.725132,3,47.711579
374.28558,4,47.718589
-5079.856465,3,47.722709
-5098.584752,3,47.72872
343.455481,5,47.735718
-5557.996572,3,47.740722
9343.421154,5,47.749832
-5539.855859,3,47.753832
411.163964,4,47.760982
-5656.578318,5,47.768981
-5656.562127,5,47.778919
-5147.579593,4,47.785918
852.43081,4,47.792409
-5588.851925,4,47.798413
-20656.576248,5,47.806539
852.421644,4,47.813459
374.287888,4,47.818826
343.42664,5,47.82758
9901.419989,3,47.832578
-5557.998339,3,47.836578
-20656.567043,5,47.845577
883.279522,3,47.850577
-5098.583001,3,47.854581
343.426933,5,47.863157
343.426689,5,47.871157
9343.424234,5,47.879363
9852.415721,4,47.888363
392.42444,4,47.895367
-5539.85883,3,47.898367
-5607.584515,4,47.904748
-20656.571468,5,47.913028
852.444223,4,47.919027
392.424546,4,47.924028
-5557.989251,3,47.929025
-5539.857531,3,47.934025
-5539.853477,3,47.939025
-5098.587248,3,47.944143
343.441677,5,47.952141
-5079.855352,3,47.956265
343.433307,5,47.964274
-5576.725981,3,47.969274
-5576.725785,3,47.9744
9343.42085,5,47.982543
-5656.57665,5,47.989544
343.435288,5,48.000488
-5656.577829,5,48.008489
343.42484,5,48.017005
-5656.583039,5,48.024005
-5656.57235,5,48.032707
-20656.5711,5,48.040707
392.4275,4,48.046707
-5098.586014,3,48.050707
374.282635,4,48.055708
-5656.580244,5,48.063771
-5656.582805,5,48.071772
-5588.853411,4,48.078771
-5116.726777,3,48.08177
9343.414549,5,48.088771
9411.151629,4,48.094914
-5557.996181,3,48.099917
343.450644,5,48.111428
411.153004,4,48.117427
343.444773,5,48.124427
-5557.997756,3,48.130427
343.432904,5,48.137427
9343.424137,5,48.145427
411.162387,4,48.152427
374.286668,4,48.15843
392.420761,4,48.165428
-5116.72332,3,48.169428
343.463994,5,48.177909
-5079.854034,3,48.182909
9852.414542,4,48.188909
-5557.995081,3,48.194402
852.420029,4,48.200408
-5625.720979,4,48.206827
-5098.58601,3,48.211786
343.430699,5,48.222797
852.422044,4,48.228795
374.28314,4,48.235795
-5656.574275,5,48.243795
-5656.576282,5,48.250796
9883.27391,3,48.255795
9423.271587,3,48.260795
9343.420536,5,48.267796
-5098.588947,3,48.272795
-5116.723129,3,48.278415
423.281397,3,48.282412
343.435558,5,48.290412
343.428122,5,48.297639
-5656.574368,5,48.303639
-5588.854396,4,48.310784
-5576.729167,3,48.314784
9343.420829,5,50.771687
852.426721,4,50.778345
374.284865,4,50.784344
852.421887,4,50.790529
343.430606,5,50.798648
9343.416874,5,50.806937
-5098.585957,3,50.811999
-5539.85518,3,50.817003
374.287842,4,50.823142
-5656.576924,5,50.831545
9374.278928,4,50.836545
343.442557,5,50.845629
9343.410593,5,50.856389
343.434931,5,50.865389
9442.00471,3,50.869385
9852.428121,4,50.876386
374.293126,4,50.882728
-5098.587976,3,50.885729
9343.427864,5,50.894117
-20656.554179,5,50.902129
852.441944,4,50.908257
-5656.568051,5,50.915766
343.450318,5,50.924274
343.433181,5,50.932506
-5625.72075,4,50.938507
852.438718,4,50.945005
343.430936,5,50.95165
-5116.725122,3,50.95565
9901.415689,3,50.962983
-5147.583301,4,50.970113
-5079.857524,3,50.974576
-20147.570061,4,50.981573
-5656.565235,5,50.989573
343.436886,5,50.997576
-5607.579751,4,51.003575
852.503824,4,51.010575
9392.412343,4,51.017082
343.433719,5,51.02353
9423.278739,3,51.028846
343.438725,5,51.036845
-5607.582435,4,51.043884
-5539.858848,3,51.048883
9343.423932,5,51.056885
374.296894,4,51.062883
-5557.994265,3,51.067883
9901.415715,3,51.076512
9392.417049,4,51.082512
343.475948,5,51.090296
343.434322,5,51.098908
343.431288,5,51.106907
883.280669,3,51.111937
9343.422117,5,51.118942
9423.273929,3,51.124058
-5625.725553,4,51.131121
-5539.856294,3,51.135328
-5098.582071,3,51.140328
-5098.588399,3,51.145482
9343.428855,5,51.151801
343.441307,5,51.159251
-20607.575172,4,51.166248
-20656.541497,5,51.173247
901.420491,3,51.182247
-5607.578523,4,51.188248
-5539.857488,3,51.194514
-5656.573989,5,51.201528
-5656.572038,5,51.210428
-5116.726883,3,51.224804
343.445287,5,51.233136
-5147.585485,4,51.239139
-5656.582959,5,51.24659
343.440382,5,51.25459
920.16403,3,51.259181
-20656.575051,5,51.266179
-5656.577206,5,51.272418
-5625.715848,4,51.278834
9343.4301,5,51.289837
-5576.724446,3,51.295427
852.42051,4,51.30143
-5607.579613,4,51.308432
343.456145,5,51.31494
-5098.588036,3,51.319038
-5576.729739,3,51.324265
9343.428524,5,51.332609
-20147.577034,4,51.338609
-5625.726328,4,51.345608
411.154921,4,51.351609
-20116.715081,3,51.356608
343.427229,5,51.364609
-5098.584805,3,51.369608
-5607.582552,4,51.37661
411.157529,4,51.382608
-5147.5792,4,51.388608
-5588.851835,4,51.399104
374.292829,4,51.405104
-20588.843661,4,51.411772
374.292781,4,51.416777
343.449062,5,51.423938
-5557.994388,3,51.430018
-5656.576509,5,51.437019
343.431691,5,51.44615
343.427812,5,51.45415
852.425101,4,51.461353
-5147.585042,4,51.467365
-5607.584183,4,51.47354
-5098.588886,3,51.478227
-5588.851335,4,51.484226
-5147.581128,4,51.490227
-5116.72529,3,51.496533
-5147.585846,4,51.502537
343.431349,5,51.513511
343.437686,5,51.521603
-5607.57379,4,51.528762
-5588.851636,4,51.534765
-5079.856133,3,51.539764
-5607.581076,4,51.545914
852.449132,4,51.551917
9901.413429,3,51.556914
-5539.854103,3,51.561925
-5656.576108,5,51.568925
-5116.725427,3,51.573926
343.423617,5,51.582569
9442.00345,3,51.587565
343.446926,5,51.595575
-5607.579045,4,51.60158
-5625.721736,4,51.606582
9343.41921,5,51.61728
-5098.586887,3,51.621279
343.4326,5,51.629667
883.324781,3,51.634668
411.151322,4,51.640672
-5656.58219,5,51.647884
9883.272549,3,51.652884
9852.415736,4,51.658887
343.427544,5,51.665883
883.285898,3,51.669884
9392.410436,4,51.675884
-20656.567518,5,51.683883
-5557.990109,3,51.687884
9883.272162,3,51.693886
-5116.727702,3,51.69989
-5116.725581,3,51.704891
-5147.583293,4,51.712376
-5098.58497,3,51.716883
-5656.582405,5,51.727883
442.017031,3,51.732883
-5607.581968,4,51.739885
343.461262,5,51.747884
-5539.854417,3,51.751883
9343.412843,5,51.759883
374.289342,4,51.765883
-20656.566176,5,51.773885
343.45561,5,51.781883
9423.276054,3,51.786884
-20656.570252,5,51.795064
-5098.582315,3,51.800069
9343.417836,5,51.806067
343.440118,5,51.814715
-5147.579473,4,51.820714
423.280603,3,51.824718
-5539.854311,3,51.829729
9343.416657,5,51.840736
343.427515,5,51.849099
-5656.578007,5,51.856116
343.444473,5,51.864536
9343.427079,5,51.872671
-5656.575742,5,51.879875
9883.275183,3,51.884872
9460.140313,3,51.888872
-5576.725825,3,51.893997
-20656.553735,5,51.902103
343.423303,5,51.910238
-5576.728929,3,51.915356
343.428513,5,51.922503
-5098.583573,3,51.927513
-20557.991299,3,51.932515
-5588.853785,4,51.938512
374.27956,4,51.946607
-5625.721048,4,51.952607
-5539.856949,3,51.956768
-5098.587096,3,51.963606
-5656.577238,5,51.971606
-5116.724444,3,51.976778
343.429299,5,51.984779
343.464901,5,51.992929
343.438078,5,52.00093
-20656.559796,5,52.008086
-5576.728608,3,52.013589
-5098.586906,3,52.018591
343.432743,5,52.026693
-5656.575174,5,52.034692
343.451874,5,52.042692
343.448442,5,52.053694
-5576.72537,3,52.059692
-5116.725152,3,52.064692
-5576.722787,3,52.068694
-5656.571121,5,52.077692
-5116.722295,3,52.082694
-20656.570774,5,52.090695
-5147.583557,4,52.096693
-5656.580429,5,52.1047
9460.144453,3,52.110729
920.148068,3,52.115115
-5607.580064,4,52.121133
-5625.726792,4,52.128175
-5098.587564,3,52.133176
9411.147688,4,52.139177
9460.141604,3,52.144545
343.422639,5,52.150607
-5656.575468,5,52.157752
-20656.556536,5,52.168906
9442.005218,3,52.174085
-5656.574744,5,52.181724
-20656.545364,5,52.189724
374.291732,4,52.198029
-5576.726345,3,52.20203
9460.143906,3,52.206143
852.44469,4,52.21379
343.42774,5,52.221787
343.44992,5,52.229787
411.151594,4,52.235786
-5098.583227,3,52.239786
-5607.583875,4,52.247207
343.449085,5,52.254202
-5079.856759,3,52.260431
-20147.563777,4,52.266431
9411.142701,4,52.276529
343.445092,5,52.284841
-5656.577438,5,52.292855
-5656.572558,5,52.300613
-20656.569892,5,52.30881
-5576.72352,3,52.313874
-5098.587135,3,52.318015
9343.416618,5,52.325855
-5576.725728,3,52.33088
343.464577,5,52.33888
-5147.584643,4,52.345404
9883.278378,3,52.350544
9901.413177,3,52.354544
852.431731,4,52.361524
-5539.856772,3,52.36653
9392.419904,4,52.372649
343.43026,5,52.382973
9343.417309,5,52.392121
-5656.575003,5,52.39912
-5079.857608,3,52.402119
9411.14419,4,52.409244
343.4388,5,52.416749
460.147793,3,52.42175
374.285813,4,52.428749
852.425421,4,52.434749
-5116.724156,3,52.439752
852.423606,4,52.44675
343.43432,5,52.453749
-5079.858082,3,52.459749
-5656.581992,5,52.46775
-5588.853208,4,52.473749
9883.274158,3,52.47975
-20656.564347,5,52.48675
-5656.567453,5,52.498761
9423.274103,3,52.503761
343.435222,5,52.511761
-5116.725907,3,52.516277
-5607.581487,4,52.522274
343.469817,5,52.530561
343.434865,5,52.538561
343.445287,5,52.546561
-5656.584128,5,52.554561
-5539.857017,3,52.559561
343.425976,5,52.567561
-20607.569322,4,52.572561
392.437284,4,52.580092
9460.145382,3,52.585242
9343.421493,5,52.60286
-5656.577664,5,52.611076
392.420934,4,52.617602
-20116.721901,3,52.621602
-5576.728458,3,52.626723
852.42644,4,52.633721
-20656.571173,5,52.641726
9343.418573,5,52.649794
9901.412205,3,52.654794
-5557.998003,3,52.659946
-5656.57578,5,52.667943
343.433115,5,52.675944
9343.412558,5,52.683943
-5147.584506,4,52.689943
-5116.723486,3,52.694943
-5656.571154,5,52.700946
-5116.723497,3,52.705946
-5607.575755,4,52.715466
-5588.855507,4,52.721466
-5098.588048,3,52.726467
-5576.723684,3,52.731466
411.165887,4,52.738466
343.427809,5,52.747789
901.429863,3,52.752789
-5656.576968,5,52.760789
9411.146382,4,52.766789
343.43123,5,52.773788
343.424496,5,52.781788
-5625.719005,4,52.787789
-20147.572227,4,52.794789
343.433987,5,52.802794
343.431504,5,52.810793
9901.41222,3,52.816301
-5607.582291,4,52.8263
-5656.568091,5,52.8333
-5079.856607,3,52.838614
-5588.856558,4,52.845752
-5656.576815,5,52.853752
-5576.726274,3,52.857915
343.431529,5,52.866261
-5116.722937,3,52.871261
9343.419222,5,52.878634
-5116.725306,3,52.882634
-5607.581323,4,52.889636
852.436433,4,52.895634
-5079.852558,3,52.900641
-5098.586203,3,52.905643
-5656.580018,5,52.913603
392.444019,4,52.920602
-5557.989974,3,52.925601
9442.002453,3,52.932921
-20656.5686,5,52.941085
-5576.72616,3,52.94615
-20656.566675,5,52.95415
9392.411521,4,52.961151
-5576.723332,3,52.965151
343.513426,5,52.973153
-5147.577557,4,52.98016
411.15701,4,52.98716
-5625.722057,4,52.993162
343.430536,5,53.000164
9411.144005,4,53.007164
343.438806,5,53.015671
852.425386,4,53.022672
-5607.578251,4,53.02967
-5656.585202,5,53.04067
-5557.997195,3,53.04567
-5625.720899,4,53.05267
-20656.558808,5,53.062685
-5079.855282,3,53.067743
343.446976,5,53.076749
-5079.856918,3,53.080747
-5656.573871,5,53.088748
-5656.581537,5,53.097224
-5576.724852,3,53.101638
-5576.724135,3,53.10565
9392.416167,4,53.113184
-5656.575045,5,53.121191
852.42542,4,53.127317
-5607.581158,4,53.134314
9374.285913,4,53.140316
-5576.720472,3,53.145314
-5147.579127,4,53.153786
392.425202,4,53.161507
411.152453,4,53.167832
-5098.588521,3,53.172946
-5557.998815,3,53.178177
9343.417859,5,53.186275
-5656.578323,5,53.194532
-20656.566494,5,53.202546
-5098.588709,3,53.207093
-5147.583772,4,53.214484
-20656.556578,5,53.221484
-5588.850663,4,53.22874
343.427017,5,53.23674
-20656.570053,5,53.244615
883.27855,3,53.249614
-5539.857303,3,53.254618
-5116.723677,3,53.262612
-5656.565483,5,53.270611
-5147.586597,4,53.276611
392.430716,4,53.283612
343.432775,5,53.29074
411.159263,4,53.297971
-5656.580358,5,53.304975
343.457433,5,53.313411
-5625.717145,4,53.319422
-20656.563308,5,53.32809
374.307547,4,53.33409
343.422348,5,53.342166
-5576.72427,3,53.347161
392.422919,4,53.354162
411.15986,4,53.36091
-5656.575411,5,53.371144
-20656.562342,5,53.380143
-5116.723362,3,53.384422
-5539.855376,3,53.388435
883.281331,3,53.394674
-5576.722509,3,53.39969
374.284757,4,53.405689
343.423303,5,53.413776
-20656.546884,5,53.421776
343.455091,5,53.429914
-5656.574596,5,53.437915
-5098.582219,3,53.443041
-20656.564134,5,53.451041
442.012956,3,53.455042
852.444657,4,53.462168
-5098.588121,3,53.467167
-5625.718212,4,53.474175
-5656.574974,5,53.485294
-5557.998325,3,53.489736
-5539.853687,3,53.495491
-5607.582319,4,53.501493
-5147.586916,4,53.508918
852.423323,4,53.515444
-5116.719586,3,53.519444
-5576.727242,3,53.524645
-5557.997503,3,53.530071
-20656.5649,5,53.538074
-5656.578796,5,53.546226
343.429578,5,53.554229
-5656.575578,5,53.561253
-5079.856206,3,53.566252
9343.421494,5,53.574269
9392.41493,4,53.58026
-5656.575679,5,53.591373
343.460257,5,53.599406
-5116.724526,3,53.603409
-5147.57745,4,53.61041
9423.274931,3,53.614926
374.298708,4,53.620926
-5079.854347,3,53.625927
9852.421674,4,53.632926
9901.413476,3,53.637925
-5557.997426,3,53.641997
-5116.725042,3,53.647424
9343.418798,5,53.65543
-5098.58971,3,53.659551
-5116.726014,3,53.665007
-5079.852856,3,53.669006
-5607.581334,4,53.674009
-5098.575973,3,53.678794
-5098.58398,3,53.682891
-5656.579298,5,53.691002
343.432177,5,53.702497
411.15249,4,53.709498
374.286751,4,53.715421
343.432974,5,53.721421
852.425632,4,53.72842
-5656.573308,5,53.736422
392.426374,4,53.742926
343.444546,5,53.749926
-5147.582385,4,53.75605
-5588.848447,4,53.76337
-5147.579274,4,53.770372
-5079.858044,3,53.77637
-5625.72356,4,53.78237
852.421965,4,53.789373
392.423609,4,53.795371
343.474498,5,53.803374
-5147.581885,4,53.812886
374.297948,4,53.817898
411.151848,4,53.824895
-5656.571044,5,53.831892
-5116.723284,3,53.835894
-5576.725479,3,53.841054
-5116.724038,3,53.84616
-5656.576896,5,53.85416
392.423743,4,53.860687
-5147.580416,4,53.867689
343.438292,5,53.875691
-5656.574429,5,53.883702
343.439641,5,53.890703
-5576.725712,3,53.897259
-5539.8562,3,53.901263
-5539.85512,3,53.906265
-5576.729028,3,53.911438
343.477824,5,53.921946
-5557.997671,3,53.927109
392.422325,4,53.933108
-5098.583531,3,53.937108
343.423557,5,53.944888
-5588.852806,4,53.960138
392.424485,4,53.966299
343.434676,5,53.974308
852.429495,4,53.980677
-5656.568558,5,53.988677
-5557.997377,3,53.993975
-5588.856372,4,53.999987
-5539.8584,3,54.004987
-5607.582669,4,54.011468
-5607.582477,4,54.017977
-20656.560984,5,54.029216
-5656.58088,5,54.037216
343.437787,5,54.045343
-5098.582839,3,54.050343
343.432024,5,54.058452
9343.421839,5,54.066451
374.285804,4,54.073452
9392.419616,4,54.079452
343.450532,5,54.087452
9343.426237,5,54.095663
-20656.577554,5,54.1038
392.426279,4,54.109931
-5116.725708,3,54.115445
852.427407,4,54.121644
-5656.584956,5,54.129745
9920.144012,3,54.138031
-5576.726237,3,54.143144
-20588.847196,4,54.149142
9423.278349,3,54.154142
411.152841,4,54.160784
852.433436,4,56.585967
-20656.556215,5,56.593966
-5539.857465,3,56.598966
-5098.585613,3,56.603969
392.424295,4,56.60997
-5625.727712,4,56.616999
343.44961,5,56.624446
392.4234,4,56.630454
-5098.587165,3,56.634454
-5576.726469,3,56.638453
-5607.584795,4,56.644595
883.277713,3,56.649598
-5539.85779,3,56.657601
9442.004833,3,56.662872
-5625.714128,4,56.668393
-5147.585528,4,56.683797
-20588.846242,4,56.689797
343.430398,5,56.698796
-5625.720722,4,56.704803
-5656.574967,5,56.711805
-5098.580099,3,56.716397
-5656.578274,5,56.725175
374.295918,4,56.731869
9392.417534,4,56.737869
-5588.852446,4,56.745077
9374.280733,4,56.751077
-5588.855528,4,56.758082
9423.274564,3,56.766526
392.424978,4,56.773523
-5656.583916,5,56.780523
343.440936,5,56.788523
-5576.72204,3,56.793525
-5576.722087,3,56.798706
-5098.585296,3,56.802709
-5656.576281,5,56.810709
-5079.856124,3,56.816216
343.457462,5,56.823216
9460.14326,3,56.829217
-5656.572918,5,56.837217
343.433346,5,56.846217
392.427802,4,56.852217
9392.415419,4,56.859218
9392.419205,4,56.865226
343.433265,5,56.875865
-5656.577469,5,56.883873
343.427552,5,56.891547
-5625.724554,4,56.898571
-20656.562809,5,56.906574
-5656.572871,5,56.913574
-5116.722889,3,56.918083
-5539.85587,3,56.922173
-5147.58102,4,56.929169
9343.427711,5,56.937169
343.431733,5,56.945169
-5147.582378,4,56.951169
-5588.847974,4,56.957306
-5656.578329,5,56.96547
-5098.579295,3,56.969809
-5557.995751,3,56.974972
9460.142006,3,56.98043
-5625.712129,4,56.98967
-5656.56712,5,56.998684
852.427791,4,57.004687
9460.144646,3,57.009829
-5098.588295,3,57.015035
343.444804,5,57.022043
343.425513,5,57.029054
883.280394,3,57.034446
920.157101,3,57.039449
-5576.722381,3,57.043973
9392.421782,4,57.050344
-5576.727843,3,57.055345
9343.427848,5,57.063484
-20588.849572,4,57.070482
343.44111,5,57.078634
343.440496,5,57.086634
-5576.726445,3,57.093989
-5116.720633,3,57.098988
-5656.573315,5,57.107208
-20656.560053,5,57.11571
9343.43097,5,57.123715
-20656.565717,5,57.132763
-20588.843718,4,57.139763
-20588.844581,4,57.146807
9343.428593,5,57.154809
-5539.85539,3,57.159806
343.435729,5,57.168806
9901.414216,3,57.172806
9374.280795,4,57.180806
-20116.719849,3,57.185806
9374.275475,4,57.19333
-5147.586016,4,57.199382
852.422452,4,57.209256
9343.415413,5,57.21677
9883.280313,3,57.220769
9460.1447,3,57.225771
-5607.582655,4,57.231769
-5656.579885,5,57.237769
-20607.578333,4,57.245768
411.152085,4,57.251766
-20656.555769,5,57.259363
-5656.578772,5,57.267362
920.17538,3,57.271362
343.437704,5,57.280362
920.154914,3,57.285361
-5539.857878,3,57.289483
9343.415135,5,57.298493
-5656.576235,5,57.305499
343.47072,5,57.318008
9411.148898,4,57.324012
-5607.584681,4,57.331007
-20656.551473,5,57.339006
-5576.729997,3,57.344239
852.424359,4,57.351239
-5557.99498,3,57.35624
-5656.581131,5,57.364338
-5625.716607,4,57.369338
343.474197,5,57.376988
343.449912,5,57.385221
343.510466,5,57.393578
343.452516,5,57.401577
852.433867,4,57.408694
-5147.583034,4,57.414689
343.424359,5,57.426227
-5116.722446,3,57.431225
9852.420757,4,57.436494
392.42706,4,57.44174
411.16754,4,57.44874
343.453479,5,57.45574
9901.414215,3,57.46074
-5098.583881,3,57.46574
-5079.85868,3,57.46974
343.433573,5,57.47674
343.43449,5,57.48374
343.461036,5,57.49174
-5607.581483,4,57.49874
-5098.588448,3,57.502743
9411.147909,4,57.509743
-5576.726544,3,57.514747
343.448248,5,57.522257
-5079.858913,3,57.527257
374.290541,4,57.536255
-5588.852489,4,57.543562
9901.410221,3,57.547905
-5079.852498,3,57.552906
-5656.582175,5,57.561378
343.463126,5,57.568376
-5116.723312,3,57.573886
883.279205,3,57.578882
852.428559,4,57.58588
343.439208,5,57.594466
343.43314,5,57.600465
-5656.580259,5,57.609472
-20116.709098,3,57.614468
-5557.996796,3,57.618975
9392.410073,4,57.625975
-5656.583495,5,57.633975
-5576.723387,3,57.640978
343.431335,5,57.650193
9343.427307,5,57.657567
-20147.573379,4,57.663566
9883.276606,3,57.668566
-5656.577505,5,57.676949
-5147.579131,4,57.683945
-5079.856779,3,57.688944
-5607.582128,4,57.694949
-5607.581539,4,57.701115
9343.419326,5,57.709461
411.151669,4,57.714459
343.438924,5,57.720981
883.284181,3,57.726571
9460.144287,3,57.731569
374.286322,4,57.737569
411.168736,4,57.74785
392.425312,4,57.75385
-5539.85242,3,57.759477
-5588.852481,4,57.765477
883.286733,3,57.770477
343.440403,5,57.778625
-5656.569917,5,57.786625
9343.421421,5,57.794961
9411.148444,4,57.800963
-5539.859235,3,57.806093
9423.274191,3,57.810602
-5539.852357,3,57.81461
-5147.580633,4,57.821119
374.297202,4,57.82818
9343.411555,5,57.836185
-5625.716426,4,57.842971
343.441333,5,57.850978
423.277909,3,57.859233
343.43466,5,57.867229
-5625.72515,4,57.87348
-5656.576681,5,57.880916
-5656.57582,5,57.888449
343.429205,5,57.896616
343.452116,5,57.903616
374.28483,4,57.910734
-5625.724995,4,57.917244
374.289881,4,57.923241
-5539.858554,3,57.929241
-5147.584519,4,57.934241
852.438501,4,57.940241
9901.414334,3,57.945241
9411.150079,4,57.951241
-5557.997059,3,57.955241
442.014051,3,57.961241
-20147.577087,4,57.970528
852.427991,4,57.977528
-5557.996323,3,57.981815
343.438246,5,57.990811
343.435341,5,57.999896
-5098.58111,3,58.004899
-5147.586125,4,58.01196
343.439256,5,58.019468
-5607.576321,4,58.025645
9460.144234,3,58.040408
-20656.567655,5,58.048404
343.434421,5,58.056403
-5539.855893,3,58.060469
-5079.854363,3,58.065467
-5116.727131,3,58.070466
-5576.726119,3,58.078468
-20656.556094,5,58.086467
-5588.852754,4,58.092477
-5098.587022,3,58.097475
-5588.848944,4,58.103477
-5607.581283,4,58.110477
920.169362,3,58.114478
374.297286,4,58.120985
-5656.574577,5,58.128984
-5656.571575,5,58.136985
343.446331,5,58.144984
343.428122,5,58.152985
9392.41936,4,58.159984
-5588.848506,4,58.165984
852.439098,4,58.171984
-5607.584217,4,58.178984
-5576.716733,3,58.186985
392.42922,4,58.193985
343.426006,5,58.201988
-5116.722918,3,58.207989
9460.144287,3,58.212989
9343.423689,5,58.220495
374.28076,4,58.227495
343.456139,5,58.235495
343.424318,5,58.243222
-20656.557731,5,58.25165
-5656.575084,5,58.260786
9442.005398,3,58.265782
-5098.587698,3,58.270782
-5557.988523,3,58.275871
343.453556,5,58.283871
9442.003327,3,58.288871
-5147.576987,4,58.297873
374.288682,4,58.30488
-5656.581273,5,58.31288
-5116.728496,3,58.317398
460.151478,3,58.322398
-5576.729578,3,58.327497
9374.272092,4,58.332511
-5557.996872,3,58.336511
392.424437,4,58.342615
-5079.854648,3,58.347612
-5588.84602,4,58.353612
-5557.997444,3,58.358614
-5539.856659,3,58.363612
343.439068,5,58.369612
-5656.582602,5,58.377735
9392.421644,4,58.384113
343.440423,5,58.392541
-5539.857602,3,58.397544
-5079.849947,3,58.406038
-5625.722122,4,58.413211
-5116.726331,3,58.418016
852.434141,4,58.424015
-5656.577359,5,58.43302
-5656.573049,5,58.440127
343.430927,5,58.447415
343.439782,5,58.454414
-5656.574662,5,58.46259
-5116.724105,3,58.466687
9343.424011,5,58.473689
-5557.998009,3,58.477937
-5098.589354,3,58.483069
-5656.57844,5,58.491076
-5079.858192,3,58.49614
-5656.582378,5,58.504144
-5079.857396,3,58.512147
-5098.58433,3,58.516146
9374.273593,4,58.52066
343.44098,5,58.528661
9901.41379,3,58.53266
883.27974,3,58.53666
343.425864,5,58.544661
-5147.582689,4,58.551661
-5656.578921,5,58.55966
-5607.578861,4,58.565658
-5576.725048,3,58.570661
392.427587,4,58.577838
343.427101,5,58.584838
-5098.58471,3,58.589838
343.430411,5,58.597838
-5079.857517,3,58.602841
-5098.587194,3,58.607846
-5079.857807,3,58.612845
343.472755,5,58.623357
920.162074,3,58.629358
9392.416545,4,58.635357
374.285673,4,58.641357
-5656.576314,5,58.649357
-5147.58364,4,58.655357
-5079.854921,3,58.660357
9852.419313,4,58.666357
-5576.722502,3,58.671357
-20656.556547,5,58.679357
343.446331,5,58.686526
-5098.586653,3,58.691579
-5539.858932,3,58.696574
343.424648,5,58.705577
9460.143419,3,58.710578
343.466978,5,58.719089
9901.412678,3,58.725096
-5656.571919,5,58.736592
-5147.58138,4,58.743592
-5607.583658,4,58.750005
9852.418076,4,58.756003
852.427136,4,58.763003
-5656.579367,5,58.769003
-5079.857979,3,58.774004
343.445032,5,58.782147
-5607.580016,4,58.788147
-5116.723082,3,58.793253
-5557.998204,3,58.798252
852.425665,4,58.804258
9442.003116,3,58.80937
-5116.724746,3,58.814789
-5539.856623,3,58.819305
411.154565,4,58.825943
-5147.579825,4,58.831952
-5656.583667,5,58.84296
-5656.586322,5,58.850993
-5147.58166,4,58.858211
-5656.575656,5,58.866358
9423.279241,3,58.870358
9901.413355,3,58.876017
-5098.587192,3,58.881016
852.440516,4,58.887385
9883.275684,3,58.892661
-5116.727607,3,58.898658
9374.28064,4,58.904663
9460.142222,3,58.910125
343.544751,5,58.917635
411.157156,4,58.923767
-5116.723862,3,58.928767
901.41895,3,58.932772
9920.144773,3,58.937767
901.431695,3,58.942767
-5147.580146,4,58.951779
-5079.851484,3,58.957289
411.163952,4,58.964704
-5539.857159,3,58.969713
374.298156,4,58.975312
-5656.568689,5,58.984002
9343.423443,5,58.990134
-5588.851468,4,58.997576
852.426134,4,59.003578
343.427775,5,59.011581
460.157114,3,59.015578
343.444351,5,59.024086
-5079.856608,3,59.029086
9852.421585,4,59.035086
9411.144632,4,59.042086
442.015804,3,59.047086
343.430284,5,59.054086
-5539.856364,3,59.062849
-20656.555224,5,59.069849
-5079.849191,3,59.075851
343.420992,5,59.083849
-5079.856912,3,59.087849
343.455047,5,59.095849
9901.412362,3,59.100849
-5656.576151,5,59.108852
392.423188,4,59.114852
-5656.577369,5,59.123475
-5079.857754,3,59.128477
-5098.587836,3,59.132476
883.285898,3,59.137475
852.422499,4,59.143601
-5607.582555,4,59.148601
9852.421097,4,59.1536
343.43493,5,59.162724
9883.272936,3,59.170727
343.443169,5,59.178723
-5625.718254,4,59.184723
9343.426944,5,59.192724
-5079.856653,3,59.197724
-5588.849958,4,59.20389
-5656.584177,5,59.211997
-5147.581366,4,59.21868
9883.275578,3,59.223115
-5656.579187,5,59.230787
-5116.727316,3,59.234787
852.44127,4,59.240792
-5079.855868,3,59.245863
-5588.847357,4,59.251863
374.286527,4,59.258864
883.280445,3,59.263926
-5625.720157,4,59.269926
9460.143031,3,59.27843
343.447422,5,59.286436
411.161648,4,59.293972
852.42473,4,59.29997
343.45681,5,59.307634
442.011684,3,59.312634
-5588.855107,4,59.319143
-5656.574602,5,59.327159
-5539.856759,3,59.332158
-5588.854995,4,59.338158
-5147.586752,4,59.344553
-5588.849821,4,59.351549
-5116.725475,3,59.355551
901.424285,3,59.360953
-5147.585184,4,59.366952
-5116.725175,3,59.371953
343.434009,5,59.380106
852.423263,4,59.389103
343.429431,5,59.397102
374.283534,4,59.403627
-20607.576132,4,59.415651
374.302227,4,59.421161
-5147.578923,4,59.427026
-5147.575741,4,59.433134
343.443875,5,59.441163
-5588.854351,4,59.448419
9423.275125,3,59.45242
9343.417214,5,59.460559
-5607.583081,4,59.466559
-5147.582117,4,59.472714
-5576.723926,3,59.477839
-5625.721816,4,59.484838
-5079.856676,3,59.488841
343.451381,5,59.500023
-5539.858256,3,59.505028
374.301171,4,59.511166
852.437193,4,59.517673
411.156373,4,59.523678
-5116.719922,3,59.528989
423.290712,3,59.53299
9460.142795,3,59.536989
-20588.838873,4,59.54408
-5098.584331,3,59.549127
-20656.566637,5,59.557648
411.153895,4,59.563871
-5656.578853,5,59.571871
852.430215,4,59.578159
-20656.562665,5,59.586159
343.450027,5,59.594629
-5539.854193,3,59.598629
-5539.857034,3,59.606786
-5576.728048,3,59.611924
411.172219,4,59.618721
-5656.57231,5,59.62616
9374.27744,4,59.632159
852.443229,4,59.638159
343.451069,5,59.646276
-5576.724909,3,59.651276
-5656.578175,5,59.659399
-5147.585213,4,59.665412
-5147.578402,4,59.671407
374.28151,4,59.67841
343.430955,5,59.686544
343.427033,5,59.694659
9920.14717,3,59.699065
-5116.721927,3,59.704072
-5656.57481,5,59.716068
-5625.721677,4,59.721574
9901.417269,3,59.727577
852.434232,4,59.733574
343.42706,5,59.74158
9411.147287,4,59.748575
9343.426803,5,59.755691
9392.423348,4,59.763118
883.281935,3,59.768117
-5656.574824,5,59.775272
343.438331,5,59.783757
-5147.583048,4,59.78876
343.431859,5,59.797167
-5116.72258,3,59.802166
343.435261,5,59.809728
920.152065,3,59.813726
9852.4201,4,59.818233
-5656.574337,5,59.829419
-5098.580183,3,59.834419
-5656.574858,5,59.8419
-20656.570803,5,59.849899
392.424109,4,59.856002
-5539.85787,3,59.862017
9901.412972,3,59.867015
392.459732,4,59.873842
-5576.724233,3,59.878909
852.434255,4,59.884907
-5656.576246,5,59.893034
-5576.727943,3,59.898033
-5116.725375,3,59.903035
-5576.725656,3,59.907035
9343.424037,5,59.915035
852.423847,4,59.920542
-20116.690492,3,59.925542
-5147.57645,4,59.935542
343.440043,5,59.943741
-5539.856897,3,59.947833
-20656.563648,5,59.956296
-5656.578287,5,59.964722
-5557.997981,3,59.968722
-5116.724861,3,59.973866
-5656.572452,5,62.410806
9852.421439,4,62.417804
-5079.856754,3,62.422317
343.433072,5,62.430374
343.43249,5,62.440374
9374.27845,4,62.448374
343.445062,5,62.456376
-5098.588076,3,62.461539
343.466862,5,62.469678
411.150364,4,62.476807
9343.424189,5,62.484807
-5539.857829,3,62.488967
901.42448,3,62.495479
-5588.850297,4,62.501567
-5098.584655,3,62.505695
343.440033,5,62.514713
343.442175,5,62.522223
374.288416,4,62.529356
-20656.548964,5,62.537355
-5588.849681,4,62.544529
9442.002586,3,62.551529
-5116.725333,3,62.55653
852.431531,4,62.563649
-5147.58382,4,62.569648
343.425782,5,62.577804
374.299701,4,62.583802
-5588.850915,4,62.590809
-5147.579358,4,62.597083
-5656.581996,5,62.605087
-5116.725264,3,62.609412
883.284581,3,62.614412
-5147.577471,4,62.620918
9392.420449,4,62.626918
-5588.847891,4,62.633918
-5607.578394,4,62.639918
852.448558,4,62.645918
-5588.854827,4,62.652918
-5557.993661,3,62.660918
343.449085,5,62.667919
-5539.854506,3,62.673235
343.43873,5,62.681234
9901.416165,3,62.685234
392.423298,4,62.693234
343.428852,5,62.701234
9442.004398,3,62.706237
9423.274163,3,62.712237
392.426576,4,62.718237
9374.273484,4,62.725787
343.426303,5,62.733792
-5098.589434,3,62.737792
-5656.581351,5,62.746183
-5098.586823,3,62.751183
-5656.58042,5,62.759184
-5625.717409,4,62.768183
9852.415768,4,62.774366
343.433157,5,62.783366
-5625.717306,4,62.789366
-5147.582123,4,62.79651
9343.413212,5,62.804509
-5079.852702,3,62.809512
-5625.722602,4,62.815511
9374.275153,4,62.822019
-20656.566686,5,62.830018
-20656.569686,5,62.838229
-5539.846483,3,62.844457
-5147.581955,4,62.850462
-5079.856686,3,62.855585
-20656.558263,5,62.863752
-20656.563706,5,62.873991
-5656.577472,5,62.883011
-5576.725318,3,62.887012
-5098.58541,3,62.89201
9423.280209,3,62.897011
9460.144252,3,62.902011
-20656.572035,5,62.909437
343.428174,5,62.917441
392.455714,4,62.924376
-5625.722646,4,62.930651
-5607.585605,4,62.935651
-5147.58295,4,62.942652
343.437159,5,62.950661
9392.416785,4,62.956663
-5607.582674,4,62.96367
-5588.851132,4,62.96867
9423.276967,3,62.972673
-5656.569495,5,62.983738
343.434967,5,62.993366
-5557.995615,3,62.998516
343.432907,5,63.006518
9883.27558,3,63.01152
-5079.853666,3,63.016518
374.290586,4,63.022025
-5607.582702,4,63.029025
-5576.727473,3,63.033026
343.425575,5,63.041028
-5656.579591,5,63.049029
-5098.586927,3,63.054029
-5098.580179,3,63.059028
-5607.579976,4,63.065026
9920.149283,3,63.070025
901.42172,3,63.075026
-5656.577956,5,63.083025
-5607.58019,4,63.092026
-5098.580757,3,63.097026
-5588.850105,4,63.104026
-5539.849695,3,63.10903
9460.141972,3,63.114028
-5557.999372,3,63.119028
-5625.714889,4,63.125534
343.427349,5,63.133534
343.429751,5,63.140534
-5079.857478,3,63.146534
-5656.572408,5,63.153643
-5656.579292,5,63.162015
-5656.57916,5,63.169016
-5588.848775,4,63.176015
-5147.582084,4,63.182015
-20607.574906,4,63.188014
-20656.558689,5,63.195015
-20116.715944,3,63.203078
343.430273,5,63.211283
-5656.577369,5,63.218585
-5588.852866,4,63.224252
-5098.589078,3,63.229245
-5557.998214,3,63.234245
-5656.577658,5,63.241251
-5656.581126,5,63.249619
343.450158,5,63.257621
9423.274583,3,63.263165
-5576.72496,3,63.268164
343.429102,5,63.276167
-5607.586334,4,63.281164
-5079.850783,3,63.285164
411.16586,4,63.290308
423.280032,3,63.294664
343.438658,5,63.302664
-20656.564895,5,63.314316
-5557.993441,3,63.318316
9423.276385,3,63.323833
-5576.726616,3,63.328364
9343.419523,5,63.336365
-5656.578737,5,63.344984
-20079.851363,3,63.34898
343.437787,5,63.356527
343.433895,5,63.365524
343.426908,5,63.37352
-5147.585585,4,63.38052
392.42589,4,63.38652
423.283708,3,63.391521
-5147.58699,4,63.39752
343.434256,5,63.405523
-5656.571543,5,63.413523
-5576.725754,3,63.42203
-5098.587396,3,63.427031
-5557.988988,3,63.431031
-5147.583862,4,63.437031
9852.416169,4,63.443591
9411.14571,4,63.450586
-5557.991663,3,63.455591
392.440091,4,63.462673
343.461472,5,63.470118
852.458673,4,63.477124
343.430535,5,63.485809
-5098.583315,3,63.495
-20656.551894,5,63.503
343.432912,5,63.511127
-5607.571817,4,63.516127
9411.145183,4,63.522644
411.160253,4,63.530921
374.287413,4,63.536922
-20656.569236,5,63.544481
-5539.856425,3,63.549489
9901.412852,3,63.55449
920.153646,3,63.559489
852.431482,4,63.565489
411.153121,4,63.57149
-5607.577342,4,63.578488
-5656.582644,5,63.58649
9411.142796,4,63.592493
343.429039,5,63.600489
411.158383,4,63.606819
-5079.85668,3,63.612243
-20656.560407,5,63.619242
9852.424095,4,63.626922
9460.144279,3,63.630923
-20656.57485,5,63.642213
374.304431,4,63.649254
374.281334,4,63.655702
9343.414955,5,63.663712
-5588.856856,4,63.670712
-5147.581635,4,63.676966
883.27753,3,63.681964
-5656.583343,5,63.68927
392.423682,4,63.695856
-5098.588848,3,63.700317
-5625.721995,4,63.707463
-5576.724459,3,63.712457
343.429728,5,63.719564
-5539.857213,3,63.724191
883.278757,3,63.729519
920.153536,3,63.73452
-5607.580341,4,63.740519
-5607.582956,4,63.750624
-5656.570975,5,63.758623
852.423747,4,63.764623
901.421716,3,63.769623
-5576.725579,3,63.774629
343.449768,5,63.781624
-5576.728855,3,63.785624
9411.150494,4,63.791623
343.428712,5,63.797624
-5656.572062,5,63.804624
-5656.562996,5,63.811484
-5607.579076,4,63.817486
-5116.725716,3,63.822994
9411.148188,4,63.829412
343.425564,5,63.837412
374.292079,4,63.843638
-20147.57803,4,63.850656
374.282576,4,63.859699
-20147.568471,4,63.866701
343.425181,5,63.87435
-5539.857076,3,63.879349
392.423767,4,63.886349
343.438209,5,63.893934
-5079.8528,3,63.898932
-20656.558583,5,63.906937
374.294045,4,63.911937
-5098.584167,3,63.915937
411.156478,4,63.921441
852.421634,4,63.92835
-5539.855119,3,63.93335
-5147.580508,4,63.939349
-20098.580921,3,63.944349
343.433257,5,63.951349
-5079.851673,3,63.956352
392.427212,4,63.963501
-5588.852545,4,63.972504
883.290042,3,63.977504
9460.141818,3,63.982502
-5607.581141,4,63.9875
9901.413905,3,63.99262
-5576.725758,3,63.997623
-5098.587868,3,64.001623
-5116.722368,3,64.00663
-5576.720961,3,64.012079
9901.411386,3,64.016606
343.433978,5,64.024544
374.29392,4,64.030988
-5607.57377,4,64.036988
-5588.854935,4,64.043575
-5625.720569,4,64.04981
411.159104,4,64.056809
9460.145031,3,64.061821
343.443919,5,64.069819
343.432186,5,64.080823
-5116.728147,3,64.084822
852.425161,4,64.091824
-5625.720183,4,64.09782
343.445708,5,64.105958
-5557.996689,3,64.111467
901.423204,3,64.115467
-5607.577529,4,64.121979
-20656.570113,5,64.129975
852.435768,4,64.135975
-5539.85823,3,64.140977
-5588.852968,4,64.14828
-5147.580316,4,64.15442
9343.41561,5,64.16263
-5576.725229,3,64.16663
343.435729,5,64.174703
-5576.72723,3,64.180073
9343.420073,5,64.190804
374.285805,4,64.197804
9411.148928,4,64.203804
343.429936,5,64.211811
-5656.579563,5,64.218966
343.433643,5,64.227413
-20656.550433,5,64.234412
-5557.996133,3,64.239412
-20656.239185,5,64.246602
-20656.569874,5,64.253036
852.423672,4,64.259507
852.434347,4,64.266515
-5539.857806,3,64.270515
343.440785,5,64.278673
9374.280708,4,64.284669
9343.434884,5,64.294805
852.424616,4,64.300805
343.425162,5,64.30881
343.425629,5,64.317101
343.431257,5,64.325258
-5656.576337,5,64.332253
411.153182,4,64.339255
-5147.584574,4,64.345265
-5607.583718,4,64.352264
-5576.722888,3,64.356867
9343.426335,5,64.364346
-5098.586867,3,64.369343
-5079.858985,3,64.374345
-5116.723351,3,64.378801
-5656.572676,5,64.386801
9343.424282,5,64.39421
9411.141067,4,64.401209
-20607.575499,4,64.411481
9920.144306,3,64.415481
343.434667,5,64.42372
343.498072,5,64.431722
-5656.578657,5,64.439723
-5079.857382,3,64.444722
343.439186,5,64.452722
852.441861,4,64.459723
-5116.726264,3,64.464722
-20625.698987,4,64.469723
343.442505,5,64.477948
343.431063,5,64.486054
343.434142,5,64.49358
9920.150273,3,64.498778
852.433076,4,64.504778
-5557.996923,3,64.509786
883.280054,3,64.517137
343.428912,5,64.525234
-5656.580185,5,64.533226
-5576.724155,3,64.538226
-5098.584684,3,64.543309
-20147.579177,4,64.548367
-5147.583984,4,64.553367
374.286822,4,64.559702
-5079.856588,3,64.565283
-5557.994327,3,64.569283
-5116.724202,3,64.57446
-5625.719233,4,64.581458
-5656.574707,5,64.58846
343.438414,5,64.596695
852.420976,4,64.603695
343.431606,5,64.612211
-5098.586593,3,64.61621
343.447797,5,64.628718
-5656.576302,5,64.63672
-5098.585501,3,64.641723
-20656.568119,5,64.649722
-5607.580534,4,64.655718
411.157539,4,64.662718
-5098.585054,3,64.667718
-20655.969972,5,64.676384
423.290305,3,64.681384
9343.420311,5,64.689386
9852.419119,4,64.695386
-5576.729002,3,64.700386
9392.414381,4,64.706507
392.421776,4,64.713507
-5116.722593,3,64.718507
343.428668,5,64.726651
343.439673,5,64.736808
9920.145185,3,64.740814
-5557.996488,3,64.746159
-5147.585773,4,64.753206
374.281472,4,64.759281
-20656.567309,5,64.766279
411.166097,4,64.771279
9442.012866,3,64.776282
-5098.588021,3,64.78028
-5116.724512,3,64.785279
-5147.581108,4,64.791283
852.423829,4,64.79828
-5539.857551,3,64.803281
-5576.726026,3,64.807501
-5079.854299,3,64.812983
-20656.553429,5,64.819983
-5147.584241,4,64.827925
-5607.57813,4,64.833962
-20147.570679,4,64.843571
883.279537,3,64.855595
-5079.858931,3,64.861434
-5656.578019,5,64.868434
-5607.583032,4,64.874876
852.425548,4,64.881273
883.289806,3,64.886273
-5656.569033,5,64.894381
343.4526,5,64.900394
9883.274938,3,64.904399
-5539.856523,3,64.909405
343.435868,5,64.917468
343.450453,5,64.925085
343.43545,5,64.933095
-5539.856106,3,64.938096
-5656.574123,5,64.945591
9883.278716,3,64.95359
-20588.836351,4,64.96059
-5588.851764,4,64.96659
-5116.723769,3,64.971719
9442.003116,3,64.975957
-20625.698473,4,64.982968
374.283242,4,64.987965
9901.414117,3,64.992444
-20656.56359,5,65.000497
9411.143398,4,65.006496
343.448089,5,65.01488
9343.418218,5,65.022502
-5607.5835,4,65.029664
-5656.575236,5,65.037677
-20147.576822,4,65.044313
9343.416393,5,65.051322
9343.414055,5,65.06271
411.169037,4,65.068709
-20656.567345,5,65.078338
-5576.726621,3,65.082338
-5116.72386,3,65.087337
343.43588,5,65.095702
-5607.583544,4,65.101702
343.436654,5,65.109906
-5557.997471,3,65.114906
-5607.578287,4,65.119905
-5656.579439,5,65.128994
-5539.858669,3,65.133992
852.426772,4,65.139996
-5539.857676,3,65.144993
852.434582,4,65.150993
343.445957,5,65.158266
-5656.571619,5,65.165331
9374.279793,4,65.173481
-5656.575061,5,65.181928
343.433172,5,65.189232
9411.15287,4,65.196232
343.459528,5,65.204232
343.428307,5,65.212931
-5656.571569,5,65.219931
9883.273909,3,65.225639
901.428791,3,65.230652
-5147.580447,4,65.236648
-5147.584936,4,65.243122
374.297276,4,65.249455
343.43145,5,65.257462
9392.419393,4,65.263455
9374.283034,4,65.270455
-5098.583379,3,65.275456
9901.413467,3,65.283528
442.017749,3,65.287528
-5147.5799,4,65.294402
9460.145634,3,65.299411
-5557.996596,3,65.304411
-5607.580649,4,65.311049
343.43467,5,65.319057
901.417811,3,65.32377
9460.143901,3,65.327993
-5576.72591,3,65.333002
9343.430951,5,65.340522
374.286434,4,65.347273
9883.273256,3,65.352273
920.147621,3,65.35759
-5588.855424,4,65.363582
374.285198,4,65.370583
-5147.582277,4,65.376852
-5656.565828,5,65.384861
-5116.725837,3,65.392687
-5588.853768,4,65.399145
343.483998,5,65.406579
920.150303,3,65.413
392.43347,4,65.42
9460.146682,3,65.425511
9920.142415,3,65.430508
9411.147175,4,65.435508
-20116.721426,3,65.440508
-5625.71858,4,65.44751
-5588.855547,4,65.45351
9392.419177,4,65.461476
343.423579,5,65.468831
-5588.853229,4,65.47583
9883.274958,3,65.480829
423.278819,3,65.484829
-5079.854398,3,65.489829
-5576.724068,3,65.498829
-5079.852423,3,65.502829
343.478666,5,65.512199
343.439464,5,65.520194
343.428215,5,65.52832
9883.273383,3,65.533319
374.280797,4,65.539321
343.434113,5,65.546575
343.436299,5,65.553575
9901.417693,3,65.557576
343.514407,5,65.565784
392.422254,4,65.571786
-5116.723088,3,65.576787
-5116.720369,3,65.581784
343.473855,5,65.589786
343.434244,5,65.597784
9920.142014,3,65.602784
-5656.587685,5,65.613287
343.435645,5,65.620279
-20147.568557,4,65.627787
-5576.72664,3,65.632787
343.436278,5,65.640202
343.451193,5,65.648202
-5656.578018,5,65.654547
-5539.855331,3,65.659973
343.435197,5,65.666973
-5576.726237,3,65.670973
-5098.586817,3,65.675973
9343.434895,5,65.683973
-20539.333599,3,65.687973
411.152519,4,65.694973
9343.412198,5,65.702974
9374.271834,4,65.710323
343.438351,5,65.720325
9901.415023,3,65.726837
852.42736,4,65.731833
-5588.851736,4,65.737834
-5656.576932,5,65.745833
852.426045,4,65.751833
343.436644,5,65.759491
-5539.85746,3,65.76393
-20625.715604,4,68.215784
901.424038,3,68.219784
343.42687,5,68.23039
-5098.58646,3,68.23439
920.155067,3,68.23839
-5576.72696,3,68.24439
-5116.723594,3,68.24939
-5656.574842,5,68.25739
392.434924,4,68.263414
9852.41807,4,68.270414
343.438664,5,68.278686
9460.144287,3,68.282687
-5656.582352,5,68.290688
-5539.85653,3,68.295687
9460.145243,3,68.300687
-20625.709359,4,68.306687
411.154888,4,68.314091
-20656.571414,5,68.321089
343.428245,5,68.329604
-5147.584752,4,68.338604
-5147.581719,4,68.345604
-5588.85285,4,68.352605
343.438711,5,68.359644
343.454319,5,68.368644
-5147.579775,4,68.374653
-5588.853339,4,68.381644
343.473262,5,68.389775
-5607.582655,4,68.396775
-5079.854546,3,68.401776
-20147.566217,4,68.407894
-5656.56701,5,68.416203
-20116.721593,3,68.421203
-5147.581437,4,68.427846
343.428676,5,68.434847
-5098.585445,3,68.438846
-5588.850391,4,68.448625
-5098.58858,3,68.453625
343.431112,5,68.461624
-5656.578251,5,68.469625
9411.144237,4,68.476627
343.436083,5,68.483842
343.428656,5,68.492344
343.430688,5,68.499357
9423.274197,3,68.503358
411.152862,4,68.509671
9374.282132,4,68.516675
9901.413884,3,68.520675
9442.012866,3,68.526396
374.315523,4,68.532395
-5116.723677,3,68.537399
-5079.858946,3,68.542524
852.424814,4,68.549521
-5576.726451,3,68.556864
343.445327,5,68.565111
901.421434,3,68.570108
-5079.852045,3,68.575609
-5098.589219,3,68.580618
-5656.579093,5,68.588621
9343.42016,5,68.596617
343.425262,5,68.604618
423.279375,3,68.609617
-20588.843998,4,68.616622
-5539.857804,3,68.62162
-5116.726,3,68.627137
-5607.579971,4,68.633135
-5576.724421,3,68.638132
-5098.586592,3,68.643712
9374.277814,4,68.649713
-5557.995149,3,68.654711
883.342659,3,68.659924
-5588.852482,4,68.668923
-5098.581585,3,68.673928
343.43087,5,68.682703
343.440366,5,68.689832
9343.428856,5,68.698853
374.285675,4,68.705028
-5607.58266,4,68.711424
-5079.852819,3,68.716426
9411.145951,4,68.72243
9460.142963,3,68.727304
920.150869,3,68.731302
-5576.726775,3,68.735302
-5539.854647,3,68.739306
343.437975,5,68.748343
9411.14381,4,68.75555
-5576.725187,3,68.760563
343.428261,5,68.769562
343.488018,5,68.780993
-5079.857839,3,68.785995
343.433086,5,68.793252
-5147.577671,4,68.799414
-5147.58756,4,68.804414
9460.141001,3,68.808693
343.434142,5,68.816698
392.429499,4,68.821811
-5098.589659,3,68.826331
-5625.721404,4,68.831336
-5588.847192,4,68.83751
-5588.851764,4,68.844642
-5098.585158,3,68.850045
-5116.719768,3,68.85551
343.446299,5,68.863433
343.438519,5,68.870433
392.426538,4,68.876434
-5656.573809,5,68.887428
9392.429144,4,68.893956
9442.005765,3,68.898966
-5539.857573,3,68.903966
-5116.725605,3,68.909092
-5607.578847,4,68.915093
852.431101,4,68.922093
343.457018,5,68.93029
-5588.849932,4,68.936291
-5576.726199,3,68.941201
-5098.588874,3,68.954363
-5656.581574,5,68.961863
343.429197,5,68.967861
-5098.589116,3,68.972364
-20656.570865,5,68.980374
-5576.725709,3,68.985374
-20607.565637,4,68.995394
343.433795,5,69.003394
9920.142415,3,69.007395
-5098.588546,3,69.012396
343.445126,5,69.019397
9411.150313,4,69.024399
-5147.58005,4,69.031057
9343.431888,5,69.039192
-5098.583839,3,69.044554
-5625.723898,4,69.049553
392.422075,4,69.056257
9423.270319,3,69.061553
-5147.581913,4,69.067553
343.430894,5,69.075692
852.426803,4,69.081691
411.161718,4,69.08669
852.427751,4,69.093873
343.437381,5,69.104029
9343.425552,5,69.112405
9852.424481,4,69.118402
343.42797,5,69.124408
883.292458,3,69.129936
343.443021,5,69.137933
-5098.586337,3,69.142239
-5607.581071,4,69.148487
9411.144318,4,69.153487
343.447326,5,69.161569
-5625.720876,4,69.167661
-5557.996197,3,69.172814
852.430702,4,69.179816
-5607.583623,4,69.185814
-5588.850791,4,69.191816
9901.412141,3,69.196824
-5656.571958,5,69.206825
-5625.722646,4,69.213829
-5539.853677,3,69.218829
-5539.852973,3,69.223199
-5147.584736,4,69.230719
-5098.585228,3,69.234938
392.420612,4,69.241589
-5098.58351,3,69.246585
-5656.580516,5,69.254582
-5147.584103,4,69.260981
9460.145527,3,69.265066
9920.143356,3,69.270266
-5656.56942,5,69.2784
374.291003,4,69.284401
-5656.586933,5,69.292493
-5607.587474,4,69.298501
-5576.726928,3,69.303156
-5539.856113,3,69.30749
-20656.561117,5,69.318496
392.424633,4,69.325493
9920.142014,3,69.33
-5539.857337,3,69.335256
9343.423402,5,69.343487
-5576.727276,3,69.34764
343.428151,5,69.355774
-5539.857655,3,69.361227
-5656.575491,5,69.368228
-5588.849063,4,69.37523
-5656.572775,5,69.383228
343.427679,5,69.391229
343.439941,5,69.399228
-5557.997382,3,69.404228
392.42126,4,69.411228
-5147.580805,4,69.417236
9460.146989,3,69.422237
-5656.575188,5,69.432976
-5625.721174,4,69.439976
-5116.726202,3,69.444978
-20656.567606,5,69.451977
-5147.588361,4,69.45761
-5607.581289,4,69.464609
-5147.584296,4,69.470609
-5607.577027,4,69.477692
-5576.725306,3,69.48269
392.426914,4,69.488815
9411.149039,4,69.494832
-5625.722425,4,69.501843
9411.148219,4,69.507993
374.283211,4,69.514177
-5656.570572,5,69.520176
343.439902,5,69.52905
-5539.854892,3,69.53407
343.43608,5,69.545071
-5607.581087,4,69.551071
-5557.993449,3,69.556072
343.435122,5,69.565071
852.432397,4,69.571071
9374.279121,4,69.578072
-5625.719962,4,69.584073
-5557.996907,3,69.589486
392.427398,4,69.596521
-5576.725849,3,69.601526
-5147.582347,4,69.606525
392.433698,4,69.61353
343.427692,5,69.61953
-5557.996788,3,69.625533
852.434765,4,69.632048
-5079.848054,3,69.637044
-5557.99746,3,69.642387
392.431153,4,69.652386
-5116.726129,3,69.656518
9343.424356,5,69.663577
343.507476,5,69.669577
883.277881,3,69.675077
-5607.584084,4,69.681072
-5147.581866,4,69.688075
9343.413318,5,69.69621
392.43154,4,69.702206
-5625.725333,4,69.709209
374.288231,4,69.716209
343.428976,5,69.723209
460.425269,3,69.728717
-5607.581006,4,69.734717
423.285931,3,69.739719
-5576.725215,3,69.744798
9343.434507,5,69.751798
-5576.725603,3,69.759772
-5098.589461,3,69.764816
343.444506,5,69.773104
343.451804,5,69.780518
-5116.724572,3,69.785518
343.443131,5,69.792901
-5588.852301,4,69.800297
-5576.724683,3,69.804302
374.28482,4,69.811758
-5607.582238,4,69.818762
852.427686,4,69.823915
852.421908,4,69.831365
9343.419677,5,69.839365
343.449099,5,69.847364
-20656.571489,5,69.854539
852.427291,4,69.860539
-5098.589162,3,69.868539
9920.146728,3,69.873538
374.285626,4,69.879538
-5147.580748,4,69.886539
9460.14086,3,69.891538
-5557.997624,3,69.896538
343.430104,5,69.904322
-5539.85618,3,69.908834
-5079.852981,3,69.913837
-5656.57686,5,69.919837
-20625.707679,4,69.927341
-5656.577589,5,69.935507
9411.146837,4,69.94151
-5576.721155,3,69.946506
411.154492,4,69.951506
-5656.582946,5,69.959504
343.426088,5,69.966669
-5656.579642,5,69.978324
343.441726,5,69.986377
-5557.996756,3,69.991697
343.434679,5,69.999689
9411.143723,4,70.005689
-5576.723588,3,70.01169
343.435488,5,70.019693
-5656.572641,5,70.0282
9901.415262,3,70.0332
343.465654,5,70.0402
343.430003,5,70.0482
852.459237,4,70.0552
-5607.583567,4,70.062201
343.461115,5,70.069204
343.447833,5,70.07669
460.15367,3,70.081689
-5588.851505,4,70.090809
-5098.584387,3,70.095806
-5116.726184,3,70.101128
343.483619,5,70.109518
9423.270564,3,70.115526
411.154514,4,70.121519
-20147.572265,4,70.129184
-5607.584681,4,70.135184
-5625.720036,4,70.143442
-5557.998329,3,70.148442
-5557.994478,3,70.153443
-5116.727292,3,70.158901
-5656.583372,5,70.168242
-5588.851747,4,70.174242
-5607.581098,4,70.180245
883.280253,3,70.184245
-5116.723472,3,70.188441
-20656.571829,5,70.199207
9343.422785,5,70.206361
392.433253,4,70.213825
9901.412111,3,70.217825
883.286893,3,70.222962
9901.414801,3,70.227468
-5656.577366,5,70.235472
-20656.569529,5,70.243473
9423.275453,3,70.248472
-5656.578328,5,70.256473
-5098.586736,3,70.261472
-5116.723887,3,70.266472
883.281208,3,70.270473
-20588.845959,4,70.277473
9852.41831,4,70.283473
9901.412509,3,70.288476
-5588.852049,4,70.295276
-20098.577262,3,70.300276
343.43024,5,70.311256
343.438582,5,70.31926
920.149271,3,70.324263
9460.142121,3,70.32978
-5656.575571,5,70.337776
9442.00633,3,70.342776
852.426602,4,70.348776
-5147.579468,4,70.355143
-5607.580734,4,70.361979
343.435961,5,70.370028
343.430562,5,70.37803
9392.419097,4,70.383029
-5098.585652,3,70.387029
392.42124,4,70.394029
343.424508,5,70.401029
-5588.848626,4,70.407029
411.159073,4,70.416033
883.278964,3,70.421032
9374.283542,4,70.428036
-5079.856333,3,70.432552
9442.005689,3,70.437552
-5557.996355,3,70.442553
9442.00125,3,70.447552
343.444156,5,70.454552
9460.149461,3,70.459552
-20656.572832,5,70.467549
-20625.714391,4,70.474624
-5656.575425,5,70.481901
-5656.577954,5,70.490075
-5079.85387,3,70.494349
9411.151165,4,70.501357
-5539.856622,3,70.505752
-20656.559767,5,70.514098
-20116.710829,3,70.519098
-5576.727137,3,70.526557
-5098.586841,3,70.532066
374.281879,4,70.539066
9343.43478,5,70.546184
343.440806,5,70.553338
-5079.858261,3,70.558355
-5607.579736,4,70.564392
-5098.585824,3,70.569395
9374.272841,4,70.575395
374.282918,4,70.582392
9343.424236,5,70.589671
-20116.70096,3,70.594672
9460.146621,3,70.599823
-5607.577555,4,70.60583
-20656.565909,5,70.614838
9883.279382,3,70.617835
-20116.709599,3,70.622956
-5098.587854,3,70.628461
9442.003564,3,70.635587
9852.418253,4,70.641743
-5607.582505,4,70.648737
-5116.723317,3,70.653737
343.472113,5,70.661739
-5625.722793,4,70.667739
9460.141951,3,70.670738
-5098.581186,3,70.676251
-20147.573748,4,70.682294
-5656.584323,5,70.688715
9343.4299,5,70.69694
852.422699,4,70.70294
-20147.566397,4,70.70994
9920.148193,3,70.713946
-5656.57665,5,70.722945
-5588.842334,4,70.729472
343.432572,5,70.739471
9423.276427,3,70.745473
343.43365,5,70.753472
-5147.585563,4,70.759849
-5576.721897,3,70.764849
-5576.718959,3,70.768849
-5116.726408,3,70.773809
-5607.581664,4,70.779809
-20625.707327,4,70.78681
852.426654,4,70.79325
9920.14697,3,70.798249
-20656.56947,5,70.805252
-5607.581018,4,70.813279
343.455745,5,70.820279
-5576.727709,3,70.825861
343.429357,5,70.833493
-5625.722027,4,70.839582
9411.146306,4,70.845584
343.431612,5,70.855582
-5539.856008,3,70.861894
-5576.727102,3,70.865895
-5607.579088,4,70.872389
-20116.715795,3,70.877926
9392.417524,4,70.883927
343.42847,5,70.892057
-5656.573223,5,70.900056
411.152223,4,70.906142
-5607.582141,4,70.91316
343.434164,5,70.920159
9343.413337,5,70.928026
-5576.725879,3,70.932441
-5576.726651,3,70.936442
9901.412501,3,70.940442
852.438038,4,70.947442
-5557.995773,3,70.952441
-5576.723354,3,70.956442
343.434139,5,70.968445
852.437237,4,70.974446
-5147.57986,4,70.981442
-5588.851889,4,70.987442
9901.412233,3,70.99205
883.281804,3,70.997221
852.435734,4,71.003221
9374.277667,4,71.009348
-5656.581173,5,71.017352
901.419947,3,71.02197
-5656.577664,5,71.030536
343.428339,5,71.037536
392.430519,4,71.044919
852.440754,4,71.050918
343.436682,5,71.059506
9343.418188,5,71.070626
-20656.568014,5,71.078625
343.427203,5,71.086625
-20656.55212,5,71.094625
-5625.720753,4,71.100626
-5539.858018,3,71.104625
-20656.550878,5,71.11363
-5656.578211,5,71.119629
-5607.585119,4,71.125633
-5539.849721,3,71.130634
-20656.577403,5,71.137634
-5098.588054,3,71.14275
411.152563,4,71.148968
-5557.991962,3,71.152965
-5656.575087,5,71.16067
-5557.992994,3,71.164679
-5607.580937,4,71.171681
343.437402,5,71.183018
343.43219,5,71.191018
9392.414325,4,71.197015
343.452888,5,71.205015
-20147.576822,4,71.212015
-5576.725762,3,71.217018
343.434749,5,71.224018
-5607.584783,4,71.231524
-5116.726241,3,71.236523
-5656.575873,5,71.245189
9343.423644,5,71.253189
343.431819,5,71.261189
374.281766,4,71.26819
-5147.576993,4,71.274289
-20656.552893,5,71.282282
343.424554,5,71.292604
-5656.579186,5,71.299612
343.478254,5,71.306612
-5607.583454,4,71.313612
9343.424751,5,71.321728
374.28479,4,71.326937
374.293756,4,71.332444
-5539.856681,3,71.336444
-5557.995129,3,71.340585
-5116.724024,3,71.345817
852.422358,4,71.351949
-5098.586079,3,71.355949
-5116.725892,3,71.361183
-20656.566417,5,71.370192
901.420122,3,71.374194
-5079.858426,3,71.379742
-5656.577133,5,71.387819
9852.418765,4,71.397568
-5576.726887,3,71.402566
-5588.851736,4,71.409566
343.436734,5,71.417008
-5625.721951,4,71.423008
9920.140958,3,71.428502
-5656.574443,5,71.436528
-20607.569856,4,71.44293
-5539.858815,3,71.447941
-20588.558845,4,71.453937
-5079.851759,3,71.45927
-5588.852441,4,71.465278
343.453435,5,71.472585
-5557.997638,3,71.477913
-5607.582588,4,71.483912
-5588.851777,4,71.49006
901.425879,3,71.495069
-5656.582684,5,71.506187
343.43277,5,71.514193
9883.275577,3,71.518192
-5079.856098,3,71.523983
-5656.571952,5,71.531951
852.423556,4,71.538147
9460.144344,3,71.543149
343.44271,5,71.551592
-5656.573529,5,71.559985
9883.272514,3,71.564985
-5607.575173,4,74.021267
883.280277,3,74.026578
343.440567,5,74.035182
-5656.578674,5,74.043182
-20147.281004,4,74.050181
-5656.580049,5,74.058667
374.281285,4,74.066169
423.281023,3,74.070169
9343.421816,5,74.078327
883.488511,3,74.083327
-5539.856138,3,74.087327
-5539.855798,3,74.09282
-5079.858864,3,74.097836
901.426168,3,74.101836
-5588.848908,4,74.108841
-20656.565021,5,74.116843
-20656.570821,5,74.128932
-5116.723544,3,74.13544
-5557.996581,3,74.14144
-5116.727796,3,74.14644
-20656.565862,5,74.15544
852.425045,4,74.162439
-5079.85382,3,74.167439
-20656.571426,5,74.17644
343.429169,5,74.184441
392.433698,4,74.19044
-5607.58228,4,74.19744
343.428388,5,74.20544
-5656.577199,5,74.21344
-5079.855188,3,74.218443
-5588.851574,4,74.225443
-5656.578693,5,74.237916
-5607.580177,4,74.243916
-5539.854506,3,74.249918
343.425608,5,74.257921
-5625.719405,4,74.263921
-5625.722395,4,74.268921
-5576.726948,3,74.274921
-5098.589019,3,74.28092
-5557.998401,3,74.287918
-5656.577184,5,74.29623
-5098.58239,3,74.301242
-5607.580195,4,74.308396
-5557.99298,3,74.313396
901.422579,3,74.318404
-5116.724255,3,74.32363
9343.439368,5,74.332133
343.432443,5,74.344134
9343.424416,5,74.352133
343.436614,5,74.361435
-5625.717593,4,74.367435
9343.410129,5,74.376134
9423.272102,3,74.381135
392.424447,4,74.390213
-5539.857336,3,74.400857
-5098.585544,3,74.405115
-5116.728678,3,74.410128
374.283806,4,74.417136
-20656.56174,5,74.425161
-5625.719663,4,74.431213
-5098.586981,3,74.437167
343.444134,5,74.446615
343.43408,5,74.457608
-5656.581599,5,74.465611
343.463994,5,74.47261
9343.431315,5,74.481607
-5116.726907,3,74.486608
9883.27359,3,74.491607
343.440246,5,74.499608
-5116.722871,3,74.504608
-5576.722726,3,74.509608
-5079.856933,3,74.514729
343.443572,5,74.523732
9852.418509,4,74.533717
374.286569,4,74.539714
9374.279053,4,74.546713
-5588.849202,4,74.552713
-5147.577294,4,74.561714
-5098.588048,3,74.567713
-5656.582727,5,74.575993
-5607.580825,4,74.583282
-5656.581744,5,74.590281
343.458122,5,74.598282
-5607.57864,4,74.605284
852.427267,4,74.610395
9411.141182,4,74.616399
-20116.713881,3,74.620398
392.433738,4,74.627149
-5607.580728,4,74.63319
-5607.580724,4,74.640667
374.281476,4,74.647781
343.432557,5,74.65594
-5588.859278,4,74.665296
343.432177,5,74.681439
-5656.574025,5,74.692859
343.439199,5,74.706345
9883.271341,3,74.712343
9423.278739,3,74.717997
-5539.855237,3,74.72527
-5079.853079,3,74.730774
-5147.582178,4,74.737781
343.436438,5,74.749243
9343.411279,5,74.757427
-5557.996942,3,74.763424
-5656.575107,5,74.772425
-5625.721704,4,74.78358
9460.142225,3,74.788581
343.426363,5,74.807582
-20607.576751,4,74.816672
9411.151399,4,74.825701
343.437084,5,74.83735
-5557.995124,3,74.843668
-20656.572213,5,74.854664
-5147.587997,4,74.862671
-5656.569168,5,74.871891
392.430582,4,74.87889
343.425015,5,74.891324
-5557.995461,3,74.89632
-5576.726237,3,74.901322
-5079.855813,3,74.907322
-5656.574279,5,74.915851
343.42944,5,74.924976
-5557.995638,3,74.930522
343.432045,5,74.939529
-5098.58488,3,74.943527
-5576.720714,3,74.948527
-5098.587817,3,74.953528
852.422875,4,74.960528
-5656.580717,5,74.968611
374.281639,4,74.975612
-5656.578201,5,74.986613
9920.142476,3,74.991612
-5116.728175,3,74.999611
343.427017,5,75.007612
-5147.584387,4,75.014611
-5539.853015,3,75.020616
-5539.855042,3,75.027614
-5607.581581,4,75.036695
343.426952,5,75.044694
343.429605,5,75.052695
-5607.584969,4,75.059696
9423.272293,3,75.063694
343.433299,5,75.071695
9920.145026,3,75.076442
-5576.728056,3,75.080442
852.423135,4,75.085442
-5656.57689,5,75.092548
9852.417302,4,75.098547
-5147.585251,4,75.104547
9343.422166,5,75.115547
-5588.847313,4,75.125994
920.149991,3,75.131503
-20625.710595,4,75.13781
9392.424465,4,75.144811
-5098.58831,3,75.148808
-5576.723789,3,75.153811
-5576.720961,3,75.159255
-5079.859125,3,75.163255
343.44614,5,75.172701
-5116.723639,3,75.17771
-5557.996741,3,75.18271
-5098.586468,3,75.18781
-5079.856992,3,75.192812
343.449877,5,75.200823
-5607.582656,4,75.207853
-5656.576822,5,75.217862
920.154884,3,75.223354
-5656.578483,5,75.231868
411.153735,4,75.239868
-5625.719925,4,75.248864
9883.277475,3,75.253864
-5557.992994,3,75.258864
-20147.571285,4,75.264864
9901.415821,3,75.269864
-5656.579746,5,75.277864
-5098.588794,3,75.282864
-5656.579238,5,75.290864
-5098.588779,3,75.295984
392.433,4,75.301984
-5098.582811,3,75.306994
-5116.728847,3,75.312994
-5539.854369,3,75.317996
-5656.573985,5,75.327996
-5098.587842,3,75.333504
-20656.567485,5,75.342505
-5576.725068,3,75.347504
-20656.565442,5,75.355504
-5116.72482,3,75.361527
343.42787,5,75.369853
343.429063,5,75.377349
9442.002403,3,75.382343
-5079.854114,3,75.387344
9423.271942,3,75.392977
-5607.579021,4,75.398977
-5576.726661,3,75.403978
-5147.580387,4,75.411087
-5098.583193,3,75.416097
-5147.585952,4,75.427476
9343.417906,5,75.438676
-5098.587384,3,75.443693
-5656.578768,5,75.451694
-5539.857022,3,75.456148
9343.418297,5,75.464146
9423.274851,3,75.469148
-5576.723945,3,75.474145
374.29527,4,75.481153
-5588.848622,4,75.487155
-5079.852665,3,75.492151
392.42729,4,75.498151
-5656.578251,5,75.506155
9460.146147,3,75.511151
343.423923,5,75.519153
-5147.582296,4,75.526156
343.441229,5,75.534661
9343.418363,5,75.542661
374.289618,4,75.552669
343.433731,5,75.560671
343.437596,5,75.568672
343.433878,5,75.578203
-5079.85718,3,75.585203
-5656.577783,5,75.593202
852.422164,4,75.600202
852.425277,4,75.6075
-5539.856067,3,75.612498
343.459072,5,75.626124
-5147.581159,4,75.635636
-5116.72445,3,75.641637
-5147.578176,4,75.64917
343.429218,5,75.661168
9901.411364,3,75.665168
9901.412111,3,75.671168
374.316513,4,75.677168
392.420385,4,75.685171
343.431661,5,75.697171
-5147.583009,4,75.704169
-5576.727106,3,75.710341
-5588.850182,4,75.716347
-5656.576308,5,75.725347
343.431241,5,75.733854
-5656.570989,5,75.741854
-5079.856341,3,75.747391
-5588.847006,4,75.766429
9392.414459,4,75.773429
374.285519,4,75.780429
9392.417937,4,75.786429
-5607.583511,4,75.792652
-5557.995001,3,75.79811
-20588.836261,4,75.80411
343.436372,5,75.81225
-5098.587047,3,75.817261
9392.418443,4,75.823261
-5539.857496,3,75.82826
-5079.850898,3,75.831777
-5147.584458,4,75.837775
-20656.562506,5,75.848449
883.279898,3,75.854448
-5576.724376,3,75.85945
9460.144453,3,75.863447
-5607.584729,4,75.869851
343.431034,5,75.881134
-5116.723862,3,75.886136
392.422905,4,75.893516
343.435056,5,75.901515
343.43975,5,75.910558
-5656.577767,5,75.919399
-5098.585182,3,75.923399
-5625.726469,4,75.929399
343.427304,5,75.937906
-5656.581643,5,75.944906
-5588.852543,4,75.950327
392.438155,4,75.956533
-20079.849755,3,75.961532
-20588.848527,4,75.966536
-5098.586442,3,75.971641
343.44503,5,75.979012
-5588.850873,4,75.98854
392.426894,4,75.995539
343.427371,5,76.006719
9374.273448,4,76.013723
-5588.848484,4,76.02073
343.437758,5,76.02873
-5098.582174,3,76.033245
343.4574,5,76.042243
-5607.581778,4,76.048243
411.165473,4,76.055243
-20656.572051,5,76.064241
-20656.565561,5,76.072242
374.285239,4,76.078241
-5576.725796,3,76.083241
343.43624,5,76.093242
9901.412998,3,76.098243
411.155856,4,76.105241
-5147.579895,4,76.111242
343.42685,5,76.119245
-5656.57837,5,76.128245
343.456126,5,76.137757
-5656.574348,5,76.148752
343.426739,5,76.157758
343.444315,5,76.165753
-5116.726562,3,76.170753
343.440406,5,76.178868
-5079.858063,3,76.184868
883.283465,3,76.189992
-5147.576951,4,76.196991
-20098.578353,3,76.204053
920.150211,3,76.209179
-20656.567846,5,76.217493
9901.412088,3,76.222976
343.440206,5,76.231487
9343.431213,5,76.239644
392.444912,4,76.246645
343.458483,5,76.253642
-5539.853864,3,76.258642
-5576.726083,3,76.262646
9392.421575,4,76.269652
9920.144635,3,76.274653
343.438141,5,76.282651
-5607.577958,4,76.289651
343.466903,5,76.301652
-5625.719005,4,76.310829
-5539.852597,3,76.314827
-5539.855386,3,76.319833
-20079.850668,3,76.324988
-5656.573469,5,76.333503
-5079.853741,3,76.338504
-5607.581636,4,76.344639
-5625.721479,4,76.35164
-5539.854007,3,76.356639
343.44633,5,76.364644
-5079.858226,3,76.369778
343.429967,5,76.379246
-5098.586393,3,76.383687
-5116.725868,3,76.388689
-5607.579562,4,76.394796
-5656.569701,5,76.403247
9460.143422,3,76.408424
-5625.713511,4,76.419429
411.161576,4,76.427433
-5116.72309,3,76.431953
374.281932,4,76.437956
-5079.854763,3,76.443954
-5098.586682,3,76.447955
-5656.582384,5,76.457469
343.460285,5,76.465364
-20656.572407,5,76.473366
-5656.574468,5,76.480365
-5557.99583,3,76.485365
343.43082,5,76.493526
-5576.727144,3,76.498528
852.424363,4,76.505526
343.433955,5,76.516466
-5607.5785,4,76.530976
-20656.569427,5,76.541984
-5098.588036,3,76.548271
343.461726,5,76.55777
-5079.852998,3,76.562767
9392.415215,4,76.569767
9374.277067,4,76.577286
920.15341,3,76.585454
-5656.582684,5,76.595687
9423.278441,3,76.600687
9392.415229,4,76.608905
-5147.577544,4,76.615904
-5147.580691,4,76.622908
-5147.5768,4,76.629907
-5607.583222,4,76.639414
-5539.854943,3,76.644414
343.432412,5,76.653414
9442.005647,3,76.658414
9423.273724,3,76.663414
-5147.580897,4,76.670414
374.294934,4,76.676417
-5079.854514,3,76.681641
-5539.85763,3,76.686638
901.426285,3,76.69164
374.283198,4,76.697751
-5539.856337,3,76.70275
343.436672,5,76.710885
-5588.847534,4,76.717165
-5576.723457,3,76.721165
-5116.722581,3,76.727168
9392.418117,4,76.733307
-5539.852054,3,76.738499
852.423804,4,76.751541
-5539.85611,3,76.756543
-5557.996133,3,76.762618
-20607.57397,4,76.770617
9883.271737,3,76.775615
9883.273452,3,76.780615
343.432763,5,76.788616
343.430966,5,76.79774
392.429477,4,76.804987
-5588.845089,4,76.811854
343.427687,5,76.819857
-5539.855773,3,76.824871
343.432395,5,76.832868
9343.41107,5,76.841982
343.423355,5,76.850982
-5656.585345,5,76.861982
-5607.582564,4,76.867984
-20625.71342,4,76.874983
-5098.588867,3,76.879982
883.290004,3,76.884984
9920.146235,3,76.890121
-5656.573479,5,76.898121
343.429143,5,76.908123
-5607.58021,4,76.916122
343.433741,5,76.924126
-5656.575111,5,76.932633
-5147.580452,4,76.939633
-5656.571958,5,76.947632
343.423253,5,76.956633
-5098.582415,3,76.961632
-5539.851514,3,76.969632
-5625.722233,4,76.975633
-5607.57686,4,76.981857
411.161212,4,76.987895
-5116.727691,3,76.993894
343.436957,5,77.002172
-5098.584603,3,77.006171
343.430203,5,77.015343
9411.141858,4,77.022523
-5576.726544,3,77.027523
-5098.584032,3,77.03304
-5656.586839,5,77.043492
392.423291,4,77.052492
-5098.58013,3,77.058491
-5147.582348,4,77.065491
-5539.857279,3,77.070491
-5576.729108,3,77.078488
-5116.727574,3,77.083488
343.436086,5,77.09146
-5588.854879,4,77.096458
343.44637,5,77.104458
-5656.571865,5,77.112458
9374.273448,4,77.119461
852.421479,4,77.126462
-5625.72256,4,77.132966
-5098.587522,3,77.136968
423.281645,3,77.142052
-5656.584777,5,77.150052
-5147.585623,4,77.156152
-5147.588091,4,77.163467
-5539.856512,3,77.168717
343.435145,5,77.177737
-5116.725088,3,77.184735
343.432875,5,77.192734
-5656.57851,5,77.200734
852.433926,4,77.207735
343.432267,5,77.215734
343.428968,5,77.225738
-5147.587836,4,77.232241
-5588.850179,4,77.238246
9411.144742,4,77.245247
-5656.580982,5,77.253445
852.434291,4,77.261446
-5147.584885,4,77.267445
343.435921,5,77.275445
-5116.727148,3,77.280445
343.437552,5,77.289445
-5576.726445,3,77.296602
343.429051,5,77.30461
-5656.575369,5,77.316053
-5079.856424,3,77.321065
343.441024,5,77.329956
-5588.855045,4,77.335463
343.435469,5,77.343463
423.304526,3,77.348463
-5557.995159,3,77.353462
9901.412993,3,77.358621
-5607.585967,4,77.364622
-5656.573789,5,77.373624
-5576.72357,3,77.378622
343.463937,5,77.386625
-5116.726207,3,77.391032
423.277855,3,77.396029
-5607.581734,4,77.405591
-5539.855782,3,77.412184
9343.428803,5,77.420495
-5656.579821,5,77.428496
852.436007,4,77.435163
-5539.856394,3,77.440163
883.29132,3,77.445163
343.440058,5,77.453162
343.429578,5,77.461163
9460.142514,3,77.467165
343.429825,5,77.483165
-5116.722912,3,77.489168
-5098.588931,3,77.496164
-5539.857594,3,77.501222
343.444132,5,77.513486
-5656.579552,5,77.522942
392.425258,4,77.529942
-5079.852796,3,77.534458
343.454104,5,77.542458
9920.14098,3,77.546458
374.292125,4,77.551458
-5607.578633,4,77.557915
-5607.583409,4,77.56393
392.434989,4,77.56993
-5576.724365,3,77.575028
9343.418634,5,77.583028
-5079.856602,3,77.587028
-5607.582561,4,77.594185
-5079.851264,3,77.598185
343.441411,5,77.606185
411.15868,4,77.612184
-5576.719026,3,77.617188
-5098.58538,3,77.625187
-5656.573907,5,77.633695
-20576.715867,3,77.638695
-5147.58364,4,77.644698
-5588.854494,4,77.650699
-5656.581791,5,77.657695
343.42793,5,77.664695
9343.420996,5,77.673011
-5147.579111,4,80.143126
-20656.553842,5,80.150127
-5607.583537,4,80.156124
-5079.856765,3,80.16112
-5656.576138,5,80.169121
-5557.991871,3,80.174599
883.27729,3,80.181536
-5539.859173,3,80.190533
-5588.851555,4,80.198506
-5098.580321,3,80.203506
-5147.582277,4,80.210506
-5576.718931,3,80.215703
-5557.997757,3,80.220708
343.464683,5,80.22896
-20656.571032,5,80.237566
-5656.578726,5,80.248038
852.431264,4,80.254038
-5557.997139,3,80.259039
-5576.72744,3,80.264035
343.4515,5,80.272035
9392.419177,4,80.279036
343.451403,5,80.287035
-5079.854465,3,80.294036
374.285971,4,80.300324
-5079.856901,3,80.305324
343.431878,5,80.313327
9392.416002,4,80.320331
-20656.565388,5,80.328894
392.427519,4,80.335416
-5607.578655,4,80.341687
-5576.722732,3,80.345697
852.420456,4,80.352697
9423.275118,3,80.359921
-5539.853796,3,80.364921
-5557.995168,3,80.37031
-5588.851985,4,80.376448
-20656.574045,5,80.384446
374.285309,4,80.391154
852.426588,4,80.398154
9411.149353,4,80.404154
-5079.85669,3,80.409154
-5607.582325,4,80.416151
9423.270518,3,80.421152
9411.147774,4,80.427308
9343.42439,5,80.435338
392.422542,4,80.44148
-5098.580183,3,80.446579
9343.425506,5,80.453591
-5557.996795,3,80.458685
343.438143,5,80.469749
-5588.844826,4,80.475884
-20656.554987,5,80.482887
-5557.993622,3,80.485885
343.433089,5,80.492977
374.285856,4,80.497986
901.422762,3,80.501987
-5147.581277,4,80.507999
-5588.850198,4,80.515998
-5588.838077,4,80.523004
343.426212,5,80.532004
852.437493,4,80.538652
9423.274103,3,80.543764
9343.41612,5,80.55176
-5557.997132,3,80.556965
-5098.587367,3,80.561965
9883.273976,3,80.565965
9920.148255,3,80.573404
9343.427416,5,80.581404
343.429917,5,80.589404
343.442801,5,80.597403
-5079.850381,3,80.602404
392.425622,4,80.60883
-5098.587661,3,80.61383
423.277802,3,80.61783
-5588.853958,4,80.624833
-5588.85202,4,80.630833
-20625.714071,4,80.637347
374.282676,4,80.642347
-5147.580205,4,80.648347
343.437057,5,80.656347
-5557.990987,3,80.661344
9920.143344,3,80.666344
343.440442,5,80.674343
-5625.723096,4,80.683343
9343.421969,5,80.690818
-5079.849918,3,80.695817
343.433236,5,80.703817
9852.412858,4,80.709817
343.429108,5,80.717817
-5147.574171,4,80.72382
9374.276121,4,80.72982
343.457929,5,80.738327
-5656.576504,5,80.746328
9920.140117,3,80.751327
-5147.577911,4,80.758327
374.288554,4,80.76533
-5147.585958,4,80.771328
852.436934,4,80.781329
343.43939,5,80.79233
343.441157,5,80.800739
343.432904,5,80.808741
-5576.719017,3,80.81374
343.427452,5,80.820744
423.278307,3,80.825982
9392.412224,4,80.831995
-5098.587334,3,80.837023
-5656.58345,5,80.844023
392.4423,4,80.851025
9460.142958,3,80.855024
411.179488,4,80.862026
9901.411857,3,80.866491
343.43744,5,80.874489
392.42177,4,80.880489
-5147.585586,4,80.887489
343.43428,5,80.895489
343.431571,5,80.905489
-5098.58339,3,80.910489
-5607.579827,4,80.917489
343.4257,5,80.924492
-5576.727221,3,80.928492
-5588.851748,4,80.934998
-5656.581782,5,80.941998
343.42467,5,80.949998
-5116.724179,3,80.954998
-5539.854185,3,80.958997
343.436659,5,80.967128
9423.271437,3,80.972128
-5079.858148,3,80.977243
343.43109,5,80.983252
-5147.585577,4,80.989252
-5116.724635,3,80.993252
-5588.844854,4,81.000505
9411.147903,4,81.010641
-5098.580577,3,81.014643
9901.411848,3,81.019646
9883.276511,3,81.0251
-5098.585296,3,81.030101
343.43499,5,81.038613
-5656.580579,5,81.046611
9901.414247,3,81.05061
-20607.568566,4,81.057613
-5656.575461,5,81.06561
9901.413169,3,81.069731
-5588.850916,4,81.075747
-5656.575093,5,81.083746
343.429327,5,81.091878
-5625.721356,4,81.100003
9392.414589,4,81.111021
9343.437626,5,81.125024
-5656.577578,5,81.134024
852.427875,4,81.142534
-5656.56576,5,81.152723
9392.415585,4,81.160723
9852.421376,4,81.167152
343.439449,5,81.176152
-5147.57569,4,81.183368
343.426446,5,81.191571
9343.426635,5,81.199572
374.291948,4,81.206573
-5116.724361,3,81.211191
-5625.723832,4,81.226686
-5588.852984,4,81.232683
-5147.579617,4,81.238195
-20079.840836,3,81.242608
9411.149252,4,81.248608
-5557.992067,3,81.253609
9920.149881,3,81.258783
-5656.574621,5,81.26678
9343.441277,5,81.274919
852.430451,4,81.281914
-20625.70145,4,81.287915
-20656.57482,5,81.297915
-5625.721121,4,81.305019
883.283709,3,81.310027
-5625.722268,4,81.316027
-5116.726204,3,81.321031
392.424321,4,81.327142
343.428398,5,81.337762
392.443584,4,81.34488
-20656.557181,5,81.35188
-5625.720832,4,81.358005
9374.276123,4,81.365
392.422513,4,81.37
9343.410576,5,81.376999
343.48773,5,81.385
-5539.856925,3,81.39
9343.434895,5,81.398129
-5557.99135,3,81.403129
-5116.727419,3,81.40714
-5625.717791,4,81.414536
852.427212,4,81.42054
-5116.72482,3,81.426388
343.427228,5,81.4349
343.430074,5,81.444904
343.435705,5,81.453904
-5116.723351,3,81.458904
343.442263,5,81.466904
-5656.569093,5,81.474904
9343.418581,5,81.482904
-5656.579513,5,81.491904
-5079.855282,3,81.499149
343.423323,5,81.509148
9901.416779,3,81.514148
-5625.7212,4,81.520152
-5588.851163,4,81.527152
343.428452,5,81.534654
9442.006586,3,81.539662
9901.419849,3,81.545659
-5116.724692,3,81.549659
-5625.723996,4,81.559946
-5588.849959,4,81.566945
-5079.855468,3,81.570942
901.425057,3,81.576941
-5079.857754,3,81.581942
-5147.583699,4,81.588347
-5147.582028,4,81.59536
-5625.723076,4,81.601361
852.420209,4,81.608404
343.42854,5,81.616433
343.426719,5,81.624927
-5539.8569,3,81.630266
392.427034,4,81.636908
9920.143878,3,81.641909
-5079.857917,3,81.646905
343.549709,5,81.655024
-5576.723518,3,81.660022
-20656.570176,5,81.671021
411.158221,4,81.677022
-5147.5779,4,81.684024
343.436971,5,81.692023
9343.420179,5,81.701022
-5098.587316,3,81.706023
343.44302,5,81.714118
-5656.580279,5,81.721232
-5557.995432,3,81.726466
9852.419561,4,81.733527
-5656.581447,5,81.741041
-5557.997749,3,81.745164
343.428091,5,81.752164
-5656.57506,5,81.760164
-5079.858299,3,81.765164
343.446549,5,81.776455
-20656.56848,5,81.783463
343.456727,5,81.790961
343.438909,5,81.798961
-5656.57665,5,81.80662
-5607.587578,4,81.812621
9343.435706,5,81.819623
9343.416101,5,81.827759
-5607.579528,4,81.83376
-20147.575026,4,81.839285
343.441545,5,81.846286
-5557.991313,3,81.850391
-5656.575495,5,81.858395
374.284057,4,81.86439
-5576.725942,3,81.869388
343.430061,5,81.876389
9392.418649,4,81.886393
343.437881,5,81.89687
9343.421525,5,81.904993
-5147.584264,4,81.911007
9852.422895,4,81.916796
-5656.587206,5,81.923798
-5079.857232,3,81.928991
-5098.589557,3,81.933991
-5079.859015,3,81.938501
-5656.575877,5,81.946935
-5625.721245,4,81.953935
-5116.727839,3,81.958993
-5098.583863,3,81.965019
343.433924,5,81.97302
883.280056,3,81.978019
-5576.725498,3,81.984019
852.424357,4,81.993022
-5625.716049,4,82.002355
9343.416826,5,82.011703
-5625.719874,4,82.017703
9411.142985,4,82.023707
-5557.99255,3,82.028707
-5557.991958,3,82.033706
343.435036,5,82.042218
-5539.853624,3,82.047217
9343.423776,5,82.055508
-5557.996743,3,82.060508
-5656.575198,5,82.068504
-5539.858044,3,82.073504
-5147.582719,4,82.079504
343.440461,5,82.087504
9442.007814,3,82.092504
343.438904,5,82.102504
-5576.727021,3,82.107504
-5656.580266,5,82.113504
-5607.580225,4,82.120504
-5116.725742,3,82.124507
-5576.725011,3,82.129507
-5656.57915,5,82.13601
-20116.721149,3,82.140014
-5576.72805,3,82.144014
-5539.857108,3,82.149014
343.434329,5,82.157014
-5576.724444,3,82.162015
9852.420385,4,82.168015
-5625.716736,4,82.174015
-20625.710113,4,82.181015
-5147.582743,4,82.187014
852.422054,4,82.193014
9343.426149,5,82.201014
9343.420286,5,82.212315
9343.436648,5,82.221331
-20147.572458,4,82.229328
9920.144218,3,82.234328
9343.427984,5,82.242836
9442.002911,3,82.247248
-5557.991798,3,82.252248
-20147.571174,4,82.258447
920.154089,3,82.263844
-20147.575128,4,82.270336
-5079.855729,3,82.274418
920.150516,3,82.279413
392.424715,4,82.285415
343.552587,5,82.293799
343.430647,5,82.301799
374.30081,4,82.307798
-5607.5797,4,82.312798
-5656.580567,5,82.324803
883.280291,3,82.329803
-5576.724159,3,82.334803
374.289812,4,82.34131
901.423691,3,82.34731
-5607.58477,4,82.354185
-5557.994339,3,82.358694
-5656.568059,5,82.36671
-5607.578593,4,82.373228
-5625.720741,4,82.379225
-5116.726354,3,82.384226
-5079.855365,3,82.38947
9392.415804,4,82.398466
9411.157241,4,82.404965
-5656.581475,5,82.412975
343.449874,5,82.420976
343.591975,5,82.432791
9883.274285,3,82.437298
-5576.725273,3,82.442549
-20079.851858,3,82.447548
883.281208,3,82.452548
9343.42621,5,82.460548
-5656.584566,5,82.469548
343.43135,5,82.479548
343.444416,5,82.49255
852.426345,4,82.49955
9343.420951,5,82.51155
-5625.716987,4,82.518593
-5607.580068,4,82.5246
9442.002408,3,82.529599
-5116.725306,3,82.538111
-5576.721604,3,82.547114
343.430649,5,82.556114
-5557.997015,3,82.561113
343.439782,5,82.569619
9343.420501,5,82.585432
-5656.5742,5,82.593437
-5656.57529,5,82.601632
9392.421971,4,82.608149
-5576.722292,3,82.613149
-5607.582299,4,82.619147
9883.273603,3,82.624602
-5588.853833,4,82.631597
-5656.574256,5,82.639227
343.56368,5,82.650614
343.446793,5,82.658732
343.433892,5,82.66845
343.431335,5,82.676446
347.41,5,82.686445
-5557.994152,3,82.692446
-5098.58395,3,82.697446
901.422665,3,82.703445
374.313786,4,82.709446
883.278668,3,82.714446
-5539.85358,3,82.719445
423.280184,3,82.72617
-5576.723569,3,82.731179
343.428512,5,82.739828
9392.416913,4,82.74683
374.310312,4,82.755829
-5607.586326,4,82.761835
9920.140314,3,82.766842
9460.143894,3,82.772637
-5607.584263,4,82.778845
343.446017,5,82.787856
392.433611,4,82.793854
920.150815,3,82.798854
883.282359,3,82.803854
-5147.580081,4,82.810854
9343.430243,5,82.817853
-5116.72549,3,82.822859
852.43044,4,82.82986
343.429363,5,82.839378
-5098.585174,3,82.845397
-20557.991299,3,82.851606
9920.141773,3,82.857124
901.444145,3,82.865032
343.437463,5,82.873032
-20079.844278,3,82.878036
-20098.575865,3,82.883605
-5607.581253,4,82.889911
-5607.579798,4,82.89592
-20656.570556,5,82.905044
-5656.582586,5,82.913123
343.427767,5,82.921125
-5607.583616,4,82.927129
343.431227,5,82.937639
392.42519,4,82.944479
392.427752,4,82.950477
-5147.579894,4,82.957477
-5079.857286,3,82.962477
-5576.723908,3,82.967477
-5098.580842,3,82.975477
343.436753,5,82.984477
-5147.587357,4,82.991302
-5147.58295,4,82.997946
-20656.567892,5,83.005946
-5576.719194,3,83.010946
-5656.576536,5,83.017948
-20656.559544,5,83.026107
-5607.586626,4,83.03311
343.431245,5,83.041458
901.418946,3,83.046454
-5656.567305,5,83.055457
343.445526,5,83.063874
343.439558,5,83.070873
-5539.848936,3,83.075874
-5588.853427,4,83.084874
-20147.565651,4,83.091874
374.282263,4,83.097878
392.429883,4,83.104877
-5656.559206,5,83.112874
9920.143338,3,83.117107
460.15376,3,83.122107
-5557.996393,3,83.127117
-5625.718263,4,83.134115
-5539.858031,3,83.140635
852.422095,4,83.148694
-5079.858696,3,83.153694
-5539.858658,3,83.158069
343.465794,5,83.166517
392.420271,4,83.173516
-5557.995294,3,83.177995
-5576.723504,3,83.182999
9423.274073,3,83.188141
-20625.717937,4,83.199161
374.287849,4,83.206048
374.291529,4,83.214065
9392.417032,4,83.220065
9852.412153,4,83.227325
343.43596,5,83.235321
343.442079,5,83.242843
9411.157085,4,83.249842
-20656.570303,5,83.257343
-5079.854736,3,83.262342
9343.424052,5,83.270158
-5098.585707,3,83.278186
9920.140102,3,83.283187
-5116.720598,3,83.287181
9343.418571,5,83.29466
901.423132,3,83.302866
-5607.574592,4,83.3083
-5656.578643,5,83.317151
920.148443,3,83.323161
-5098.584032,3,83.32816
343.429034,5,83.336855
-5539.856128,3,83.341362
9460.14548,3,83.346364
343.427038,5,83.354362
9852.411702,4,83.361362
374.283312,4,83.368362
852.444722,4,83.374362
343.434626,5,83.382362
9442.006488,3,83.387362
-5079.857932,3,83.392362
374.289019,4,83.399362
-5539.857939,3,83.404362
852.43624,4,83.413363
-5147.581311,4,83.419362
343.455055,5,83.425365
-5539.857018,3,83.431757
-5147.584506,4,83.437757
343.436284,5,83.445267
9852.420542,4,83.451267
343.434896,5,83.460267
-5079.856855,3,83.46527
9901.411204,3,83.472268
374.305173,4,83.481268
411.159317,4,83.488266
9423.272853,3,83.495264
9901.411796,3,83.501264
-5557.999269,3,83.507267
-5656.577877,5,83.517268
-5098.58703,3,83.526267
343.43137,5,83.535267
343.491953,5,83.543774
374.285459,4,83.550774
-5607.579673,4,83.557774
9852.421221,4,83.564774
-5588.851084,4,83.570774
852.426103,4,83.577774
-5539.857366,3,83.582774
-5656.570107,5,83.591777
343.429812,5,83.599776
-5147.575556,4,83.606774
9343.411184,5,83.614774
852.422304,4,83.620774
374.280601,4,83.626777
-5656.577193,5,83.638281
374.284782,4,83.645285
-20607.577371,4,86.209423
343.435364,5,86.220425
343.435438,5,86.236433
-5656.578788,5,86.246945
9901.416143,3,86.25583
9460.148007,3,86.261053
343.438477,5,86.268395
9883.281179,3,86.2739
9374.271309,4,86.280528
-5576.724781,3,86.28753
-5588.849936,4,86.296527
-5147.58123,4,86.304529
-5656.574397,5,86.312844
-20625.70097,4,86.318843
343.475971,5,86.327846
-20625.713795,4,86.334846
883.28054,3,86.340353
343.455961,5,86.347974
-5656.571661,5,86.356973
9411.142596,4,86.366115
-5656.572569,5,86.375115
343.425905,5,86.384118
-5588.851557,4,86.390115
392.433434,4,86.398117
-20607.577392,4,86.404116
-5116.726031,3,86.409116
-5607.581815,4,86.416116
-5116.72045,3,86.421119
9423.279379,3,86.426243
-5116.727332,3,86.430243
-5576.723131,3,86.435247
9901.413223,3,86.440751
343.429179,5,86.44875
-5656.571337,5,86.457791
411.154206,4,86.463789
-5116.721605,3,86.46879
411.153892,4,86.480041
9343.417652,5,86.489042
-5116.727297,3,86.49506
-5588.8503,4,86.502174
9901.415171,3,86.506283
-20625.704386,4,86.513293
-5607.578132,4,86.519509
-5098.579723,3,86.524635
-5607.581303,4,86.53163
-5539.856928,3,86.535628
-5576.724133,3,86.540134
343.431379,5,86.549135
9901.412501,3,86.553135
-5588.853908,4,86.560135
-5098.581927,3,86.565134
883.283655,3,86.570134
883.278111,3,86.575135
-20625.717002,4,86.584135
343.451633,5,86.591323
-5576.718771,3,86.596322
-5116.721343,3,86.599321
901.41966,3,86.603321
-5539.855127,3,86.607321
343.430251,5,86.616321
852.42221,4,86.622321
9852.412974,4,86.628324
343.466393,5,86.636324
411.155069,4,86.642649
9460.148304,3,86.648656
343.446039,5,86.658192
392.43095,4,86.67238
-5656.573391,5,86.680379
374.290319,4,86.686379
343.427314,5,86.697652
-5576.72869,3,86.70265
-5147.579874,4,86.709558
-5557.997854,3,86.714568
-5576.725204,3,86.71957
-20607.571204,4,86.725572
343.435596,5,86.733571
374.28663,4,86.739812
9343.417698,5,86.746811
9343.425659,5,86.754811
-5557.996276,3,86.75981
9343.432324,5,86.767811
-20656.560012,5,86.776351
901.424885,3,86.782347
9852.413173,4,86.788905
343.451154,5,86.799915
-5656.577772,5,86.807918
-5656.583714,5,86.815915
-5079.858194,3,86.819913
-5116.726316,3,86.825303
343.430759,5,86.833317
-5576.723342,3,86.838822
-5656.585383,5,86.845834
-20147.57871,4,86.852834
-5656.579293,5,86.860172
-20116.717157,3,86.865169
9852.412265,4,86.871169
-5539.858783,3,86.876336
852.443434,4,86.883334
9392.411995,4,86.889336
-5539.858188,3,86.894455
-5116.721056,3,86.899452
-5607.581695,4,86.908119
-5576.724267,3,86.912118
852.426336,4,86.917118
-20625.706497,4,86.923118
-5576.728498,3,86.928127
-5656.577701,5,86.937122
-5098.583564,3,86.941771
442.009708,3,86.946769
-5607.578551,4,86.952769
-5625.722137,4,86.958769
-5576.728003,3,86.963768
-5656.578628,5,86.971465
-5576.722203,3,86.97648
374.294641,4,86.983479
-5588.848775,4,86.98965
9392.418192,4,86.996651
901.422204,3,87.001648
9392.412411,4,87.00713
-5607.583671,4,87.017236
9901.411773,3,87.022436
-5656.584404,5,87.029858
852.43168,4,87.036858
-5625.719861,4,87.043374
343.426837,5,87.051371
-5116.726416,3,87.056518
343.426078,5,87.063518
-5147.566724,4,87.068518
343.431144,5,87.075642
-5656.572485,5,87.083642
-20656.567277,5,87.091691
374.281074,4,87.09769
9901.416745,3,87.102689
-5557.997824,3,87.106752
-5557.994111,3,87.111761
-5079.857326,3,87.11676
883.285302,3,87.120761
9883.272741,3,87.128815
-5588.850804,4,87.134812
374.285467,4,87.141159
-5607.58622,4,87.147154
-5656.579912,5,87.155154
423.295639,3,87.160153
-5607.580762,4,87.166153
-5656.577727,5,87.174158
343.429121,5,87.181154
-20656.570999,5,87.187152
9460.144423,3,87.191152
-5656.578185,5,87.198154
343.433649,5,87.205458
-5079.852945,3,87.210459
-5576.722158,3,87.214459
-5098.587023,3,87.219458
374.293987,4,87.225461
343.429817,5,87.235462
-5607.584883,4,87.24098
374.286402,4,87.248305
343.447583,5,87.256453
-5098.587145,3,87.261457
343.45132,5,87.269575
343.438475,5,87.277575
-5588.857015,4,87.283699
-20656.573166,5,87.2917
9423.270237,3,87.295702
-5116.722137,3,87.300699
-5147.578696,4,87.306813
883.282035,3,87.311817
-5147.582873,4,87.317813
-20625.71329,4,87.324821
-5607.584512,4,87.330787
-5576.721741,3,87.335787
343.431858,5,87.3423
-5079.856113,3,87.350298
343.481067,5,87.358298
-5656.576223,5,87.36656
-5079.856342,3,87.37106
-5147.583437,4,87.377447
-20079.848575,3,87.38246
-20098.579293,3,87.387463
9460.140284,3,87.392677
343.437513,5,87.399677
901.423248,3,87.405174
9883.277195,3,87.410183
852.425795,4,87.416183
411.152223,4,87.422419
852.425584,4,87.428423
343.458072,5,87.436436
392.439515,4,87.441944
-5576.725735,3,87.446943
-5116.726358,3,87.454809
9901.413852,3,87.459809
411.15764,4,87.466809
9411.143876,4,87.472808
-5098.588721,3,87.477809
-5098.589185,3,87.482808
920.164409,3,87.488808
374.294929,4,87.49577
343.439534,5,87.50377
-5656.578938,5,87.510903
9343.423025,5,87.518903
9442.002109,3,87.523903
-5588.852753,4,87.530912
-20656.550533,5,87.539417
9343.420374,5,87.547921
-5588.857293,4,87.55492
423.279193,3,87.563416
-5607.583276,4,87.570416
-20116.715629,3,87.575426
343.438603,5,87.584423
-5147.583984,4,87.590423
-5116.727236,3,87.595423
-20116.718213,3,87.600423
-5116.726834,3,87.605423
374.284656,4,87.611423
-5576.724125,3,87.616422
-5656.573312,5,87.624432
343.453109,5,87.632429
374.326897,4,87.638772
852.423977,4,87.645777
-5576.725793,3,87.649777
-20656.573946,5,87.660896
392.425118,4,87.669373
-5588.850364,4,87.676373
343.445634,5,87.684372
9343.423032,5,87.692446
343.438915,5,87.700445
9343.421125,5,87.70859
343.475688,5,87.716588
-20656.565804,5,87.724606
343.43099,5,87.7326
9423.272312,3,87.73774
411.155838,4,87.743752
-5098.585809,3,87.748752
411.155637,4,87.756244
-5079.855898,3,87.761254
9460.142693,3,87.766253
-5539.857044,3,87.770253
343.451633,5,87.780499
-5656.57956,5,87.787503
9374.280881,4,87.7945
9392.419087,4,87.802503
9442.004433,3,87.808788
343.43205,5,87.816787
-5625.719655,4,87.823147
392.44089,4,87.830156
343.46848,5,87.837158
9423.277052,3,87.843014
9343.419712,5,87.851014
-5079.854012,3,87.856212
-20607.560908,4,87.862444
343.469363,5,87.87045
-20625.712431,4,87.876644
-5625.717667,4,87.883641
-5079.85689,3,87.891643
392.419879,4,87.897641
-5576.726965,3,87.904101
-5656.581969,5,87.917901
9423.270352,3,87.923906
-20656.563951,5,87.932908
-5098.586707,3,87.938702
423.277365,3,87.94381
343.428397,5,87.953956
-5625.7221,4,87.961524
883.278573,3,87.966804
343.461089,5,87.974994
9423.2714,3,87.981174
9392.419516,4,87.987174
-5098.589553,3,87.991619
-5098.588253,3,88.000614
-5557.998534,3,88.005614
-5656.574314,5,88.013617
-5607.579556,4,88.021614
-5656.57352,5,88.029397
374.282052,4,88.038924
-5147.575869,4,88.045044
-20147.577747,4,88.052045
-5607.580058,4,88.058239
-20607.578586,4,88.064238
343.435341,5,88.073455
343.433725,5,88.08345
-5557.997097,3,88.088451
9920.147837,3,88.093454
-5656.577445,5,88.104937
-5098.588563,3,88.109948
343.427686,5,88.117948
343.439152,5,88.126446
-5607.572678,4,88.133936
411.157283,4,88.139947
9901.411096,3,88.144944
411.1532,4,88.150994
343.437246,5,88.159118
9423.271437,3,88.164118
-5625.722139,4,88.170118
-5147.58621,4,88.177334
-5079.853135,3,88.181334
374.289767,4,88.187334
343.449826,5,88.198339
-5588.851228,4,88.20572
-5539.858899,3,88.214692
9883.275962,3,88.219689
-5098.585631,3,88.22482
9460.143069,3,88.230249
9883.273671,3,88.235249
343.427034,5,88.242926
411.158108,4,88.248926
9411.145729,4,88.25493
9901.415095,3,88.259932
-5557.994154,3,88.264932
883.284016,3,88.269932
-5147.584932,4,88.27709
343.438577,5,88.28509
9423.276042,3,88.290205
392.42476,4,88.297205
-20576.715531,3,88.302205
9460.142836,3,88.306912
343.443736,5,88.314912
9460.143147,3,88.322911
-5116.725007,3,88.326914
-5607.583127,4,88.331914
-5098.582219,3,88.336909
-5557.997377,3,88.34184
343.442134,5,88.34884
423.279052,3,88.353964
-5625.712642,4,88.361056
9460.144174,3,88.365056
374.287266,4,88.372524
-5557.997726,3,88.376549
-5656.581096,5,88.38471
-20607.375916,4,88.391816
-5656.580294,5,88.40083
883.282155,3,88.407836
9852.418685,4,88.415348
-5656.5816,5,88.423346
9343.424127,5,88.434411
9920.146171,3,88.439933
-5607.582584,4,88.446933
-5557.994176,3,88.451933
9901.415486,3,88.457955
343.435894,5,88.465455
343.442031,5,88.47361
9343.426491,5,88.48289
343.429866,5,88.490889
-20656.566176,5,88.499908
343.42983,5,88.508276
9442.00566,3,88.514291
-5557.99672,3,88.519289
-5588.854932,4,88.525297
-20656.55762,5,88.535396
-20147.557382,4,88.545905
392.424184,4,88.551905
343.43269,5,88.56003
9343.415285,5,88.569031
343.436447,5,88.578068
343.461532,5,88.586501
343.446962,5,88.593622
-20656.561036,5,88.602903
852.431046,4,88.609072
-5116.726815,3,88.614072
-5539.856595,3,88.619072
343.452365,5,88.628219
-5576.723986,3,88.634219
852.430581,4,88.641722
9423.271954,3,88.649724
423.283377,3,88.654829
-5656.571782,5,88.663159
9343.426896,5,88.67117
-20079.848967,3,88.676179
343.432911,5,88.684392
-5656.568553,5,88.6914
852.460648,4,88.697398
-5625.722115,4,88.703902
-5539.856617,3,88.708901
343.433393,5,88.716902
-5625.71951,4,88.724111
-5656.576205,5,88.732627
343.428135,5,88.74015
343.435705,5,88.747641
-5557.992263,3,88.751638
-5098.584255,3,88.762637
-5656.57895,5,88.772018
-5116.724967,3,88.782084
9920.144361,3,88.790082
411.151539,4,88.799082
-5116.722548,3,88.805253
-20625.716829,4,88.81225
-5588.846077,4,88.81925
9343.41026,5,88.827257
-5116.726919,3,88.833255
-5539.854946,3,88.842779
343.434004,5,88.852287
-5607.578613,4,88.859443
-5079.855957,3,88.867889
-5656.576471,5,88.875888
343.442833,5,88.886409
9920.143785,3,88.890409
-5116.724952,3,88.895408
343.437604,5,88.90441
-5607.582894,4,88.911863
-5098.583077,3,88.916874
-5576.726975,3,88.921874
-5625.723186,4,88.927878
343.433212,5,88.935877
343.429931,5,88.943387
343.428686,5,88.952426
-5656.577824,5,88.960395
9343.428546,5,88.969408
-5656.573414,5,88.979756
-5116.726417,3,88.984756
-5147.580826,4,88.992018
460.153505,3,88.99802
883.28307,3,89.003016
-5656.575363,5,89.012241
343.447356,5,89.02024
-5539.854402,3,89.025249
852.435211,4,89.031249
343.4442,5,89.039757
-5098.58603,3,89.044765
343.430976,5,89.052767
-5607.583519,4,89.059766
-5147.581939,4,89.065766
343.427473,5,89.074766
-20147.578188,4,89.080766
-5576.723005,3,89.090767
-5539.854185,3,89.096765
883.282773,3,89.102781
-5079.85824,3,89.107781
-5656.579087,5,89.115911
-5098.589377,3,89.120927
423.283364,3,89.126087
-5539.852681,3,89.131084
-5147.58269,4,89.137082
343.43877,5,89.145214
-5098.58704,3,89.150864
920.1703,3,89.156001
-5625.719109,4,89.162355
852.436568,4,89.168353
343.438882,5,89.176353
9343.427032,5,89.184353
-20656.566039,5,89.194683
9920.140378,3,89.199682
-5607.583347,4,89.205682
343.436666,5,89.213006
-20656.567606,5,89.220006
-5576.727264,3,89.225189
-5079.859141,3,89.230189
343.427422,5,89.2407
392.434713,4,89.246698
-5539.853886,3,89.251698
-5656.578513,5,89.260869
-5588.854845,4,89.267868
343.495844,5,89.275868
9442.003078,3,89.280868
-5588.848045,4,89.28687
-20656.562165,5,89.295372
-5147.583007,4,89.304402
343.427546,5,89.312859
-20656.563298,5,89.320983
9392.414655,4,89.327002
343.432593,5,89.335217
343.432789,5,89.343034
-5576.722591,3,89.349035
-5116.725343,3,89.354112
343.440619,5,89.362549
-5539.853039,3,89.366548
-5079.856219,3,89.373548
392.434361,4,89.380835
-5625.71473,4,89.387832
-5147.585456,4,89.394832
-5079.857447,3,89.399832
-5607.579769,4,89.405832
-5116.726022,3,89.413839
9343.416811,5,89.419838
901.419604,3,89.424285
-5656.570699,5,89.432519
-5588.851996,4,89.439533
343.435368,5,89.448239
-5588.854315,4,89.455381
9343.426441,5,89.462586
343.428447,5,89.470586
392.426477,4,89.478248
-5539.854752,3,89.483249
343.441293,5,89.491746
-5098.586578,3,89.496758
-5625.720739,4,89.503758
-5588.851357,4,89.510283
883.284582,3,89.515556
-5576.725649,3,89.523554
-5557.992643,3,89.528557
374.295328,4,89.534557
-5656.577895,5,89.543064
-5539.857492,3,89.548064
-5656.56686,5,89.555065
-5588.853006,4,89.562064
343.441168,5,89.571064
343.466103,5,89.579064
-5625.719402,4,89.585237
343.44385,5,89.593236
392.424934,4,89.599406
-5116.725554,3,89.604404
852.428927,4,89.611403
-5147.586054,4,89.617403
374.307257,4,89.624405
9411.142637,4,89.636411
-5557.997085,3,89.641917
-5098.582906,3,89.646917
374.30585,4,89.653916
-20656.575673,5,89.661916
-5147.578814,4,89.667917
344.159069,5,89.675916
-5656.571983,5,89.683916
343.435709,5,89.691917
-20656.537401,5,89.699916
852.444012,4,89.705917
-20147.545885,4,89.712916
-5625.721244,4,89.718916
374.282219,4,89.72592
-5079.856371,3,89.73092
343.426693,5,92.282185
423.283764,3,92.287182
343.520093,5,92.295181
392.426691,4,92.302185
901.419993,3,92.307182
920.149689,3,92.312181
-5656.577033,5,92.320185
343.434529,5,92.331187
-5557.992919,3,92.335186
-5116.721975,3,92.340693
343.454962,5,92.348702
-20656.562823,5,92.357697
-5576.722725,3,92.362697
-5625.712001,4,92.368697
9852.412639,4,92.375697
343.441393,5,92.386697
-5098.582219,3,92.391697
343.430495,5,92.400697
-5607.575012,4,92.408702
9374.27963,4,92.418701
-5147.585394,4,92.427118
-5116.72622,3,92.433452
-5625.721503,4,92.439485
-5079.857108,3,92.445003
-5607.578507,4,92.452002
343.444473,5,92.461002
-5607.580061,4,92.469002
-5588.853667,4,92.479002
343.435359,5,92.487998
9423.271918,3,92.496002
-5607.587702,4,92.503405
411.16167,4,92.510408
343.428156,5,92.518405
-5576.72509,3,92.523406
-5576.723021,3,92.528409
-5098.583703,3,92.533409
343.434455,5,92.541916
-5588.85298,4,92.548915
343.431959,5,92.556916
-5625.721046,4,92.563916
-5116.726563,3,92.568917
-5625.723437,4,92.57536
-20656.573403,5,92.584361
-5656.573488,5,92.592498
-5607.579289,4,92.60252
-5079.855193,3,92.608535
374.285093,4,92.616532
374.30268,4,92.622532
-5607.581744,4,92.629535
343.433039,5,92.636606
392.424137,4,92.643648
883.278083,3,92.648654
-5079.856391,3,92.654047
9343.427981,5,92.662043
9901.415364,3,92.667043
-5656.577592,5,92.675043
343.430812,5,92.683757
-5576.724512,3,92.689446
9423.270246,3,92.695445
-5539.853336,3,92.700445
343.460528,5,92.707446
343.432596,5,92.717445
9852.416001,4,92.723444
-5625.717671,4,92.730448
-5539.857043,3,92.735448
9343.413971,5,92.742956
9901.412958,3,92.747955
-5098.588408,3,92.752956
-5539.853718,3,92.758957
-5588.850073,4,92.768234
-5098.585934,3,92.774451
-5539.856145,3,92.778449
-5576.726908,3,92.782449
-5147.578347,4,92.78945
374.289097,4,92.79645
9423.278276,3,92.801449
343.444059,5,92.809449
343.516646,5,92.818449
-5116.726241,3,92.826452
-5656.577464,5,92.834614
343.429823,5,92.843647
-5147.58582,4,92.850651
852.434678,4,92.857653
-20625.707679,4,92.864655
-5656.579596,5,92.872789
9460.143036,3,92.876791
-5079.857576,3,92.882787
-5588.850287,4,92.89079
883.28987,3,92.897126
343.437634,5,92.905469
-5539.856107,3,92.910469
343.436017,5,92.918469
374.284191,4,92.92467
-20098.581767,3,92.933883
343.432332,5,92.941891
392.423588,4,92.949535
-5116.724253,3,92.954661
9460.143953,3,92.958673
-5625.71763,4,92.965802
852.444119,4,92.97199
9852.418077,4,92.978153
9374.276736,4,92.984153
343.431578,5,92.992363
-5576.720177,3,92.998362
-5116.725038,3,93.003361
883.282051,3,93.008359
-5557.996572,3,93.013432
-5588.852955,4,93.020647
343.449692,5,93.02865
9392.428358,4,93.038744
411.169021,4,93.045269
9392.421454,4,93.051584
-5607.577224,4,93.059716
-5607.58446,4,93.067899
-5588.851994,4,93.073898
-5588.848813,4,93.080904
343.464242,5,93.087904
883.278287,3,93.092904
9460.140478,3,93.097904
-5588.85164,4,93.105047
9411.16507,4,93.112066
343.436813,5,93.120065
-20656.573036,5,93.128072
343.439558,5,93.137072
9343.41318,5,93.148618
9852.420095,4,93.155769
-5079.852856,3,93.160769
-5098.589329,3,93.165769
-5539.857376,3,93.170878
9423.273178,3,93.176189
-5625.713773,4,93.185191
9343.423241,5,93.193876
9343.432543,5,93.202873
411.153592,4,93.209949
343.444393,5,93.217393
-5116.721705,3,93.22339
-20607.552945,4,93.230394
852.434341,4,93.236563
9883.272928,3,93.241583
-5147.586265,4,93.248091
-5656.576103,5,93.26055
374.299873,4,93.26755
901.424974,3,93.271553
9343.42113,5,93.282554
9374.280913,4,93.290133
343.445045,5,93.303133
343.424664,5,93.313132
-5656.576035,5,93.32213
343.435697,5,93.334134
-5588.849733,4,93.341134
852.447764,4,93.348642
343.433173,5,93.356642
392.423593,4,93.367765
-5079.857402,3,93.373034
9343.42111,5,93.381032
-5079.858513,3,93.386033
9392.41812,4,93.39403
-5557.995671,3,93.399029
343.46274,5,93.407029
9343.419951,5,93.416029
-5147.583211,4,93.422032
-5147.586442,4,93.429033
343.434667,5,93.438033
-5588.844753,4,93.444541
343.427996,5,93.45254
-5079.852015,3,93.457685
-5147.578206,4,93.463684
-5557.995138,3,93.47229
920.164514,3,93.483314
9901.417356,3,93.490315
-5147.578644,4,93.497314
9392.414694,4,93.503314
-5588.84796,4,93.510314
-5539.856063,3,93.515314
374.296794,4,93.521314
343.428792,5,93.530318
-20607.575703,4,93.53732
9343.42841,5,93.545825
-5588.854993,4,93.551824
9343.420551,5,93.559824
343.439968,5,93.567824
-5539.854065,3,93.573823
392.426444,4,93.585824
-5625.715857,4,93.592824
9901.414187,3,93.598825
9392.42336,4,93.604824
-5588.850032,4,93.611824
-5557.997423,3,93.616823
-5588.846591,4,93.622824
852.427828,4,93.629827
-5656.575281,5,93.638827
-5607.577481,4,93.646338
9852.414264,4,93.652338
-5557.996958,3,93.657339
411.151873,4,93.663338
-5607.581283,4,93.670338
-5656.573499,5,93.677338
-5079.853693,3,93.683338
-5079.856615,3,93.688343
343.476012,5,93.700108
411.15667,4,93.707107
-5147.584308,4,93.714108
343.452518,5,93.723108
-5098.580974,3,93.728115
392.429854,4,93.736115
-5557.996496,3,93.741115
374.284948,4,93.748631
343.433971,5,93.75763
-5625.716542,4,93.764631
-5656.577569,5,93.772631
392.475328,4,93.77963
-5098.583221,3,93.784631
-5147.577829,4,93.79163
-5079.852498,3,93.79563
-5607.586361,4,93.804633
-5576.725507,3,93.810151
9343.422875,5,93.819431
343.436165,5,93.827432
-5098.587525,3,93.832455
-5576.724157,3,93.83759
-5625.721316,4,93.844264
9374.275577,4,93.851266
901.420214,3,93.857276
-5588.850508,4,93.86554
-5656.571054,5,93.873678
-5607.57831,4,93.880105
-5098.586184,3,93.885104
852.425754,4,93.891893
852.426595,4,93.897892
-5607.580259,4,93.905057
343.434952,5,93.916479
-5656.573875,5,93.924479
-5539.858086,3,93.929489
-5116.721465,3,93.933487
920.152681,3,93.938487
-5539.855915,3,93.943994
852.429242,4,93.950003
-5625.717323,4,93.957003
-5147.583788,4,93.963004
-5539.855377,3,93.969004
343.447886,5,93.98
-5557.993866,3,93.985
343.431267,5,93.993
901.423248,3,93.998
-5079.857397,3,94.001999
-5539.855379,3,94.007
-5098.58714,3,94.011999
9883.276182,3,94.015999
-20656.55962,5,94.026999
-5607.58213,4,94.033002
343.426597,5,94.041003
-5656.56468,5,94.049509
9392.42109,4,94.05651
-5607.579704,4,94.062509
343.444026,5,94.06951
-5147.584891,4,94.076509
374.291027,4,94.08351
343.434804,5,94.09151
-5098.589433,3,94.096509
-5588.854697,4,94.103509
-5656.581832,5,94.110509
-20079.848996,3,94.11551
411.15465,4,94.12151
-5098.580774,3,94.12651
-5539.85629,3,94.134513
-5147.583355,4,94.141513
-5098.586738,3,94.14702
9423.272205,3,94.15102
-5539.856425,3,94.15702
-5079.85181,3,94.162019
-5116.722808,3,94.16902
-20588.848188,4,94.18302
343.437566,5,94.195024
852.426124,4,94.203449
-5607.579125,4,94.20945
343.444026,5,94.218449
9343.417896,5,94.226449
-5607.580238,4,94.236456
343.443168,5,94.248964
-5098.586967,3,94.254457
343.459166,5,94.262457
-5147.578924,4,94.269456
9343.430207,5,94.278457
-5607.578723,4,94.285457
9852.421027,4,94.292456
-5557.997724,3,94.297454
9343.421684,5,94.306453
343.446596,5,94.314453
-5539.853166,3,94.320458
392.433688,4,94.327456
374.300588,4,94.334462
-5116.726016,3,94.339461
-5098.584097,3,94.343965
343.429794,5,94.355969
-5656.577669,5,94.364971
-5656.571323,5,94.375115
-5116.723618,3,94.38036
9901.414572,3,94.38536
343.426309,5,94.394574
-5656.582732,5,94.40558
-5079.856606,3,94.411815
343.435509,5,94.420818
-5607.580583,4,94.428282
-5079.856211,3,94.434288
9852.413798,4,94.442043
920.157996,3,94.446656
852.421661,4,94.457675
-5576.718713,3,94.462704
-5079.855165,3,94.468702
343.443264,5,94.478004
-5079.856173,3,94.483999
-5147.583091,4,94.492117
343.43949,5,94.506676
392.424172,4,94.513223
-5656.576011,5,94.521719
-20656.566057,5,94.529743
-5098.589463,3,94.534737
-5098.5841,3,94.539216
343.450684,5,94.548185
852.425513,4,94.555185
343.431438,5,94.566699
-5607.581933,4,94.574701
-5539.851195,3,94.579699
343.441376,5,94.588203
-5588.84458,4,94.59522
9901.413373,3,94.600215
-5625.720592,4,94.607253
-5588.851302,4,94.615877
-5576.720578,3,94.622384
-5576.725889,3,94.627383
9883.27361,3,94.632389
343.436178,5,94.642991
-5098.583077,3,94.648499
9901.414646,3,94.653974
901.426601,3,94.660408
-5625.723072,4,94.666876
-5625.716469,4,94.678037
-5607.581925,4,94.685036
-5656.576276,5,94.693712
852.425105,4,94.700712
343.426485,5,94.709711
-20116.719663,3,94.714711
852.424419,4,94.721714
343.454452,5,94.728711
343.441417,5,94.735718
883.28353,3,94.739865
-5576.727727,3,94.745375
-5079.85354,3,94.750375
-5656.572511,5,94.761374
9343.422282,5,94.769374
9423.273854,3,94.774374
901.422764,3,94.783637
-5656.574505,5,94.793153
852.430736,4,94.800466
-5557.996122,3,94.806347
-5098.585492,3,94.811347
-5588.847621,4,94.816346
-20588.848365,4,94.823684
-20116.718703,3,94.827684
852.438195,4,94.834796
-5656.575797,5,94.843366
-5656.575363,5,94.862948
-20116.719369,3,94.867953
-20656.558219,5,94.876109
-5147.587189,4,94.882117
-20656.571005,5,94.893751
-5625.720028,4,94.90075
-5098.588704,3,94.906256
343.441658,5,94.914261
-5656.578351,5,94.922262
343.437913,5,94.931272
442.007667,3,94.936269
343.437627,5,94.945232
-5588.852305,4,94.952245
852.431026,4,94.959249
9343.418873,5,94.967245
9392.416326,4,94.974622
-5539.856354,3,94.978634
-20656.568494,5,94.986964
-5656.576949,5,94.997445
343.422287,5,95.009766
374.278991,4,95.016766
-5116.723024,3,95.022763
-5607.581326,4,95.029987
9392.411908,4,95.035
-5656.577489,5,95.044002
392.424332,4,95.051186
9343.428268,5,95.065182
9920.141487,3,95.071182
343.43188,5,95.080601
-5588.848284,4,95.088615
423.282758,3,95.095614
9883.272688,3,95.101614
-5625.720709,4,95.111617
343.428999,5,95.119615
392.440345,4,95.125965
920.148949,3,95.131968
852.4495,4,95.138968
343.436546,5,95.146475
-5656.577897,5,95.155479
-5656.569732,5,95.163479
-20607.574817,4,95.169475
883.281025,3,95.175784
-5098.586269,3,95.180785
343.432703,5,95.18978
-5588.850162,4,95.195779
-20607.576512,4,95.20278
852.43229,4,95.20978
-5588.85139,4,95.21878
-5656.584374,5,95.22878
343.430938,5,95.238785
343.451517,5,95.246887
374.286948,4,95.254037
-5079.855879,3,95.259036
-5079.856779,3,95.264037
-5079.854232,3,95.268037
9883.282946,3,95.274036
-5557.993446,3,95.279037
-5147.57773,4,95.285039
343.442085,5,95.294038
-5576.724509,3,95.299035
374.289864,4,95.30504
9920.146315,3,95.310047
-5539.855951,3,95.315049
-20656.5676,5,95.322179
-5588.852803,4,95.332182
852.436201,4,95.339185
9343.423203,5,95.350147
343.434435,5,95.358646
-5625.719949,4,95.364647
9343.41041,5,95.373646
852.425968,4,95.379647
-5588.853762,4,95.385646
343.427893,5,95.393646
343.427518,5,95.402646
-5539.858886,3,95.407646
-5607.583167,4,95.414646
-5625.721906,4,95.420646
-5656.576867,5,95.429654
-5607.583411,4,95.437652
-20656.568034,5,95.446158
-5116.726554,3,95.451159
852.575413,4,95.458158
9901.415297,3,95.463158
-5656.58301,5,95.470693
-5116.720514,3,95.475708
343.437607,5,95.486706
9920.142874,3,95.491708
343.46696,5,95.499702
9411.144077,4,95.505702
343.436927,5,95.514711
9343.426993,5,95.522712
374.282998,4,95.530005
343.427256,5,95.537001
-5625.719096,4,95.544003
-5656.580035,5,95.556525
-5607.581353,4,95.562936
374.287886,4,95.567935
343.42846,5,95.5761
-5625.718928,4,95.583526
343.435023,5,95.590651
9883.274958,3,95.595651
343.434889,5,95.604071
343.439571,5,95.613232
343.440055,5,95.623235
9460.141485,3,95.628233
-5557.998772,3,95.633236
-20147.571174,4,95.640237
343.451841,5,95.647743
-5656.570058,5,95.657826
-5116.721568,3,95.663826
392.425729,4,95.670826
-5656.56996,5,95.678837
343.453795,5,95.687111
-5656.583532,5,95.695719
343.428196,5,95.704165
852.432103,4,95.710165
-5147.582534,4,95.716165
-20147.574383,4,95.722165
343.443509,5,95.730168
-5098.589041,3,95.735168
-5656.578957,5,95.743169
-20656.565046,5,95.751675
-5625.719596,4,95.761675
-20147.565684,4,95.772179
-5539.857426,3,95.777185
343.453265,5,95.784239
-20656.55795,5,95.791244
343.430463,5,95.799238
411.171886,4,95.806238
-5576.724854,3,95.810655
-5625.721846,4,95.817072
9423.272068,3,95.822237
-5098.586705,3,95.827236
-5656.568605,5,95.836239
343.426089,5,95.844093
9411.148237,4,95.851101
-5116.727119,3,95.856101
-5557.997041,3,95.8611
411.152189,4,95.8681
-5656.581012,5,95.8811
-5098.586434,3,95.891101
343.440917,5,95.901101
-5098.587097,3,95.908098
852.433867,4,95.915097
374.297739,4,95.924575
392.424261,4,95.933577
9343.421103,5,95.942578
9442.00352,3,95.947093
-5079.852902,3,95.953093
-5098.588741,3,95.958093
-5656.572308,5,98.562984
374.28559,4,98.572986
9920.145886,3,98.579985
-5607.583251,4,98.587986
9343.424921,5,98.601023
343.439824,5,98.609547
-5557.995569,3,98.614547
901.426604,3,98.619546
-5625.720358,4,98.626548
423.284008,3,98.631546
374.293061,4,98.639552
852.425617,4,98.646552
-5607.580731,4,98.653068
343.450227,5,98.662901
-5098.586231,3,98.666899
9901.414441,3,98.670904
-5147.577671,4,98.678006
-5116.725903,3,98.683002
343.424976,5,98.692174
-5116.727139,3,98.697179
-5098.586468,3,98.702178
343.430318,5,98.715204
9852.413686,4,98.722203
9343.42961,5,98.730203
-5098.586592,3,98.736206
-5557.994862,3,98.741211
-5539.856783,3,98.745207
-5116.723044,3,98.75095
-5588.849036,4,98.757254
-5607.578381,4,98.764254
852.424901,4,98.771422
374.280396,4,98.779421
343.438453,5,98.787811
-5098.585924,3,98.793155
-5607.580694,4,98.799157
-20656.573755,5,98.808239
411.172513,4,98.814242
-5656.576667,5,98.826238
-5147.579149,4,98.833251
901.428079,3,98.838844
-20539.849583,3,98.846863
343.425602,5,98.856503
343.446061,5,98.864518
-5576.721221,3,98.869516
-5079.858419,3,98.874521
-5539.851593,3,98.879518
343.443882,5,98.888867
-5588.851446,4,98.895938
9883.27559,3,98.900938
-5557.997408,3,98.905938
-5588.852557,4,98.911939
-5116.727497,3,98.916938
9343.422767,5,98.925174
411.158565,4,98.935245
-5557.994768,3,98.941447
343.453138,5,98.952014
-5656.580834,5,98.960126
-5557.993214,3,98.966126
-5607.58046,4,98.973126
-20656.551042,5,98.981126
343.584941,5,98.990127
-5656.58392,5,98.998126
-5098.589014,3,99.003126
-5557.995113,3,99.008126
-5079.855402,3,99.012126
-5557.985281,3,99.016126
9374.278797,4,99.023127
-5116.720786,3,99.028284
9920.142115,3,99.037287
9442.004496,3,99.042287
-5147.577124,4,99.049303
-20607.570667,4,99.057022
-5607.574263,4,99.064022
343.424355,5,99.075024
-5079.858814,3,99.080022
9411.147076,4,99.086352
374.286628,4,99.093626
343.429086,5,99.10149
-5588.845971,4,99.10849
343.433026,5,99.11749
-5147.582713,4,99.12449
-5557.994648,3,99.12949
-5576.723304,3,99.134493
883.278554,3,99.139493
343.447764,5,99.151
343.500139,5,99.159
343.435745,5,99.166352
9343.419868,5,99.174183
-5116.726756,3,99.179183
374.296976,4,99.185183
343.430407,5,99.196519
-5656.580045,5,99.204519
-5079.856885,3,99.209519
-5079.855118,3,99.214519
883.279925,3,99.219802
9411.149217,4,99.225954
-5557.999147,3,99.231563
-5116.728748,3,99.236572
343.451973,5,99.244572
-5539.856383,3,99.25008
411.167336,4,99.259494
-5625.717922,4,99.2665
901.417937,3,99.272456
374.283776,4,99.279455
9343.418363,5,99.294959
-5656.57707,5,99.304957
343.427561,5,99.316139
343.425021,5,99.325679
343.451904,5,99.333978
-5557.997482,3,99.339174
9901.411423,3,99.344041
343.434011,5,99.355627
-5656.572565,5,99.367712
-5656.576572,5,99.376712
343.457727,5,99.384711
-20656.572723,5,99.392712
-20656.564673,5,99.401711
9343.424738,5,99.409712
374.300734,4,99.416712
-5607.569471,4,99.422713
-5607.580289,4,99.429852
9374.271981,4,99.436853
-5576.726086,3,99.442854
-5116.728443,3,99.447359
9852.416572,4,99.454366
-5607.586109,4,99.460812
343.438155,5,99.469334
-5079.858096,3,99.477262
-5098.582199,3,99.482261
-5656.575992,5,99.490277
392.420428,4,99.497277
9920.145864,3,99.501556
392.424059,4,99.509297
-5576.723034,3,99.514298
-5539.857199,3,99.521584
9343.413041,5,99.529057
-5098.583579,3,99.534071
-5576.721981,3,99.539584
343.426737,5,99.54809
-20079.851962,3,99.552097
-5116.72397,3,99.5581
-5147.583565,4,99.564095
-5656.572153,5,99.572097
852.431256,4,99.5791
9901.414605,3,99.587098
343.437503,5,99.594098
374.280431,4,99.601098
343.427998,5,99.609378
343.429222,5,99.616378
-5079.854826,3,99.621378
852.425754,4,99.628378
852.432243,4,99.637385
343.428566,5,99.64685
392.432231,4,99.652356
-20656.52942,5,99.660429
-5656.581776,5,99.667428
-5116.726477,3,99.671428
-20656.5591,5,99.679641
-5098.587366,3,99.684648
-5098.588264,3,99.689642
-20656.562525,5,99.702329
-20656.573009,5,99.710329
852.448376,4,99.717329
-5147.573503,4,99.723328
392.43813,4,99.729328
9343.421439,5,99.737336
-5607.580268,4,99.743336
9852.414478,4,99.748852
-5656.580807,5,99.757038
9392.41833,4,99.763036
411.171581,4,99.770036
9411.145395,4,99.777044
883.284919,3,99.782044
852.445524,4,99.78983
343.458863,5,99.802833
883.283476,3,99.807977
343.431641,5,99.817508
-20116.721477,3,99.821643
343.423974,5,99.829644
9852.420636,4,99.835647
-5098.583981,3,99.841661
343.450785,5,99.849164
9423.280136,3,99.854163
-5539.853344,3,99.858163
-5098.576438,3,99.863166
392.447504,4,99.870197
374.300204,4,99.876214
343.443815,5,99.88331
-5116.728583,3,99.888751
343.459123,5,99.896767
-20656.571252,5,99.905915
343.430552,5,99.918912
9343.415789,5,99.92721
-5576.722853,3,99.93221
-5656.571148,5,99.940734
-20656.545621,5,99.94843
-5576.727432,3,99.953435
-20147.58048,4,99.959649
-5116.725268,3,99.964647
-5607.583904,4,99.970834
-5147.57854,4,99.976834
343.430161,5,99.982836
343.442568,5,99.991544
9460.142386,3,99.996555
-5098.58562,3,100.001555
-20656.567034,5,100.009573
-5147.580914,4,100.019572
343.452091,5,100.030568
-5539.85412,3,100.035572
343.428448,5,100.042572
343.439965,5,100.049709
9343.419814,5,100.057711
343.443793,5,100.064905
-5656.574776,5,100.073044
343.431051,5,100.081774
-5539.857024,3,100.086774
-5098.58167,3,100.091775
-5625.719604,4,100.098773
-5557.998205,3,100.103773
-5656.57512,5,100.111774
9392.417998,4,100.11726
343.431024,5,100.12826
-5098.589473,3,100.133259
-5116.722961,3,100.137266
392.425692,4,100.144269
343.43253,5,100.15178
343.438886,5,100.160312
343.430741,5,100.168308
-5625.719338,4,100.173581
-5539.857163,3,100.178581
442.012613,3,100.18358
-20588.841836,4,100.190582
-5607.581253,4,100.19658
9343.430522,5,100.204583
343.424593,5,100.212583
-5147.579859,4,100.219584
9411.148859,4,100.228584
-5539.855992,3,100.24259
-5576.722076,3,100.249096
343.432516,5,100.260465
883.297235,3,100.265712
9442.003244,3,100.27071
-5116.721948,3,100.27571
343.442614,5,100.284716
-5607.585913,4,100.293986
-5576.72804,3,100.299728
-5607.582107,4,100.307726
-5147.589609,4,100.314726
9901.411954,3,100.320723
-5588.847941,4,100.3294
-5588.847025,4,100.337038
-5539.856619,3,100.346075
-5147.580502,4,100.353934
-5656.580358,5,100.363003
-5079.847707,3,100.36941
-5147.578668,4,100.378412
9920.144655,3,100.383709
-5576.726908,3,100.388865
343.474605,5,100.398007
-5625.722139,4,100.404479
-5588.843144,4,100.41147
-5557.990077,3,100.41547
-5147.576894,4,100.42219
-5576.726024,3,100.427187
-5576.724683,3,100.433187
411.189469,4,100.441194
9343.420081,5,100.452974
411.151848,4,100.459973
-20588.844585,4,100.466975
-5656.578413,5,100.47598
374.303919,4,100.481978
-5147.57886,4,100.489881
-5607.580253,4,100.495893
9343.427745,5,100.504229
-5539.856998,3,100.509229
9442.002827,3,100.51423
-5576.725592,3,100.519229
852.432624,4,100.524229
-5607.581473,4,100.530231
9411.153716,4,100.537235
343.461506,5,100.548239
9920.148379,3,100.553756
-5656.571277,5,100.566082
9852.418864,4,100.573082
9343.423326,5,100.581083
343.432803,5,100.590082
9901.411005,3,100.594083
-5539.857919,3,100.59908
-5607.582772,4,100.605082
883.285387,3,100.609557
-5625.722693,4,100.616923
9852.417936,4,100.624929
9392.416141,4,100.630929
-5539.856771,3,100.635934
-5147.581933,4,100.643202
374.284089,4,100.651715
883.283393,3,100.656714
-5098.586592,3,100.660719
-5656.582001,5,100.672715
9343.417011,5,100.681715
343.428433,5,100.689315
343.436492,5,100.696825
392.425157,4,100.702824
-5576.724632,3,100.708824
343.429071,5,100.716823
9442.007068,3,100.720825
343.447195,5,100.729015
-20656.571123,5,100.737592
9343.422218,5,100.745627
-5576.727443,3,100.750666
-5116.727076,3,100.756156
343.426417,5,100.764156
9392.421127,4,100.770156
-5539.855727,3,100.776156
-5116.725596,3,100.786155
343.441386,5,100.797527
-5098.586885,3,100.80362
852.432202,4,100.808624
-20656.571011,5,100.81762
-5625.72224,4,100.82362
343.4366,5,100.831619
-5607.581506,4,100.837624
-5625.720434,4,100.843857
-5079.856767,3,100.848862
9374.279375,4,100.854855
-5098.586533,3,100.859871
-20607.571651,4,100.866868
343.426854,5,100.874565
-5098.585144,3,100.879562
9343.418128,5,100.890653
-5147.583872,4,100.897652
-5116.727332,3,100.902653
343.444131,5,100.910336
-5625.72433,4,100.917332
343.449507,5,100.925709
-5098.587054,3,100.930709
-5588.84955,4,100.937717
374.280337,4,100.945717
-5539.85781,3,100.951354
9442.007246,3,100.955509
343.469272,5,100.962509
-5098.586922,3,100.966575
-5116.728683,3,100.971693
343.496415,5,100.979692
-5539.854284,3,100.984692
-5539.858005,3,100.988793
-5557.996281,3,100.993795
343.43864,5,101.003257
-5147.582815,4,101.010258
-5098.585627,3,101.014626
-20656.570716,5,101.021833
-5079.852665,3,101.024833
343.446362,5,101.03226
9852.417272,4,101.037266
343.428875,5,101.045265
-5656.576998,5,101.052774
9343.428155,5,101.060776
343.436804,5,101.068773
-5607.581894,4,101.07478
-5656.581522,5,101.082773
9423.272808,3,101.087776
-5147.576539,4,101.093777
9343.428628,5,101.101773
343.435534,5,101.113
-5607.583355,4,101.119
-5539.855018,3,101.124179
-5656.583712,5,101.132178
-20607.579734,4,101.138352
-5607.584152,4,101.143352
852.424208,4,101.148351
343.458934,5,101.156858
343.449912,5,101.164858
343.43334,5,101.173857
411.158009,4,101.179857
852.444099,4,101.185857
-5116.727408,3,101.191857
423.278118,3,101.196857
343.438483,5,101.206859
9343.414604,5,101.218036
411.152929,4,101.225034
-5098.588709,3,101.230033
-5116.725073,3,101.234033
392.423379,4,101.241039
-5607.581072,4,101.247039
-5539.857501,3,101.252394
852.424583,4,101.259593
-5098.585249,3,101.264591
-5539.856375,3,101.26859
343.44365,5,101.277062
9343.421076,5,101.284061
-5147.585407,4,101.290167
343.42672,5,101.298275
-5607.583512,4,101.304274
-5588.854585,4,101.311395
343.466965,5,101.319394
9460.148304,3,101.328769
883.286057,3,101.33377
-5576.726281,3,101.338778
852.42975,4,101.346773
852.467879,4,101.35428
374.283047,4,101.36128
343.451013,5,101.368281
-5656.572687,5,101.375281
-5656.578163,5,101.383281
392.421434,4,101.38928
-5656.58177,5,101.39728
374.287634,4,101.40328
-5607.581005,4,101.409281
9374.272527,4,101.416281
9920.150161,3,101.42128
-5588.849067,4,101.42728
392.490384,4,101.43428
-5098.586468,3,101.441284
-5098.585675,3,101.446284
-5588.851084,4,101.452797
9460.140941,3,101.457804
343.430431,5,101.465797
9392.417123,4,101.471466
-5539.858328,3,101.476466
-5607.587018,4,101.483466
-5656.574571,5,101.491466
9920.142679,3,101.496466
343.43003,5,101.504466
392.42309,4,101.511466
901.421103,3,101.516466
343.4574,5,101.530467
-20656.566798,5,101.54047
343.935835,5,101.555436
-20147.573535,4,101.564023
-5656.582899,5,101.572234
9392.414903,4,101.579232
-5656.578577,5,101.587367
-5656.57613,5,101.59546
-5098.585443,3,101.600452
343.437436,5,101.607458
-5576.724599,3,101.612454
-20625.711672,4,101.618453
-5539.857302,3,101.62292
343.438162,5,101.631075
9343.417243,5,101.640085
-5656.574522,5,101.648084
343.470182,5,101.659207
9343.410842,5,101.670242
343.450138,5,101.678241
9411.15197,4,101.685238
-5588.853015,4,101.692243
9392.416986,4,101.698239
852.455319,4,101.705386
-5079.85309,3,101.709385
-5576.727948,3,101.714385
9901.413476,3,101.719549
-5079.854361,3,101.724667
-5656.581815,5,101.732662
-5539.854598,3,101.738178
9343.418929,5,101.746192
-5539.85541,3,101.750804
343.436811,5,101.758823
-5147.575155,4,101.769073
460.148411,3,101.77351
-5588.848402,4,101.779853
-5656.576227,5,101.786855
9343.415401,5,101.796854
411.155026,4,101.804853
852.421634,4,101.812199
-5539.855994,3,101.818203
-5607.580183,4,101.825415
852.423304,4,101.83169
-5656.569847,5,101.839783
343.430982,5,101.845793
-5607.582867,4,101.851299
343.446874,5,101.858491
-5656.576369,5,101.86549
-5116.725998,3,101.872826
374.286703,4,101.878826
-20656.567372,5,101.885826
343.425942,5,101.893974
-20656.575101,5,101.901971
920.156184,3,101.906971
9423.274115,3,101.911971
343.454789,5,101.918972
9343.463267,5,101.926971
852.432176,4,101.932971
-5079.853253,3,101.937979
9920.144777,3,101.942991
374.285091,4,101.948988
343.435039,5,101.957085
423.279601,3,101.962085
-20656.569342,5,101.973086
9901.41618,3,101.97709
343.447848,5,101.98869
9920.146365,3,101.9937
-5116.718184,3,101.9987
9442.002502,3,102.0037
411.153021,4,102.0097
-5625.721929,4,102.018056
-5098.587259,3,102.023052
-5098.584895,3,102.02845
9374.280523,4,102.035831
-5539.856724,3,102.039957
-20557.988026,3,102.045958
343.448399,5,102.054639
-5576.72709,3,102.058648
-5079.857517,3,102.062648
-5607.576969,4,102.06865
343.434023,5,102.076648
9343.42574,5,102.083648
-5147.580363,4,102.093694
-5656.577854,5,102.102691
374.284074,4,102.108691
374.284541,4,102.113691
-5625.721618,4,102.119691
9423.273929,3,102.125389
-20656.57313,5,104.704902
-5588.852034,4,104.713009
343.4453,5,104.721008
9423.280209,3,104.726008
9374.278709,4,104.733008
-5079.859158,3,104.738008
883.287852,3,104.743011
-5147.58699,4,104.749012
9423.271675,3,104.754515
-5079.853584,3,104.758519
-5656.575951,5,104.766519
343.451142,5,104.774519
9392.418048,4,104.781519
-5557.98976,3,104.786519
9460.145527,3,104.791523
-5656.580277,5,104.79952
-5147.584298,4,104.80652
9374.286569,4,104.812519
343.430157,5,104.823687
-5656.581329,5,104.831687
-20625.712045,4,104.838061
-20656.570216,5,104.845716
9883.275634,3,104.850716
9901.410302,3,104.854221
374.285675,4,104.860414
901.421103,3,104.865426
-5557.999133,3,104.870639
-5625.723325,4,104.876648
-5079.857535,3,104.881649
411.161435,4,104.887651
901.419516,3,104.892653
-5098.577979,3,104.896652
9460.142519,3,104.901809
392.435328,4,104.907954
-5656.576214,5,104.915949
-5656.56813,5,104.923949
-5576.723695,3,104.932953
9411.143384,4,104.940965
343.432646,5,104.948962
374.28839,4,104.95548
374.286464,4,104.96264
-5098.588008,3,104.967639
343.460994,5,104.976639
-5079.856903,3,104.981639
-5539.852977,3,104.986639
9460.141972,3,104.991641
852.423474,4,104.998019
-5539.852913,3,105.003062
-5625.723836,4,105.009923
-5607.582674,4,105.016015
883.285982,3,105.021016
-5625.719003,4,105.028015
-5588.852353,4,105.034017
-20656.571605,5,105.045252
-20656.561306,5,105.053247
343.493796,5,105.062078
343.453784,5,105.070078
9392.41943,4,105.076078
-5098.578113,3,105.081078
-5607.576421,4,105.087583
-5588.849828,4,105.093585
343.431274,5,105.101581
-5576.725073,3,105.105581
343.43427,5,105.113588
-5607.582503,4,105.120581
343.441385,5,105.128582
343.44129,5,105.136581
9460.144063,3,105.141096
-5098.582864,3,105.146093
-5116.724879,3,105.153199
883.284371,3,105.158887
-20147.576988,4,105.164886
9374.281015,4,105.169885
-20116.713488,3,105.174891
9343.415816,5,105.182887
883.277345,3,105.187886
-5656.579753,5,105.195887
-20607.576991,4,105.202053
343.435631,5,105.209053
-5147.582862,4,105.216052
852.436552,4,105.222052
-5557.994546,3,105.227052
9343.417582,5,105.235053
-5557.996608,3,105.239052
-5656.568495,5,105.247056
-5576.727208,3,105.252056
-5098.589842,3,105.256563
-5079.853871,3,105.264564
392.426444,4,105.270566
-5539.856888,3,105.275563
-20625.714362,4,105.281563
-5098.589152,3,105.286564
392.423162,4,105.292688
343.446856,5,105.300689
343.423454,5,105.308814
883.27855,3,105.312814
-5079.856886,3,105.316814
-5098.584655,3,105.321815
-5539.847558,3,105.326816
-5656.577056,5,105.336813
-5098.587418,3,105.341817
343.430055,5,105.350202
-5656.5834,5,105.359159
-5656.570918,5,105.368168
343.47749,5,105.379159
343.444523,5,105.388496
-20625.713349,4,105.394495
-5607.582491,4,105.400551
343.475328,5,105.408987
-5079.854948,3,105.413988
-5116.725031,3,105.418988
-5588.856216,4,105.427992
-5116.723131,3,105.43415
-5656.573789,5,105.442296
392.434018,4,105.449296
-20557.990243,3,105.454294
392.421511,4,105.460441
343.435697,5,105.469442
-5607.584392,4,105.476443
-5079.857762,3,105.483614
343.454741,5,105.492611
-5576.728296,3,105.498003
343.433725,5,105.506997
392.43609,4,105.512998
9901.412491,3,105.517997
-5116.72606,3,105.523136
-5116.726729,3,105.528137
374.285342,4,105.534136
343.450445,5,105.542815
-5539.85787,3,105.547814
-5576.723037,3,105.552818
9852.414553,4,105.559335
883.284592,3,105.564337
-5539.854055,3,105.57315
-5098.584357,3,105.578149
-20147.576662,4,105.585149
-5656.570993,5,105.596171
9901.414662,3,105.602171
-5656.577165,5,105.609654
374.295782,4,105.616661
392.424429,4,105.623319
392.443076,4,105.630318
343.440847,5,105.639318
-20656.55045,5,105.647322
392.423166,4,105.654322
-20656.571895,5,105.662829
-5079.851728,3,105.667833
343.430055,5,105.675833
-20625.713036,4,105.682833
343.43494,5,105.691833
343.440582,5,105.705829
9343.421697,5,105.71483
-5607.582907,4,105.720829
-5147.586613,4,105.727829
374.283927,4,105.734828
852.435656,4,105.741833
-5539.857047,3,105.746354
-5098.586686,3,105.760898
343.438779,5,105.767898
-5656.579231,5,105.773899
392.426646,4,105.780902
-5079.852342,3,105.786902
343.428886,5,105.7949
343.436131,5,105.802899
442.00885,3,105.811043
9343.421509,5,105.820792
343.489921,5,105.832134
460.154238,3,105.837513
-5539.852707,3,105.843703
343.431323,5,105.851702
-5147.582911,4,105.859215
9343.428845,5,105.867216
9343.414412,5,105.876474
-5098.586754,3,105.881473
9423.275604,3,105.887029
-5656.57897,5,105.895048
-5607.579025,4,105.901048
852.428971,4,105.908049
852.430989,4,105.915048
-5656.57474,5,105.92705
411.151417,4,105.93305
-5607.583957,4,105.942438
9901.414012,3,105.947889
-5098.584032,3,105.958406
343.437885,5,105.968405
-5079.856213,3,105.975407
9374.275789,4,105.983188
-5656.578948,5,105.992195
-5079.858214,3,105.997195
-5079.859346,3,106.002195
343.461891,5,106.013195
-5576.721563,3,106.018195
-5147.580502,4,106.025195
392.464361,4,106.035194
343.441708,5,106.043291
392.429335,4,106.051291
343.438131,5,106.059683
9442.00285,3,106.064835
343.434561,5,106.072835
343.427013,5,106.080836
9423.274564,3,106.086835
-5588.849974,4,106.093832
-5607.584403,4,106.100831
9343.436875,5,106.107837
-20656.579663,5,106.116835
-5576.722967,3,106.121833
-5539.855236,3,106.126831
852.43142,4,106.131831
392.425264,4,106.140214
-5625.721901,4,106.147225
423.29439,3,106.152223
343.431112,5,106.163017
-5656.573458,5,106.173017
343.435108,5,106.180016
411.171939,4,106.186017
-5116.722871,3,106.191017
411.157661,4,106.198017
392.423154,4,106.204017
-5116.726342,3,106.210017
9392.41326,4,106.217018
-5588.852557,4,106.224017
-5576.727772,3,106.228017
343.442533,5,106.237017
411.153551,4,106.243023
392.430719,4,106.254025
-5607.580985,4,106.260531
392.427654,4,106.269532
-5098.587678,3,106.274532
-5098.587705,3,106.279531
343.448109,5,106.287543
852.427501,4,106.294539
-5656.579219,5,106.301539
343.441353,5,106.309544
343.430581,5,106.316539
901.422152,3,106.321716
-5079.856686,3,106.326824
343.439491,5,106.334342
-5656.577661,5,106.342654
-5576.725206,3,106.348005
-5576.725515,3,106.354006
-5116.720378,3,106.361501
343.431539,5,106.370499
-5607.577275,4,106.376665
-5656.579519,5,106.385195
-5576.723942,3,106.39325
-5576.726314,3,106.398246
-5098.581138,3,106.402244
-5557.993464,3,106.407648
9411.14501,4,106.413647
343.443098,5,106.421789
-5098.583729,3,106.426787
-5557.995269,3,106.431787
-5539.858597,3,106.437223
-20147.576531,4,106.444231
343.42459,5,106.451229
343.424303,5,106.459648
343.438591,5,106.471132
-5607.584153,4,106.478131
-5079.856425,3,106.483129
9442.00257,3,106.488131
852.426531,4,106.49513
-5588.854003,4,106.503134
392.422265,4,106.511593
-5539.856472,3,106.516006
343.427609,5,106.523178
-5588.849221,4,106.530178
-5147.582938,4,106.536178
343.431054,5,106.545185
-5098.589181,3,106.550182
343.424669,5,106.558698
852.434999,4,106.564697
-5607.581717,4,106.570699
883.281918,3,106.578848
9852.418461,4,106.585848
374.34055,4,106.592096
-5557.998192,3,106.597097
343.430609,5,106.605098
-20656.575387,5,106.613485
-5079.853668,3,106.618485
852.426472,4,106.625648
392.420788,4,106.632653
9392.418658,4,106.64094
-5607.581871,4,106.646938
-5576.727656,3,106.651938
-5656.571714,5,106.660208
-5079.85287,3,106.665205
-5625.715945,4,106.671204
920.157312,3,106.675204
343.446081,5,106.686204
392.423699,4,106.693204
-5098.588556,3,106.698204
-5147.580199,4,106.704205
-5098.589819,3,106.709203
-5656.576214,5,106.717204
883.281328,3,106.722204
-5147.584722,4,106.729204
-5147.580432,4,106.735204
-5098.583505,3,106.740204
343.430904,5,106.748208
-20656.561902,5,106.75823
-20098.577843,3,106.763229
343.453109,5,106.771667
-5079.855005,3,106.776665
-20576.721417,3,106.781948
-5625.718263,4,106.788944
343.443443,5,106.800943
343.428574,5,106.811281
-5079.857412,3,106.816682
9901.418515,3,106.82168
-5656.576435,5,106.830679
-5588.852232,4,106.837679
343.432902,5,106.846804
9343.412442,5,106.860322
-20656.560719,5,106.870321
9920.14788,3,106.877543
9343.420891,5,106.886411
-5607.58156,4,106.893482
-20656.564073,5,106.902481
883.278923,3,106.914078
9392.413506,4,106.923071
-5656.571087,5,106.932071
-5116.721278,3,106.937073
9374.279407,4,106.944076
343.435001,5,106.953075
-5557.995736,3,106.958583
343.43251,5,106.96778
343.432154,5,106.975919
-5098.587156,3,106.980918
343.426929,5,106.98805
-5557.995828,3,106.993045
-5656.580771,5,107.001416
9343.41951,5,107.00942
-5079.851903,3,107.01842
-5079.84901,3,107.022931
374.282736,4,107.028931
-5098.585326,3,107.035606
9920.14114,3,107.040603
-5607.58534,4,107.047613
-5098.586803,3,107.052109
-5607.583275,4,107.061664
-20656.559964,5,107.070368
-5607.582943,4,107.077378
-5656.572134,5,107.085378
-20607.576975,4,107.092195
-5147.58351,4,107.099418
9423.276281,3,107.104567
9901.413179,3,107.10857
9343.414549,5,107.117579
-5656.577115,5,107.127687
-5656.58175,5,107.137165
-5079.858406,3,107.142248
-5539.856945,3,107.147246
374.282822,4,107.153247
-5098.587239,3,107.158768
392.432559,4,107.165871
-20607.555801,4,107.173898
852.426072,4,107.181897
-5557.996225,3,107.188109
-5588.848268,4,107.195112
9343.428079,5,107.203112
343.434983,5,107.211438
343.429498,5,107.220583
-5116.725607,3,107.225611
9460.14267,3,107.233606
-5588.855345,4,107.240606
343.436822,5,107.248609
9411.148738,4,107.255609
-5539.85678,3,107.260116
-5625.725891,4,107.267117
-5116.723248,3,107.273116
-5576.726028,3,107.279117
343.432623,5,107.285116
9343.42111,5,107.293116
-5098.589192,3,107.29712
9411.145913,4,107.30412
-5656.575857,5,107.312119
852.435257,4,107.31912
-5576.727684,3,107.324119
-5079.855435,3,107.329117
-5098.583569,3,107.333484
-5656.575085,5,107.34449
9883.277159,3,107.349489
-5656.572765,5,107.359005
-5116.722495,3,107.363006
-5116.724135,3,107.368005
9423.274615,3,107.373006
9423.272288,3,107.378006
9392.421139,4,107.385005
343.430111,5,107.393003
-5079.850257,3,107.398003
-5576.721833,3,107.404408
343.433725,5,107.413812
9411.147597,4,107.419812
-5588.849434,4,107.426812
920.156085,3,107.431812
852.419667,4,107.439494
9852.412819,4,107.446577
-5098.589436,3,107.454576
-5098.585598,3,107.459082
9901.414,3,107.46417
901.422152,3,107.468478
9920.144277,3,107.473599
-5656.574576,5,107.482601
-5557.991731,3,107.487599
852.422636,4,107.494602
-5656.579415,5,107.504601
-5116.72635,3,107.508599
374.286282,4,107.515598
411.15131,4,107.521598
-5098.58693,3,107.526864
-5539.858468,3,107.531865
374.285391,4,107.538359
-5116.719895,3,107.543363
-5576.725601,3,107.548508
-5557.99141,3,107.553509
-20588.843315,4,107.563579
-5576.727853,3,107.568578
-5656.575039,5,107.576703
9392.418183,4,107.583703
883.278111,3,107.588703
-5116.725728,3,107.593704
-5656.568158,5,107.600703
343.589264,5,107.610849
-5656.572459,5,107.619845
9460.143095,3,107.624846
343.434671,5,107.631846
392.423919,4,107.637846
392.422453,4,107.644849
-5656.584002,5,107.652849
9374.280131,4,107.659356
-5079.853285,3,107.664357
-5557.998282,3,107.672358
-5656.579597,5,107.680529
392.4217,4,107.686829
852.431538,4,107.693828
-5576.726744,3,107.697829
-5656.574942,5,107.706828
343.4296,5,107.714829
411.159414,4,107.725832
9460.141622,3,107.733832
-5116.722581,3,107.739833
-5147.582415,4,107.749839
-5625.719799,4,107.756786
883.283975,3,107.761788
-20607.571697,4,107.768742
-5576.723332,3,107.773934
-5656.580974,5,107.790094
9343.424482,5,107.800092
9343.410973,5,107.808094
-5557.998899,3,107.813092
-5576.724361,3,107.818091
9392.416005,4,107.824092
9920.1463,3,107.829092
-20656.5698,5,107.838092
-5607.579154,4,107.845098
-5576.726908,3,107.850097
-20607.032423,4,107.856613
-20147.575134,4,107.862613
374.287449,4,107.870309
343.440043,5,107.878317
343.430629,5,107.889466
-20656.564703,5,107.898811
-5656.578037,5,107.906892
343.441221,5,107.914891
392.43644,4,107.921891
-5656.574771,5,107.931891
9883.273256,3,107.935892
343.434159,5,107.943434
9343.419795,5,107.951436
343.489921,5,107.958943
343.431006,5,107.968942
920.153939,3,107.973942
343.438917,5,107.981942
-5656.576713,5,107.989942
9852.414164,4,107.997329
343.431987,5,108.006329
343.455928,5,108.014203
374.284757,4,108.021203
-5557.995591,3,108.026203
-5098.579899,3,108.031202
883.27953,3,108.038205
343.43448,5,108.047407
343.423549,5,108.054925
343.422109,5,108.063248
9343.423106,5,108.071605
-5557.997142,3,108.07662
343.448847,5,108.084619
343.437507,5,108.092943
9343.418495,5,108.100959
343.424602,5,108.113059
343.424574,5,108.121596
-5079.849153,3,108.127144
343.430478,5,108.135145
411.161348,4,108.142155
411.158432,4,108.148153
-20588.847063,4,108.155658
9852.412184,4,108.164663
-5147.580679,4,108.170955
-5656.576163,5,108.178966
852.430983,4,108.186198
-5656.583258,5,108.194213
-5098.584204,3,108.199212
-5079.844271,3,108.204212
852.432397,4,108.211212
-5116.727211,3,108.220212
9852.419702,4,108.226673
-5576.725592,3,108.232435
852.439108,4,108.237437
-5116.723811,3,108.242441
-5588.850928,4,108.248438
-5656.572922,5,108.256951
852.449606,4,108.26295
-5116.727879,3,108.26795
343.44187,5,108.275952
-5656.571097,5,108.283951
-5098.585013,3,108.288952
343.425262,5,108.297193
-5147.576615,4,110.881484
-5656.581928,5,110.891248
852.427615,4,110.897247
-5116.723193,3,110.902283
343.43439,5,110.910393
411.164663,4,110.916391
9901.412794,3,110.921391
343.439534,5,110.929399
343.476487,5,110.937403
374.319321,4,110.944404
-5098.5841,3,110.951404
9411.152003,4,110.95791
343.435995,5,110.96591
9343.411066,5,110.97491
-5656.568776,5,110.98291
9343.43564,5,110.99091
374.282268,4,110.99891
9920.144368,3,111.00491
-20656.568847,5,111.01591
852.433558,4,111.02291
852.43717,4,111.029912
343.457081,5,111.03842
9883.274929,3,111.043779
-5656.575779,5,111.052781
-5588.85604,4,111.064056
-5656.579756,5,111.072163
-5539.859516,3,111.078256
-5656.578717,5,111.087284
852.425274,4,111.094362
392.422359,4,111.101615
-5098.589601,3,111.106615
9460.14273,3,111.111615
343.441227,5,111.120618
-20656.568644,5,111.129113
374.30164,4,111.139114
9392.413802,4,111.145123
392.423132,4,111.152124
-5625.722083,4,111.159111
374.290061,4,111.166111
374.28783,4,111.176115
-5625.722206,4,111.183115
-5656.577158,5,111.192515
374.28804,4,111.198515
-20656.569899,5,111.207658
9343.427638,5,111.215908
-20656.559488,5,111.224907
-5656.582425,5,111.23491
392.42645,4,111.242227
-20656.569348,5,111.25124
-5557.997938,3,111.255391
-5147.581023,4,111.261912
343.42623,5,111.26991
411.18305,4,111.28007
-5539.854011,3,111.286252
-5656.570411,5,111.296104
374.317862,4,111.303111
-5656.571798,5,111.31211
-5147.576104,4,111.319109
9852.415413,4,111.32525
-5656.581374,5,111.334263
-5607.581701,4,111.34154
343.454023,5,111.350554
-5116.726578,3,111.355716
852.425782,4,111.363752
343.427223,5,111.372129
9852.418568,4,111.379129
920.153773,3,111.383137
-5147.58101,4,111.393625
-5557.995962,3,111.399629
-5607.579471,4,111.407371
-5588.850253,4,111.414367
9374.279798,4,111.421148
-5557.995463,3,111.427148
-5607.584509,4,111.434148
343.455446,5,111.44242
343.434943,5,111.450419
-5576.725688,3,111.45543
-5539.857782,3,111.460939
9423.273672,3,111.467941
-5656.568059,5,111.475425
392.438549,4,111.482632
-5539.857265,3,111.487634
9901.412514,3,111.496632
-5147.579027,4,111.502632
9374.276597,4,111.510631
343.450427,5,111.519632
883.280669,3,111.524636
-5557.990973,3,111.529632
-5098.588008,3,111.535644
-5656.572967,5,111.543901
-5588.851588,4,111.550901
-5656.575126,5,111.558999
-5656.572619,5,111.567001
-5098.585386,3,111.57241
-20656.570378,5,111.58184
343.427952,5,111.59184
460.159801,3,111.59684
852.435076,4,111.60584
-5147.581965,4,111.612841
343.45697,5,111.62284
852.429319,4,111.629841
9423.278811,3,111.63584
343.427362,5,111.643844
343.431892,5,111.652936
-5116.727091,3,111.658444
-5147.581174,4,111.665444
-5116.72511,3,111.670444
374.290003,4,111.677444
-20656.57151,5,111.690444
-5656.579515,5,111.701448
343.427998,5,111.710986
-5079.855711,3,111.723126
374.283706,4,111.732118
343.452196,5,111.741221
-20656.558615,5,111.748225
-20147.575134,4,111.755596
-20656.562062,5,111.762104
-5147.577766,4,111.768103
-20656.552413,5,111.776133
9901.419345,3,111.781131
343.427219,5,111.790292
-5098.586618,3,111.795593
-5656.57827,5,111.804054
9392.41558,4,111.811053
343.452773,5,111.820053
-5607.579786,4,111.830053
-20625.717937,4,111.837053
-5656.580359,5,111.846056
9343.42484,5,111.855056
343.431152,5,111.863564
-5588.846652,4,111.872565
883.296375,3,111.877564
-5576.72485,3,111.882564
411.158133,4,111.889043
-5557.993517,3,111.894042
-5557.996617,3,111.900043
-20656.552435,5,111.908042
883.279554,3,111.914042
-5656.576485,5,111.923042
-5656.572659,5,111.931042
343.437882,5,111.942044
-5098.588501,3,111.947057
-5625.722281,4,111.954054
343.436335,5,111.965568
9423.270046,3,111.972032
-5607.579782,4,111.979081
-20656.557832,5,111.987079
-5625.723324,4,111.993816
852.423792,4,112.000817
852.449494,4,112.006824
-5557.998276,3,112.012827
9442.002977,3,112.017323
9411.147101,4,112.022324
9852.418231,4,112.028327
-5656.571015,5,112.036324
-5539.858261,3,112.041326
343.436081,5,112.0538
343.428748,5,112.061729
343.442824,5,112.069852
9852.423745,4,112.076852
343.431463,5,112.085854
-5656.578009,5,112.095851
-20588.845884,4,112.101851
-20656.555268,5,112.110003
-5607.580196,4,112.117152
9852.418658,4,112.123434
-5656.580666,5,112.130758
9343.422098,5,112.138893
343.434865,5,112.147906
852.445879,4,112.15761
9901.412608,3,112.162622
9852.42288,4,112.171005
-5625.71625,4,112.177016
343.430255,5,112.186013
-20147.570637,4,112.192492
9392.421338,4,112.199493
9343.421565,5,112.211492
9883.273073,3,112.216493
374.281829,4,112.223493
9343.426394,5,112.232493
-5576.722282,3,112.237493
9411.152208,4,112.244496
343.48588,5,112.253496
-5147.579149,4,112.260004
-5588.853928,4,112.270005
9343.423597,5,112.278517
411.162589,4,112.284513
9920.141524,3,112.289513
-5098.587313,3,112.293514
374.304479,4,112.300514
-5557.992592,3,112.305513
-5576.723148,3,112.311513
852.422694,4,112.317513
-5098.582983,3,112.322515
-5607.585237,4,112.329513
-5557.992209,3,112.338513
-5656.578356,5,112.346518
343.424524,5,112.354518
343.429614,5,112.363029
-5656.574749,5,112.374029
-20656.554351,5,112.383029
-5079.854552,3,112.38903
-5539.85719,3,112.394028
374.288654,4,112.401031
423.284886,3,112.406029
9392.412214,4,112.413029
-5576.725719,3,112.418029
-5656.576664,5,112.429029
-20147.572933,4,112.441031
9423.278145,3,112.447037
-5098.588791,3,112.454037
-5098.58758,3,112.460556
343.439941,5,112.470433
-5656.581253,5,112.478431
343.425806,5,112.493392
9411.146227,4,112.502794
-20656.554714,5,112.511793
-5147.58048,4,112.518938
-5098.583756,3,112.523934
-5079.85519,3,112.529935
-5656.577085,5,112.537934
-5576.728172,3,112.543938
-5116.72676,3,112.547938
852.426522,4,112.554941
-5656.572286,5,112.562999
-5576.726251,3,112.575023
-5656.576822,5,112.583022
343.435116,5,112.594025
-5576.727557,3,112.600027
343.425395,5,112.608023
-5116.724926,3,112.613023
343.433331,5,112.621022
-5607.579563,4,112.628023
-5576.727262,3,112.633023
-5539.853648,3,112.638023
-5539.852639,3,112.644026
-20607.576048,4,112.652026
-5147.581541,4,112.660648
374.283981,4,112.667647
-5656.579728,5,112.676142
-5557.996319,3,112.681142
-20656.547643,5,112.690142
-5588.850714,4,112.697141
-5079.859256,3,112.706141
-5147.581588,4,112.712143
-5607.58337,4,112.719142
9392.418513,4,112.726754
343.427391,5,112.734882
343.431047,5,112.744085
-5147.582178,4,112.751205
-5656.574776,5,112.761129
-20147.572831,4,112.768887
-5539.858284,3,112.774073
343.422348,5,112.78235
343.438884,5,112.791403
-5656.581223,5,112.801404
343.43496,5,112.808953
343.430214,5,112.821409
852.42642,4,112.82752
-5147.580485,4,112.833518
-5625.715893,4,112.838517
343.436784,5,112.84571
-5588.856615,4,112.85171
-5147.580668,4,112.858838
-5656.573562,5,112.867046
-5656.573851,5,112.875046
374.299687,4,112.881047
9343.425513,5,112.889047
343.425909,5,112.897047
-5539.849666,3,112.902046
-5576.725319,3,112.906725
-5656.577616,5,112.914805
-5607.581746,4,112.924866
9460.144763,3,112.928865
852.425795,4,112.934866
343.435697,5,112.945182
-5588.853621,4,112.953182
343.443819,5,112.961689
-5656.577641,5,112.970835
-5656.575233,5,112.978835
392.42379,4,112.985835
343.424976,5,112.994221
343.448035,5,113.002221
9343.426542,5,113.010221
-5147.580438,4,113.01671
9343.429153,5,113.025745
392.460925,4,113.035745
-5607.580139,4,113.04296
9460.143495,3,113.04833
-5079.855463,3,113.054495
411.152079,4,113.061004
852.424838,4,113.069004
-20656.558285,5,113.077004
901.431751,3,113.083004
-5079.852847,3,113.088004
-5098.580215,3,113.093004
-5656.581956,5,113.101004
-5656.579585,5,113.109004
852.438232,4,113.116004
9343.419775,5,113.124154
-5116.725018,3,113.130314
343.43202,5,113.142754
-5607.574553,4,113.151236
411.155833,4,113.158791
343.430045,5,113.167198
-20656.559839,5,113.176611
9460.140987,3,113.181743
-5656.576989,5,113.190376
343.46212,5,113.198777
-5625.722696,4,113.205922
-5656.572741,5,113.214925
343.453847,5,113.222921
-5607.581606,4,113.229921
920.14897,3,113.236928
-5656.566488,5,113.248929
-20079.849251,3,113.253929
343.431036,5,113.262438
343.443111,5,113.270438
-5098.582811,3,113.276436
-5079.853676,3,113.281929
9442.002443,3,113.286926
-5147.585815,4,113.292922
343.428534,5,113.300922
-5656.58101,5,113.307929
343.446543,5,113.317086
-5147.584679,4,113.32322
9883.272886,3,113.328218
-5656.572038,5,113.335218
343.42981,5,113.34319
-5625.722083,4,113.350194
-5656.583733,5,113.361142
411.18071,4,113.36814
883.286256,3,113.373653
392.42119,4,113.380652
-20625.716187,4,113.394655
-5079.856897,3,113.401653
-5557.996016,3,113.408654
852.429498,4,113.416212
-5625.717506,4,113.423223
9343.421235,5,113.432221
9392.427713,4,113.438443
920.151638,3,113.445456
343.433398,5,113.456675
-5588.855098,4,113.463768
-5625.720906,4,113.473561
9423.279276,3,113.47956
343.454084,5,113.486987
343.423817,5,113.496595
343.42718,5,113.504591
-5539.855959,3,113.510598
-5557.998224,3,113.5156
-5656.572868,5,113.523599
-5557.994109,3,113.528602
-5539.849738,3,113.535294
883.279019,3,113.540299
9901.412608,3,113.546306
9343.420687,5,113.554308
-5557.998334,3,113.559821
9423.271624,3,113.564925
9411.147407,4,113.571102
-5098.588253,3,113.580104
-5607.586626,4,113.587102
901.42034,3,113.591101
9901.418132,3,113.597105
9423.274324,3,113.604609
-5656.577427,5,113.612607
9442.00228,3,113.617606
-5656.567916,5,113.625612
883.297235,3,113.630632
-5607.580978,4,113.637632
852.427607,4,113.643839
-20656.563471,5,113.651848
-5116.725203,3,113.657846
-20656.564334,5,113.665971
9374.275043,4,113.67252
343.449751,5,113.680521
-5098.585972,3,113.689572
-5098.587506,3,113.693711
-5079.857569,3,113.697711
-5079.858483,3,113.702711
-5588.852771,4,113.709212
-5588.852206,4,113.714211
9343.421899,5,113.725488
-5625.724574,4,113.73249
-5557.998363,3,113.738137
-5147.581114,4,113.744168
-5147.582114,4,113.751167
-5098.587318,3,113.756346
-5576.724832,3,113.761868
-5539.857975,3,113.768371
-5656.573077,5,113.77839
375.277292,4,113.785391
852.423945,4,113.792803
-5098.585634,3,113.800803
-5576.723315,3,113.805803
-5656.574157,5,113.814805
-5607.577529,4,113.821335
-5079.856923,3,113.827348
-20588.850172,4,113.836357
-20588.842101,4,113.844581
9343.422701,5,113.852602
-5079.857932,3,113.857822
-5147.58211,4,113.86533
343.424304,5,113.874331
343.433759,5,113.882331
9343.419887,5,113.890331
411.151451,4,113.89533
-5079.857149,3,113.899331
9852.415514,4,113.909398
-5079.856099,3,113.914397
-5588.852687,4,113.921893
-5557.994158,3,113.933705
852.445333,4,113.943849
-5079.856288,3,113.948851
-5557.99662,3,113.953852
-5116.722488,3,113.960359
343.429116,5,113.968359
-5098.585851,3,113.973369
9883.273604,3,113.97937
-5147.579793,4,113.984507
852.421312,4,113.991519
423.283237,3,113.996517
374.284728,4,114.004518
392.426918,4,114.014522
9374.277685,4,114.021523
-5079.8547,3,114.026522
-20656.567843,5,114.035522
-5656.574819,5,114.046169
852.425665,4,114.053442
-5588.854845,4,114.061115
-5116.727279,3,114.066449
9852.418965,4,114.073174
-5557.995727,3,114.078174
-5539.855798,3,114.083174
-5607.58374,4,114.090174
-5656.581507,5,114.098527
-5607.577185,4,114.105808
-5656.579882,5,114.113819
901.423764,3,114.118819
-5588.852715,4,114.128938
343.431524,5,114.137936
374.282828,4,114.144946
411.150415,4,114.151946
852.43259,4,114.159906
-5656.573044,5,114.1689
-5588.853875,4,114.175901
343.442488,5,114.183903
9392.420054,4,114.19102
9460.143726,3,114.197014
411.152575,4,114.203951
-5656.568689,5,114.212816
-5079.859481,3,114.219193
343.429254,5,114.237365
343.443555,5,114.24937
-20656.56597,5,114.257451
343.434051,5,114.265962
343.44601,5,114.273962
-5588.850382,4,114.283046
-5656.580034,5,114.295399
411.165723,4,114.302399
-5098.581872,3,114.3074
343.426652,5,114.315397
-5625.722263,4,114.322398
460.147324,3,114.327403
343.433156,5,114.336267
-5656.578407,5,114.347865
343.443728,5,114.35597
-5576.720699,3,114.36149
-5116.726184,3,114.366493
343.439489,5,114.375079
-5539.856383,3,114.380438
-20656.568761,5,114.388438
374.287825,4,114.395449
-5656.570366,5,114.404448
-5557.997196,3,114.409448
-5607.58348,4,114.415448
-5656.575951,5,114.423448
343.439245,5,114.434466
-5098.585569,3,114.439607
-20656.547354,5,114.44761
-5607.582967,4,114.457757
343.507514,5,114.466266
9343.422698,5,114.474263
-5656.579575,5,114.483268
-20656.557813,5,114.492263
-5656.584761,5,114.500264
-5147.580345,4,114.507264
343.445185,5,114.514264
9883.273115,3,114.519264
-5147.57794,4,114.526264
392.427255,4,114.532264
-5607.578599,4,114.538264
-20656.564415,5,114.54627
-5588.850468,4,114.55327
-5625.723056,4,114.564781
343.429969,5,114.57378
343.444306,5,114.581781
-20656.561865,5,114.589779
-5098.583076,3,114.59478
883.279563,3,114.59978
343.434941,5,117.159666
-5656.574002,5,117.169178
9343.418473,5,117.179363
343.432567,5,117.187361
9343.417384,5,117.198363
-5116.724573,3,117.203361
-5116.723141,3,117.209363
-5147.579794,4,117.216362
9411.152173,4,117.222568
9901.412703,3,117.227593
-20656.573114,5,117.235593
852.42461,4,117.243809
-5147.585632,4,117.250816
-5116.724617,3,117.256147
9920.146195,3,117.262168
423.283398,3,117.267218
343.427705,5,117.277663
343.429209,5,117.28568
343.445983,5,117.294682
-5588.854084,4,117.303797
-5576.722591,3,117.308807
-20607.560908,4,117.31541
883.280192,3,117.319429
392.426985,4,117.325903
9392.419776,4,117.332028
-20116.716128,3,117.337176
9883.277052,3,117.342187
343.428872,5,117.350189
-5625.718659,4,117.357189
343.445933,5,117.372711
374.289614,4,117.381712
-20607.57927,4,117.388827
343.469947,5,117.397706
-5656.575029,5,117.405715
-5539.856811,3,117.415099
-5539.851068,3,117.420099
-5576.725725,3,117.425098
-20656.549276,5,117.437096
-5625.719935,4,117.445096
411.156263,4,117.4521
-20098.578637,3,117.457259
-5116.724763,3,117.46289
343.431311,5,117.469894
9343.430873,5,117.479059
343.433122,5,117.488058
-5539.857772,3,117.493058
9374.274074,4,117.500058
374.301348,4,117.507058
343.442031,5,117.515058
-5576.726482,3,117.524058
-5625.719752,4,117.531058
9920.145769,3,117.536094
-5607.578282,4,117.542565
343.47326,5,117.550878
-5656.585373,5,117.559
343.431859,5,117.56664
-5656.577496,5,117.574755
-5607.582472,4,117.580757
-5557.993552,3,117.585949
-5116.724679,3,117.591053
9460.144568,3,117.596053
852.427876,4,117.602054
-5098.588179,3,117.608057
343.438392,5,117.617056
343.439352,5,117.628053
392.425638,4,117.63512
-5607.583542,4,117.64212
343.442863,5,117.651123
-5656.58075,5,117.659785
852.425954,4,117.667306
920.150886,3,117.672307
411.150284,4,117.679307
392.467098,4,117.686306
-5656.576922,5,117.694417
9411.141305,4,117.701416
-5147.580929,4,117.708416
392.449652,4,117.716424
-5539.853372,3,117.723713
343.482472,5,117.731713
-5588.851877,4,117.74217
-5656.583333,5,117.750192
9883.273554,3,117.755528
901.423408,3,117.760527
343.437613,5,117.768035
-5576.729939,3,117.772035
374.299894,4,117.779035
392.427747,4,117.784034
-5539.856164,3,117.789036
-20147.577349,4,117.796035
-5656.573128,5,117.804035
9442.002953,3,117.809035
9411.151099,4,117.815418
9374.2794,4,117.824727
411.152335,4,117.831201
411.155055,4,117.8392
343.434151,5,117.85048
343.439285,5,117.85951
-5656.58128,5,117.867704
-5656.574267,5,117.875844
9343.419233,5,117.884028
343.438516,5,117.892137
9374.295467,4,117.898139
-5656.575516,5,117.906337
-5588.853409,4,117.912639
-5656.574399,5,117.920641
9343.433762,5,117.929208
852.442978,4,117.936208
920.155823,3,117.943203
-5098.58406,3,117.948202
-5607.580514,4,117.958371
-5079.857328,3,117.962406
343.445377,5,117.970926
343.426938,5,117.980926
343.436033,5,117.988926
-5607.580768,4,117.995926
343.429867,5,118.004926
343.432703,5,118.013926
-5147.581461,4,118.020491
852.420272,4,118.033511
374.290198,4,118.041056
343.427811,5,118.049752
-5656.572603,5,118.057751
-20656.562552,5,118.070257
392.430432,4,118.077252
343.433194,5,118.086251
-20656.571005,5,118.093787
883.28106,3,118.09879
-5557.995857,3,118.103787
374.292644,4,118.1105
-5607.57622,4,118.117509
343.442968,5,118.126511
-20625.71033,4,118.134511
9411.147527,4,118.141658
9852.419846,4,118.148664
-5576.727342,3,118.153907
374.281007,4,118.160395
-5607.579179,4,118.166899
-5607.588721,4,118.1769
343.439803,5,118.185899
852.430682,4,118.193899
-5607.581841,4,118.1989
852.426214,4,118.2049
-5116.720324,3,118.210899
392.426749,4,118.216899
343.440027,5,118.2259
-5656.573738,5,118.233899
9411.151473,4,118.244461
343.434153,5,118.252471
9460.143395,3,118.257616
-5557.999318,3,118.262616
9343.411049,5,118.271124
411.155024,4,118.278124
343.433364,5,118.289653
-5539.853291,3,118.294878
374.28747,4,118.300878
-5539.850934,3,118.306883
-5576.725773,3,118.311878
-5607.578676,4,118.318878
343.427036,5,118.327162
-5656.56252,5,118.341378
-5116.728921,3,118.348376
852.429181,4,118.355572
343.441361,5,118.365591
343.429782,5,118.37359
9343.429291,5,118.38259
-5116.725742,3,118.387593
-5607.580792,4,118.401361
-5656.578567,5,118.410359
-5576.725014,3,118.415358
343.437267,5,118.423358
-5557.996701,3,118.428358
-5656.578866,5,118.437358
460.157412,3,118.443357
-5656.575193,5,118.451361
-5588.851619,4,118.457361
-5588.854575,4,118.464361
-5607.583141,4,118.471076
883.279308,3,118.476074
-5147.581303,4,118.483258
-5557.997876,3,118.48826
-5539.85645,3,118.493263
-20625.720231,4,118.502693
343.468601,5,118.511697
-5539.852375,3,118.516695
9392.413679,4,118.523161
852.436645,4,118.530159
-20656.56117,5,118.541158
-5656.579431,5,118.55016
-5098.579149,3,118.555317
-5576.725286,3,118.560317
-5656.574597,5,118.568525
-5116.724775,3,118.573657
9852.419143,4,118.580657
9411.143439,4,118.587659
343.427174,5,118.59666
9920.141996,3,118.60166
9423.273814,3,118.60666
343.427457,5,118.617656
343.424652,5,118.626547
-5079.854579,3,118.630556
-5576.727401,3,118.634556
392.421451,4,118.643291
-5557.992295,3,118.649288
-5588.852294,4,118.656609
-5147.579841,4,118.662621
392.43087,4,118.669766
-5576.725283,3,118.674902
-5607.582501,4,118.681902
-5607.587389,4,118.689046
343.45038,5,118.697045
-5656.575428,5,118.70504
343.449546,5,118.714039
-5079.855918,3,118.723039
343.456439,5,118.731039
343.448874,5,118.739538
-5588.851788,4,118.745538
9392.416427,4,118.753704
-5116.72505,3,118.759759
343.465603,5,118.767915
-20079.847924,3,118.77341
-5656.568517,5,118.782541
-5588.852894,4,118.789687
-5098.588076,3,118.794687
-5147.58205,4,118.800921
-5588.853616,4,118.80845
-20656.55781,5,118.817599
-5607.580856,4,118.824599
-5656.581059,5,118.836148
-5576.726229,3,118.840308
-5576.724483,3,118.84531
9901.413308,3,118.84931
-5116.726057,3,118.854788
-20625.715093,4,118.863787
343.437762,5,118.872842
-5607.584783,4,118.879842
-5147.576268,4,118.885842
-5588.850756,4,118.891944
343.448226,5,118.899945
-5098.585513,3,118.905948
-5656.583411,5,118.913944
-5625.720076,4,118.919946
-5576.722051,3,118.924948
411.152137,4,118.931944
-5656.578692,5,118.943728
392.44843,4,118.950735
-5607.581279,4,118.957734
460.154131,3,118.962734
-5656.570941,5,118.970244
411.152832,4,118.979241
411.158801,4,118.986242
343.439534,5,118.995241
9411.143632,4,119.001241
-5607.582669,4,119.007241
-5656.579096,5,119.015245
-5098.584779,3,119.020241
-5588.856607,4,119.027241
343.430561,5,119.035243
852.433598,4,119.041241
-5098.588297,3,119.048241
9343.423557,5,119.057245
343.430327,5,119.066088
-5656.562944,5,119.074226
-5625.716457,4,119.08022
-5607.576686,4,119.087221
-5147.582525,4,119.096222
-5576.72666,3,119.101222
-5607.577581,4,119.108773
883.27846,3,119.113787
-20147.561196,4,119.12024
901.421121,3,119.126252
-5588.85638,4,119.133254
9411.146924,4,119.139251
343.462132,5,119.147597
-5116.725034,3,119.153603
9392.416745,4,119.162601
-5588.85111,4,119.170249
-5098.58913,3,119.174763
-5576.721996,3,119.180758
-20656.568157,5,119.188761
-20656.564158,5,119.197793
-5656.575965,5,119.206794
-5625.719249,4,119.215788
374.296867,4,119.222937
392.423588,4,119.229937
9883.275771,3,119.235939
-5079.852884,3,119.240394
343.439106,5,119.249852
-5607.584563,4,119.257025
-20656.553291,5,119.286545
374.287115,4,119.293702
343.450273,5,119.302701
-20656.098588,5,119.312839
-5079.857751,3,119.322838
-5116.724271,3,119.329994
-5098.585097,3,119.336116
-5656.572775,5,119.345276
9442.006061,3,119.350733
-20656.545621,5,119.359245
-5098.583076,3,119.364749
-5656.579928,5,119.374554
-5079.855515,3,119.380553
9411.149071,4,119.390558
-5079.856925,3,119.395595
9392.410647,4,119.401595
852.432824,4,119.408594
901.421813,3,119.413594
392.421439,4,119.420818
883.279415,3,119.426816
343.431945,5,119.434819
9343.419703,5,119.443221
852.42696,4,119.450225
852.420998,4,119.461351
343.428557,5,119.468936
411.155091,4,119.475936
-5656.571142,5,119.483936
-5098.584373,3,119.489936
423.278941,3,119.494936
343.449099,5,119.50622
343.453172,5,119.515224
9883.281522,3,119.520224
392.42698,4,119.52622
343.429777,5,119.53322
852.43416,4,119.539383
374.287049,4,119.546611
9883.280445,3,119.552022
-5607.576015,4,119.561023
-5116.725959,3,119.56653
343.446692,5,119.575532
9901.41265,3,119.58053
852.423296,4,119.58753
411.154486,4,119.59453
-5539.855883,3,119.59953
-5656.584721,5,119.61192
343.467278,5,119.620072
-5098.589219,3,119.625281
-5539.854004,3,119.630618
852.425295,4,119.636618
374.283498,4,119.643623
901.425097,3,119.648833
9374.276037,4,119.656112
343.426836,5,119.666624
852.436459,4,119.674272
-5557.998205,3,119.679273
-20656.556633,5,119.68727
-5539.856052,3,119.692278
9852.420679,4,119.699282
392.421424,4,119.706764
9920.142154,3,119.711773
9442.006613,3,119.721034
-5098.582722,3,119.726034
-5607.582873,4,119.733412
-5147.582862,4,119.74052
-5576.728767,3,119.744521
9883.272721,3,119.749741
-5079.857908,3,119.754745
-5539.856757,3,119.759748
-20656.559491,5,119.768425
-5625.725175,4,119.775082
-5557.992856,3,119.779597
9411.14468,4,119.787611
423.278888,3,119.794756
-5079.852556,3,119.800055
-20656.569892,5,119.808476
9883.278716,3,119.813562
-5116.722293,3,119.818562
-5656.575838,5,119.829147
-5656.575926,5,119.838147
343.429691,5,119.847247
-5656.573619,5,119.855438
343.426138,5,119.863436
-5576.722619,3,119.868943
343.428722,5,119.877154
-5576.726219,3,119.882185
-20656.566461,5,119.891185
9392.420778,4,119.897185
9392.416583,4,119.904185
-5588.852336,4,119.910185
-5098.582448,3,119.91619
-5147.58492,4,119.925184
9423.275925,3,119.930185
9343.420769,5,119.943185
-5098.586885,3,119.948185
-5147.581947,4,119.955189
343.428918,5,119.963189
423.320308,3,119.967696
-5098.582179,3,119.972696
-5656.577197,5,119.979696
-5147.582478,4,119.985696
-5588.852319,4,119.991696
-20656.571093,5,120.003698
-5116.722623,3,120.008697
901.418661,3,120.013699
-5557.996161,3,120.018936
-5576.727147,3,120.02408
392.426257,4,120.030079
-5098.585262,3,120.035078
-5656.577225,5,120.043566
-5147.582296,4,120.053542
411.155259,4,120.060706
-5625.720002,4,120.067216
374.28472,4,120.073338
-5147.584116,4,120.080338
-20656.574563,5,120.088507
343.440359,5,120.095748
343.504578,5,120.101749
-20656.139278,5,120.109808
-20607.577503,4,120.120808
343.43758,5,120.133811
-5098.585132,3,120.1413
9920.144934,3,120.147298
-5625.719079,4,120.15634
901.427866,3,120.16234
9392.418477,4,120.168848
9411.150795,4,120.176216
-5656.5797,5,120.186221
343.434997,5,120.19722
-5557.990506,3,120.20322
-5656.57496,5,120.21122
883.283743,3,120.21622
343.424859,5,120.22522
343.434758,5,120.23422
-5557.998772,3,120.239219
-5656.571871,5,120.246221
343.453464,5,120.254623
343.428841,5,120.262622
343.437194,5,120.274634
-5607.581652,4,120.282007
-5539.856341,3,120.28719
-5607.58236,4,120.294574
-20079.84849,3,120.299917
-5539.85603,3,120.304921
920.151804,3,120.309918
343.438624,5,120.317142
-5588.853672,4,120.324145
-5079.854734,3,120.330547
-20588.850554,4,120.336552
-20116.718688,3,120.342551
9901.414466,3,120.348552
-5656.581249,5,120.3577
883.289292,3,120.362877
-5098.586426,3,120.368741
-5079.853987,3,120.378112
-20116.717419,3,120.383111
343.433198,5,120.392111
852.421262,4,120.399111
-5607.581547,4,120.405113
-5588.851622,4,120.412111
-5079.857238,3,120.417111
-5539.853773,3,120.423112
883.288745,3,120.428111
-5539.854711,3,120.433111
-5656.576618,5,120.440111
-5607.584392,4,120.449113
9920.144753,3,120.455263
-5656.576488,5,120.465384
343.438089,5,120.473815
-5625.715637,4,120.485038
-20656.573595,5,120.494041
392.427246,4,120.502038
343.431483,5,120.512256
-20656.542322,5,120.521734
-5656.576009,5,120.530734
9343.411747,5,120.538734
343.426029,5,120.547734
-5607.583235,4,120.557742
-20625.717629,4,120.564737
-5607.587101,4,120.571245
9343.413075,5,120.579245
-5656.580803,5,120.587248
9411.147489,4,120.597245
-20656.568539,5,120.605245
343.43652,5,120.614245
9460.140975,3,120.619245
-5539.855196,3,120.624247
852.447202,4,120.631251
343.439853,5,120.639696
-5079.854637,3,120.644708
9852.421168,4,120.651649
343.434814,5,120.660783
9460.142105,3,120.664783
343.438369,5,120.676508
343.433636,5,120.684656
-5576.727448,3,120.690116
374.28254,4,120.696116
374.288891,4,120.7078
-5656.57262,5,120.716794
-5607.579863,4,120.722796
-5557.990709,3,120.726795
-5098.587711,3,120.73138
343.435566,5,120.749418
343.437644,5,120.759421
-5656.578368,5,120.767932
-5147.578737,4,120.77405
-20625.713081,4,120.781163
343.444591,5,120.7901
343.433726,5,120.79828
-5576.724813,3,120.802279
-20625.713492,4,120.808285
-5098.58697,3,120.816279
-5576.727709,3,120.82128
-5656.581626,5,120.829569
-5539.851554,3,120.835555
-5656.583569,5,120.845948
-5656.57527,5,120.853954
-5557.997083,3,120.858966
-5607.583353,4,120.864511
-20656.572334,5,120.872283
343.440256,5,120.879295
-5607.576269,4,120.884294
9901.415342,3,123.410302
-5116.722778,3,123.415303
9411.146035,4,123.421302
-5656.579281,5,123.433302
343.446707,5,123.442302
9460.144069,3,123.449303
9411.151492,4,123.455321
343.446412,5,123.464586
852.442362,4,123.473739
9883.27645,3,123.47774
343.456724,5,123.485738
-5557.996485,3,123.49174
-5557.996876,3,123.496886
-5656.582435,5,123.508886
-5079.858654,3,123.513886
-5656.576855,5,123.523887
392.426469,4,123.530887
374.289371,4,123.537887
374.280967,4,123.547884
-5079.855704,3,123.552885
343.430905,5,123.56289
-5557.990784,3,123.56789
-5116.723417,3,123.572618
374.287988,4,123.577627
852.427665,4,123.582627
411.164627,4,123.589628
9883.275697,3,123.594627
-5656.577234,5,123.604628
-5098.587109,3,123.609663
-20656.56871,5,123.617663
852.426201,4,123.624068
-5147.57577,4,123.631069
-5656.567976,5,123.639118
-5116.724512,3,123.644116
852.423747,4,123.654124
9343.417828,5,123.663475
423.281322,3,123.669032
343.445079,5,123.67689
9920.148485,3,123.681891
343.43312,5,123.690955
343.426903,5,123.700296
-5116.723537,3,123.706303
-5147.577895,4,123.713304
-5147.582044,4,123.722311
9392.419162,4,123.729308
852.44265,4,123.736309
-5098.585837,3,123.74131
343.42921,5,123.749648
343.444745,5,123.761686
-5116.727096,3,123.767687
343.436878,5,123.776231
392.437311,4,123.783231
-5576.72709,3,123.78823
392.422018,4,123.795867
-5147.579532,4,123.803211
-5098.58801,3,123.813329
-5079.857762,3,123.822329
9460.142647,3,123.829328
9423.28044,3,123.836829
-5656.578731,5,123.846773
374.288525,4,123.853899
-5147.582058,4,123.859902
852.425941,4,123.869096
343.434852,5,123.882575
-20656.558718,5,123.892035
343.435758,5,123.900035
9460.143023,3,123.905035
-5588.847234,4,123.912035
-5656.583316,5,123.920035
-5576.724159,3,123.925035
9883.273603,3,123.931035
-5607.582657,4,123.937035
343.438361,5,123.945035
9343.417018,5,123.953035
-5098.585644,3,123.958038
-5607.584546,4,123.965251
9374.280176,4,123.971757
9343.418573,5,123.983757
-5539.855501,3,123.988757
-5147.58103,4,123.994759
9442.002818,3,124.000757
-5607.585658,4,124.006757
-5607.579705,4,124.012757
-5098.586996,3,124.017757
-5116.726156,3,124.022757
-5576.724708,3,124.027758
343.431859,5,124.03676
343.429412,5,124.046112
-5625.720229,4,124.053112
-5588.849849,4,124.060114
-20147.571622,4,124.067119
343.437487,5,124.075714
411.15403,4,124.080713
-5576.72652,3,124.088842
-5539.857256,3,124.093851
-5539.854382,3,124.098854
9343.430238,5,124.107666
9883.273174,3,124.112665
-5098.583505,3,124.118282
-5147.582958,4,124.124675
-5625.720821,4,124.134257
411.156567,4,124.142253
343.436426,5,124.150253
-5607.584403,4,124.157259
-20656.566269,5,124.165422
-5588.850355,4,124.172303
-5656.579736,5,124.180303
-5098.589761,3,124.184304
374.289202,4,124.190304
9920.14151,3,124.198305
9343.416338,5,124.206304
-5607.581247,4,124.212304
-20656.567297,5,124.220306
343.435412,5,124.22956
-5588.849448,4,124.235562
852.428602,4,124.242725
-5116.725472,3,124.247725
-5607.580098,4,124.255878
9343.422172,5,124.264877
343.431612,5,124.273495
343.439669,5,124.280516
-5539.854859,3,124.284516
901.419257,3,124.290166
-5098.584583,3,124.295187
374.289026,4,124.302396
-5656.571042,5,124.313638
411.152984,4,124.320888
-5656.581079,5,124.329902
-20656.572144,5,124.338145
442.018306,3,124.343145
-20656.56017,5,124.352146
-5656.576924,5,124.36046
-5625.72019,4,124.36846
-5625.714679,4,124.378075
-5656.576347,5,124.387074
-5656.572505,5,124.395074
-5656.574146,5,124.403379
343.429563,5,124.411397
374.293412,4,124.420732
-5557.997586,3,124.425727
343.44746,5,124.434666
-5656.574488,5,124.44318
-5098.588227,3,124.448359
-5607.579135,4,124.455528
-5079.855282,3,124.460532
-20656.566368,5,124.469527
-5079.858282,3,124.476036
-5656.575776,5,124.485035
343.428686,5,124.494035
-5656.575459,5,124.502035
343.424045,5,124.510035
-20656.564603,5,124.518035
343.432915,5,124.531035
9343.430269,5,124.538035
-5079.850745,3,124.544035
-5147.580377,4,124.550035
9460.143023,3,124.555194
-5607.578822,4,124.562194
-5656.576057,5,124.569699
-5147.587202,4,124.576706
9460.14479,3,124.581706
411.151848,4,124.587707
852.431007,4,124.593706
-5588.853793,4,124.599706
-5079.851887,3,124.603707
-5576.725024,3,124.609706
392.429242,4,124.617705
-5147.577647,4,124.624705
9920.142315,3,124.629707
343.42836,5,124.640447
-5588.851656,4,124.649057
-20656.573228,5,124.658041
-5539.854046,3,124.66304
-5625.723276,4,124.670563
-5557.998242,3,124.675559
-5588.851748,4,124.682559
343.438206,5,124.690559
-5539.85618,3,124.695567
-5557.996749,3,124.701046
-5539.85676,3,124.70619
392.423922,4,124.71319
9374.274025,4,124.72032
-5656.573084,5,124.731414
-5656.580608,5,124.740413
-20656.561285,5,124.752416
-5079.858828,3,124.757425
-5079.85501,3,124.762427
374.282023,4,124.769938
-5656.57449,5,124.778222
-5607.582534,4,124.785629
343.434767,5,124.800629
343.442916,5,124.811629
-20098.57792,3,124.818065
852.438297,4,124.82563
852.441091,4,124.837758
343.430801,5,124.847835
852.425995,4,124.860062
-5539.857636,3,124.865061
392.421325,4,124.872572
343.426066,5,124.880572
-5656.575105,5,124.889571
-5539.851107,3,124.894571
-5656.581345,5,124.902571
343.430819,5,124.910571
9411.148214,4,124.916572
-5656.576624,5,124.924576
343.43114,5,124.931681
-5625.723673,4,124.937681
343.435056,5,124.946737
-5098.583299,3,124.950777
-20656.559765,5,124.958901
-20656.563924,5,124.971548
343.454606,5,124.980463
343.439432,5,124.989467
-5539.854225,3,124.99599
-5607.580816,4,125.002995
-5656.581512,5,125.010993
-5557.999269,3,125.016991
-5625.721623,4,125.022991
343.424835,5,125.031558
-5607.581717,4,125.038558
-20656.54347,5,125.045985
-5607.577581,4,125.051987
9423.27342,3,125.057184
374.291357,4,125.064708
-5116.723098,3,125.072578
-5656.580726,5,125.081112
-5147.583054,4,125.087111
-5656.56729,5,125.097116
-5147.58057,4,125.106046
343.430059,5,125.114099
-5147.577261,4,125.122107
-20656.569234,5,125.13111
9374.27658,4,125.138391
343.433606,5,125.147223
-5656.574396,5,125.155512
423.285931,3,125.160512
-20656.574553,5,125.168512
9343.425834,5,125.177019
343.436196,5,125.187531
343.439675,5,125.19553
9411.14398,4,125.20153
-5098.582632,3,125.20653
-5656.573036,5,125.21353
343.433471,5,125.221529
343.438725,5,125.229529
-5098.586083,3,125.235533
392.41973,4,125.24353
-5116.724648,3,125.24853
9852.422374,4,125.256533
343.44322,5,125.264537
343.436659,5,125.273055
9442.006488,3,125.278056
-20656.572874,5,125.286056
-5607.581561,4,125.296055
343.43768,5,125.304057
-5539.85883,3,125.310062
343.438848,5,125.318063
-5539.858086,3,125.323508
374.291984,4,125.330506
343.428895,5,125.338645
-5625.719817,4,125.348644
-5147.583534,4,125.35578
-5656.57169,5,125.36378
920.151958,3,125.368781
343.430403,5,125.375295
343.456326,5,125.383442
9901.413619,3,125.388549
9423.278023,3,125.393549
9374.276845,4,125.403549
-5116.727411,3,125.408554
-5656.57636,5,125.417556
-5539.857167,3,125.422555
-5625.723015,4,125.429554
-5588.852077,4,125.435553
9883.279224,3,125.441075
374.31626,4,125.450347
-5116.71726,3,125.454342
343.429254,5,125.462461
9852.417646,4,125.46846
-5116.727088,3,125.474121
411.159757,4,125.481857
-5588.849656,4,125.488919
9343.412133,5,125.497073
-5576.718558,3,125.502073
-5079.852658,3,125.511505
9852.416352,4,125.518524
-5656.577908,5,125.526196
392.426094,4,125.53321
343.424864,5,125.541744
-5116.718073,3,125.546743
-5116.723011,3,125.553768
920.15115,3,125.558799
343.432979,5,125.566798
343.42809,5,125.575308
-5576.728373,3,125.581313
-5588.849401,4,125.587307
9883.277463,3,125.592307
9423.278811,3,125.597308
-5576.725655,3,125.602307
392.447076,4,125.609307
-20147.575889,4,125.618585
-5588.846055,4,125.626686
343.433726,5,125.633191
343.438139,5,125.641194
-5607.583383,4,125.647382
-5656.572408,5,125.653382
343.432801,5,125.6614
9343.422691,5,125.668403
343.427707,5,125.677478
-5147.585872,4,125.683478
343.426419,5,125.69648
-5147.584931,4,125.706477
343.438458,5,125.716799
-5079.8499,3,125.726386
-5147.585395,4,125.733385
374.284243,4,125.740387
9460.143347,3,125.745387
9343.41713,5,125.758749
343.454462,5,125.768274
-5656.576436,5,125.778228
411.157679,4,125.785229
374.292949,4,125.792233
343.430898,5,125.800416
-5079.849684,3,125.805698
-5539.857449,3,125.810728
343.440387,5,125.817877
374.289343,4,125.825029
-5588.854524,4,125.834029
-5576.726476,3,125.83918
9343.418889,5,125.848313
9411.150091,4,125.85555
343.441414,5,125.863551
343.42775,5,125.872083
-5656.578637,5,125.881081
-5557.993895,3,125.887274
-5656.575787,5,125.896738
883.282751,3,125.902441
883.280056,3,125.907861
343.430023,5,125.915865
343.458315,5,125.924354
-20607.577963,4,125.931353
-5588.853766,4,125.940519
-5656.576517,5,125.949725
-5588.850425,4,125.956161
-20656.570043,5,125.964687
343.424892,5,125.975243
-5607.584687,4,125.982256
920.164514,3,125.987256
-5147.58215,4,125.994256
392.461803,4,126.000256
9920.141532,3,126.006387
-5079.856719,3,126.01139
411.152811,4,126.018387
-5116.718666,3,126.023391
411.16409,4,126.029387
9343.421263,5,126.037694
343.429548,5,126.045695
343.432626,5,126.057707
-5098.58025,3,126.062706
-5607.583801,4,126.070216
852.429016,4,126.077228
-5079.852607,3,126.082226
-5656.576481,5,126.092387
9883.273824,3,126.098844
9852.426627,4,126.105838
-5576.727363,3,126.11084
9423.274766,3,126.115839
9920.145772,3,126.120839
-20656.564275,5,126.128912
9852.415462,4,126.135936
-5539.857167,3,126.140966
411.151378,4,126.148107
-5607.585557,4,126.155129
883.283883,3,126.163321
-5557.989251,3,126.169482
-5625.717668,4,126.175634
-5656.582443,5,126.184633
-5147.586018,4,126.192003
-5098.589246,3,126.202707
9343.424294,5,126.213362
343.448413,5,126.221359
-5147.578311,4,126.227358
-5098.584295,3,126.232359
9343.423575,5,126.240358
343.437663,5,126.248361
-5656.57385,5,126.257423
392.445257,4,126.26342
-20147.571667,4,126.273303
9901.415006,3,126.278304
9411.145027,4,126.285304
-20656.575053,5,126.294304
392.422018,4,126.300539
343.463346,5,126.310549
-5557.993082,3,126.316081
-5557.996726,3,126.321081
343.449531,5,126.329081
-5656.578701,5,126.337081
9343.42722,5,126.345082
-5116.723012,3,126.350084
-5656.579615,5,126.357087
-5656.580276,5,126.366053
-5625.71969,4,126.375124
9852.416977,4,126.382816
-5588.852941,4,126.388871
-5539.854493,3,126.392896
343.432266,5,126.401431
343.433981,5,126.408558
-5557.994095,3,126.413558
343.459626,5,126.421559
343.424554,5,126.430729
-20557.989552,3,126.437279
-5656.577158,5,126.447351
343.47961,5,126.456505
9423.276473,3,126.461505
-5539.856778,3,126.466506
9392.416019,4,126.473036
-20656.553134,5,126.485472
-5656.577222,5,126.494588
-5656.573837,5,126.50404
-5656.574634,5,126.51104
392.427747,4,126.51804
411.161078,4,126.52404
-5147.583419,4,126.53004
-5576.721279,3,126.53504
343.430962,5,126.54404
460.147784,3,126.54904
-5656.58364,5,126.557043
-5116.72548,3,126.561044
-5557.996673,3,126.566044
-5588.851091,4,126.574558
343.427935,5,126.582822
-5656.574784,5,126.594818
411.165395,4,126.600818
-5576.723992,3,126.605818
-20607.574078,4,126.613202
392.422098,4,126.624396
343.433846,5,126.634396
-20656.56174,5,126.646397
-20557.985016,3,126.651393
-5116.722718,3,126.656408
-5588.854007,4,126.662997
-20656.56019,5,126.672413
-5607.57868,4,126.679424
9460.140313,3,126.684431
374.294229,4,126.694935
-5539.853566,3,126.707379
9920.142092,3,126.713381
9920.142699,3,126.719863
343.426786,5,126.730863
343.437503,5,126.741002
-20656.576327,5,126.751018
-5656.563526,5,126.75914
9460.148185,3,126.764593
-5656.582453,5,126.773263
-5576.727613,3,126.780334
9442.006721,3,126.785334
-5607.576723,4,126.793077
-20656.567052,5,126.802517
-5098.588153,3,126.808902
374.281522,4,126.82105
-5098.583881,3,126.828049
9411.148241,4,126.836539
-5625.718716,4,126.845539
-5116.727007,3,126.852994
-5539.853305,3,126.859056
883.279033,3,126.864055
-5147.578971,4,126.871563
-5098.588168,3,126.877097
343.443157,5,126.885095
901.426082,3,126.890095
-5656.57898,5,126.898095
411.152832,4,126.906097
852.454815,4,126.912102
343.447197,5,126.924556
852.420863,4,126.93108
-5607.574219,4,126.93754
-5656.573978,5,126.944061
343.438017,5,126.954063
-5607.582838,4,126.962386
-5116.725971,3,126.966387
-5656.580118,5,126.976003
-5625.721736,4,126.983023
-5098.589524,3,126.98818
-5098.583139,3,126.993197
-5656.578959,5,127.001199
-5079.852148,3,127.006196
9460.143358,3,127.012198
-5116.725116,3,127.016805
-5588.848338,4,127.023804
9852.413174,4,127.033804
-5656.576135,5,127.041806
-5656.581829,5,127.050813
-5557.995557,3,127.055962
9392.411883,4,127.061967
-5079.856113,3,127.068967
343.442005,5,127.078885
-5098.589921,3,127.084883
-5147.582522,4,127.090884
-5576.718349,3,127.096883
392.481872,4,127.103883
343.468783,5,127.1119
-5147.580979,4,127.118982
9343.426334,5,127.12747
442.022947,3,129.774967
-5588.854478,4,129.78606
-5576.725152,3,129.791074
9460.142623,3,129.796073
-5557.996374,3,129.801073
-5147.581263,4,129.808078
-5576.724288,3,129.813154
-20656.564081,5,129.824737
-5607.577577,4,129.831732
-5079.855195,3,129.837732
-5098.588509,3,129.842407
-5656.576277,5,129.851413
-5656.575209,5,129.860628
9852.41666,4,129.866624
9343.417322,5,129.875357
-20588.84633,4,129.881938
374.282851,4,129.892127
-5098.587264,3,129.897504
901.423132,3,129.902664
-5656.577395,5,129.911764
343.427163,5,129.921474
-5557.994427,3,129.925834
-5079.853261,3,129.930833
343.432723,5,129.939833
852.431224,4,129.945834
852.447626,4,129.952925
-5625.720306,4,129.958945
-5625.720086,4,129.964947
-20607.569846,4,129.971943
9411.141448,4,129.978451
-5557.996154,3,129.983453
343.439113,5,129.992463
-5576.727749,3,130.000463
423.284407,3,130.005463
-5098.584786,3,130.010463
-5588.854733,4,130.017463
-5079.859146,3,130.022464
9411.146796,4,130.029464
343.480843,5,130.040822
920.15713,3,130.045822
343.428171,5,130.053826
-5116.725262,3,130.058834
-5539.857921,3,130.064124
343.433436,5,130.073632
-5098.587458,3,130.078824
-5557.995035,3,130.083835
343.4265,5,130.091832
411.153023,4,130.097832
343.442471,5,130.106832
374.285507,4,130.116969
-20625.712178,4,130.12297
-5079.857111,3,130.127359
-5098.584754,3,130.132358
-5079.856108,3,130.137358
-5098.585134,3,130.142049
9460.140589,3,130.14706
392.438897,4,130.154059
-5607.587357,4,130.161062
343.446394,5,130.171062
852.419882,4,130.178569
-5557.993153,3,130.18457
-5557.997555,3,130.189569
-20656.573337,5,130.197569
392.426818,4,130.204569
-5147.57753,4,130.211569
343.444873,5,130.223569
-5098.588096,3,130.229569
-5116.724513,3,130.234569
-5607.585058,4,130.241569
-5656.572924,5,130.249569
-5656.581945,5,130.258868
-20656.573129,5,130.266869
-5539.853936,3,130.272025
343.427308,5,130.282536
343.454651,5,130.289534
9343.424507,5,130.298535
852.428195,4,130.305534
-5098.585193,3,130.310534
343.428546,5,130.318534
-5147.576023,4,130.325534
9411.144023,4,130.337682
343.43984,5,130.346456
411.154095,4,130.354904
9852.417866,4,130.360909
392.434545,4,130.366948
9901.420711,3,130.372559
343.453473,5,130.380988
-5147.572946,4,130.388634
-5147.565971,4,130.39763
343.44475,5,130.405811
343.467415,5,130.41381
343.427509,5,130.423138
-5147.582731,4,130.430207
-5079.853654,3,130.443209
343.444367,5,130.457209
-5079.856981,3,130.464339
-5625.716049,4,130.471468
-5625.72087,4,130.476982
-5656.576624,5,130.485207
-5098.582697,3,130.489792
-5607.586002,4,130.496243
374.29596,4,130.506246
343.442968,5,130.516771
9411.145559,4,130.524775
9920.140958,3,130.530771
-5539.852821,3,130.535771
-5576.724354,3,130.541771
343.429348,5,130.552775
-5607.585469,4,130.561777
343.46101,5,130.570775
-5098.587844,3,130.577021
-20607.570902,4,130.583021
-5656.577508,5,130.591752
-5539.857906,3,130.596767
-20607.567761,4,130.60416
9343.422154,5,130.612396
9411.146386,4,130.618396
9920.142888,3,130.623841
-5116.720646,3,130.628085
374.282408,4,130.635121
-5147.579407,4,130.644206
-5625.71487,4,130.651207
-5656.570694,5,130.665458
343.439392,5,130.675204
-20656.565109,5,130.684202
343.473665,5,130.693202
9392.419159,4,130.699952
-5079.858294,3,130.704951
374.302956,4,130.711951
9423.271533,3,130.716951
343.441498,5,130.723951
392.430202,4,130.72995
9901.415148,3,130.73395
-5116.727459,3,130.738951
343.43662,5,130.745951
343.458036,5,130.752952
343.431764,5,130.763729
-5098.587802,3,130.768112
374.286637,4,130.774042
392.432217,4,130.78051
-5656.574619,5,130.78851
-5098.586749,3,130.794506
343.44292,5,130.803776
-5656.581778,5,130.811779
852.448981,4,130.818778
-5576.726343,3,130.822779
9920.142462,3,130.827776
-5147.577865,4,130.837305
343.455175,5,130.844319
343.432574,5,130.851319
901.421813,3,130.856319
411.151708,4,130.862323
852.425617,4,130.869325
-5539.856619,3,130.877456
9460.146921,3,130.883457
374.301188,4,130.889954
852.436467,4,130.897006
-5588.851764,4,130.904147
9423.270767,3,130.908147
-5625.719275,4,130.915145
9392.414303,4,130.922417
-5557.997851,3,130.927419
-5576.728498,3,130.933629
-5656.577533,5,130.940705
9423.270213,3,130.944944
-20656.566686,5,130.953006
9423.272428,3,130.95749
-5147.582247,4,130.964608
-20656.570432,5,130.973188
343.428076,5,130.984703
883.281821,3,130.989707
343.433292,5,130.998012
-5116.721264,3,131.004015
411.154587,4,131.010445
-5607.580972,4,131.016441
9374.276445,4,131.023441
852.424699,4,131.029446
9392.424654,4,131.035794
-5656.58374,5,131.042918
-5625.717512,4,131.049917
9920.143048,3,131.054986
-20656.561351,5,131.064995
-5147.5786,4,131.07161
-20625.712317,4,131.079133
-5607.580486,4,131.085132
-5607.575848,4,131.094356
-5607.580058,4,131.099356
-5079.856446,3,131.10536
9920.14372,3,131.11061
-5098.583439,3,131.11561
-5098.587161,3,131.12061
-5539.854908,3,131.124611
9411.15213,4,131.130612
-5539.85597,3,131.136608
-5098.58636,3,131.141608
-5625.721266,4,131.148609
-5539.856826,3,131.153609
-5557.994339,3,131.157614
883.285779,3,131.161614
392.436016,4,131.167986
343.433942,5,131.177221
-5079.853086,3,131.184223
-5607.581417,4,131.191224
-5656.576249,5,131.203245
-5098.587817,3,131.208496
-5588.853643,4,131.213856
-5098.586773,3,131.218857
343.44049,5,131.225995
-5147.579036,4,131.232994
-5147.579602,4,131.239993
9392.411109,4,131.246993
-5079.852606,3,131.251993
-5576.72457,3,131.256993
-5625.71828,4,131.263996
-5539.856255,3,131.268997
-5656.579463,5,131.277504
-5557.997779,3,131.282504
-5607.582666,4,131.289509
9343.422727,5,131.299507
-5539.858168,3,131.305505
343.430423,5,131.316504
392.432745,4,131.324505
920.151866,3,131.329504
-5116.724904,3,131.334504
-5656.577491,5,131.343506
442.012956,3,131.349504
-5656.575287,5,131.358505
-5625.722872,4,131.364916
-5656.571912,5,131.372914
343.449179,5,131.380944
-5656.571293,5,131.389306
-5147.582983,4,131.397305
343.429789,5,131.412308
392.423556,4,131.425308
-5539.854908,3,131.431348
9852.417206,4,131.439484
374.285949,4,131.445925
392.424321,4,131.452924
411.156387,4,131.459931
343.518813,5,131.468928
-5539.853777,3,131.475442
-5147.582621,4,131.484442
883.282948,3,131.490441
343.422874,5,131.499441
-5656.575919,5,131.507445
-5147.581628,4,131.513445
343.435531,5,131.522445
9423.274262,3,131.530441
411.155007,4,131.537443
-5656.576284,5,131.545441
-5656.584598,5,131.553445
9343.419419,5,131.562779
343.429885,5,131.570781
9423.275097,3,131.576298
-5147.584038,4,131.583306
374.287586,4,131.590438
-5147.575639,4,131.598439
-5147.585701,4,131.605438
-5147.585869,4,131.613544
-5079.853565,3,131.618561
-5656.574442,5,131.626235
-5147.583164,4,131.632544
9423.270522,3,131.641161
-5147.583443,4,131.653496
9343.41164,5,131.662564
-5539.853429,3,131.66756
-5557.991296,3,131.673039
-5588.851837,4,131.679552
343.45542,5,131.687856
-5656.578025,5,131.697858
392.425483,4,131.706024
-5607.58163,4,131.713038
-5607.586258,4,131.721344
374.297624,4,131.729073
374.303919,4,131.737315
852.428849,4,131.744315
343.422784,5,131.756314
343.448261,5,131.765319
-5116.722698,3,131.771318
-20656.565208,5,131.779834
-5625.720522,4,131.786346
343.46111,5,131.794551
-5656.579037,5,131.802965
9374.281272,4,131.81003
343.428999,5,131.820357
343.427244,5,131.829356
343.450998,5,131.837357
9411.142467,4,131.844356
-5557.997101,3,131.849356
-5116.72338,3,131.85436
343.459591,5,131.865141
-5607.582382,4,131.87244
-5116.725061,3,131.875961
-5625.711127,4,131.88296
-5539.856328,3,131.888171
-5098.586733,3,131.893179
-5079.856363,3,131.898179
9343.42678,5,131.906179
-5656.577014,5,131.914179
-5147.58123,4,131.923179
852.438039,4,131.930179
-5656.576229,5,131.938179
9392.417013,4,131.945179
-5656.571543,5,131.953178
-5116.723585,3,131.958179
374.281547,4,131.963181
374.284234,4,131.973463
-5116.725038,3,131.97897
-5625.721197,4,131.98497
-5656.579301,5,131.99397
-5588.852595,4,132.001232
-5656.580636,5,132.009232
-5656.585061,5,132.017233
392.4249,4,132.026232
-5576.728056,3,132.032232
343.438451,5,132.040284
-5539.855031,3,132.044284
-20625.640207,4,132.051287
-5116.725281,3,132.056452
-5557.993656,3,132.061033
-5539.854824,3,132.066419
9343.423719,5,132.076982
392.449471,4,132.083981
343.424956,5,132.09223
-20607.574379,4,132.098625
343.442742,5,132.105628
-5557.997156,3,132.110625
-5625.722144,4,132.116624
343.43523,5,132.124624
343.439062,5,132.130624
-5098.588509,3,132.135624
852.427559,4,132.141624
-5116.721438,3,132.146624
343.456562,5,132.154624
9442.006008,3,132.158624
9392.422605,4,132.165626
9901.415525,3,132.169629
-5147.57874,4,132.176149
-5079.851652,3,132.181144
-5656.57167,5,132.192143
9423.277931,3,132.197143
-5116.724742,3,132.202143
-5576.726044,3,132.207143
-5557.993889,3,132.212143
374.285438,4,132.218143
343.470057,5,132.227143
423.283861,3,132.232143
-5098.585551,3,132.238143
9883.277038,3,132.244404
-5557.997102,3,132.249403
920.1509,3,132.253404
-5576.724349,3,132.258405
-5098.587336,3,132.263411
343.440213,5,132.271411
-5588.850545,4,132.277926
920.150123,3,132.282926
-5539.856602,3,132.287925
-5098.582569,3,132.295924
343.446047,5,132.304054
343.435294,5,132.312194
-20147.577853,4,132.318193
-20656.570166,5,132.326614
9920.14638,3,132.331614
-5588.850561,4,132.337724
343.431082,5,132.346161
-5147.581897,4,132.351161
-5576.721894,3,132.355232
343.429621,5,132.362779
-5576.72911,3,132.367778
343.435359,5,132.375536
442.01215,3,132.380555
-5147.582957,4,132.385555
9920.142404,3,132.390555
-20656.571888,5,132.398862
-5116.720369,3,132.406961
374.293146,4,132.414184
-5539.856106,3,132.420655
852.424293,4,132.42666
-5098.584319,3,132.431655
-5098.579403,3,132.436657
9883.275177,3,132.441657
343.431943,5,132.448773
-5116.725006,3,132.453903
343.435442,5,132.460906
9343.423317,5,132.468714
-20079.852471,3,132.473824
411.153793,4,132.478585
-5656.578902,5,132.486717
-5539.855816,3,132.492718
-5098.58834,3,132.498717
-5147.58589,4,132.50572
9423.276729,3,132.513719
-5656.582789,5,132.52981
-5557.993911,3,132.53626
392.447431,4,132.543259
343.433162,5,132.554258
-5656.575661,5,132.562579
-5116.725155,3,132.567579
-5079.857115,3,132.572864
343.445133,5,132.580394
343.446561,5,132.589623
-5625.71658,4,132.595622
9901.410491,3,132.600623
-5576.72259,3,132.605623
343.451492,5,132.614623
-5625.71641,4,132.620806
343.470204,5,132.628803
-5147.5743,4,132.637803
-5607.583917,4,132.64381
852.421726,4,132.650803
343.432877,5,132.658802
920.155863,3,132.663805
-5588.851487,4,132.669807
-5116.724438,3,132.675811
-20588.836525,4,132.682323
-5607.583887,4,132.688322
-5576.72714,3,132.693322
9343.423897,5,132.701323
9442.005204,3,132.706322
392.427735,4,132.713325
343.436295,5,132.721706
-5656.576234,5,132.727711
-5576.726929,3,132.733706
-5539.856792,3,132.737706
-5576.725035,3,132.742707
-5147.585891,4,132.751914
-5625.720238,4,132.758416
374.280066,4,132.764419
-20656.57006,5,132.771654
-5576.722284,3,132.775654
-5557.995688,3,132.779166
-5557.993781,3,132.783165
-5557.997977,3,132.790495
-20656.552419,5,132.799962
9343.428037,5,132.80857
-5116.722329,3,132.814726
392.427471,4,132.822345
-5147.58059,4,132.828532
343.453847,5,132.836051
9411.150623,4,132.84205
411.163832,4,132.848477
343.445133,5,132.860653
-20116.713402,3,132.865657
-20656.56852,5,132.873913
343.429605,5,132.881418
852.42641,4,132.887418
-5557.99528,3,132.892418
374.291272,4,132.899418
-5607.583323,4,132.905418
374.289636,4,132.912418
-5656.579208,5,132.920418
-5625.727284,4,132.926418
343.430523,5,132.934418
-5576.726022,3,132.939418
-20656.546884,5,132.948417
343.429866,5,132.958418
920.152171,3,132.964421
392.423517,4,132.974422
343.426991,5,132.982929
9343.416277,5,132.990929
-20656.573337,5,132.998929
392.420864,4,133.004929
9392.415233,4,133.010929
-5576.722933,3,133.015988
9343.415337,5,133.030636
392.432436,4,133.035639
-5098.586754,3,133.040093
-5116.722104,3,133.045094
343.432389,5,133.052093
-5147.578365,4,133.058093
343.428936,5,133.066098
-5656.575912,5,133.074098
-5656.578925,5,133.085252
-5079.858444,3,133.090705
-5656.571592,5,133.09804
343.440176,5,133.10704
-5557.990257,3,133.111044
-5588.848919,4,133.11704
9392.417376,4,133.124297
343.454463,5,133.132295
-5656.579227,5,133.139297
883.281021,3,133.14357
-20656.568073,5,133.149568
852.420231,4,133.155077
-5588.851324,4,133.161077
9852.423677,4,133.166081
343.44891,5,133.173557
343.43086,5,133.182077
-5656.575352,5,133.193388
-5557.994394,3,133.198387
343.444745,5,133.206387
343.428953,5,133.215387
852.444966,4,133.222389
-5656.574857,5,133.231388
-5656.57743,5,133.239387
-20607.075162,4,133.246387
-5607.581721,4,133.253389
374.2853,4,133.259387
343.509693,5,133.268389
-5576.727418,3,133.273389
9343.425898,5,133.280897
-5656.577041,5,133.288897
343.447041,5,133.299025
9920.142732,3,133.304023
343.439582,5,133.313024
9901.414136,3,133.317023
9901.413432,3,133.322022
852.432291,4,133.329024
-5098.585017,3,133.334024
343.435977,5,133.342023
-5079.858144,3,133.347023
343.43564,5,133.355024
343.43307,5,133.363049
343.434345,5,133.371049
343.427802,5,136.025079
-20656.55273,5,136.037274
9411.155536,4,136.044275
392.421937,4,136.051273
9883.277889,3,136.056283
-5576.720259,3,136.061466
343.442083,5,136.069477
343.429558,5,136.076617
-20656.56959,5,136.085132
374.298414,4,136.092133
9374.27394,4,136.099133
-5576.726581,3,136.104132
-5607.579497,4,136.110195
-5079.859139,3,136.115199
-5656.57243,5,136.123371
343.456946,5,136.130371
343.433751,5,136.141778
-5607.585768,4,136.148789
9901.412279,3,136.153335
-5656.583198,5,136.160339
852.424744,4,136.166337
-5656.575131,5,136.174913
374.286008,4,136.180443
-5539.854881,3,136.185443
-20656.564641,5,136.192443
-5576.729741,3,136.197443
343.431836,5,136.205443
343.447477,5,136.214443
374.286091,4,136.220901
-5576.72478,3,136.226163
-5147.585045,4,136.232162
-5079.8568,3,136.237163
-5588.850294,4,136.246162
343.459208,5,136.255162
-5098.587871,3,136.259163
9343.418444,5,136.26743
343.433318,5,136.275566
9901.41396,3,136.281168
9374.28157,4,136.287168
343.426595,5,136.295214
-5539.856117,3,136.299214
-5147.583916,4,136.306221
374.287445,4,136.31245
392.42467,4,136.319448
343.462058,5,136.328446
852.469476,4,136.334447
343.445855,5,136.342667
374.297304,4,136.349028
343.434907,5,136.361031
-5098.586884,3,136.366039
-5625.722948,4,136.372039
901.418939,3,136.377039
-5557.997599,3,136.382557
343.427661,5,136.390558
-5539.858112,3,136.396557
-5116.726357,3,136.401557
9852.411102,4,136.407557
-20147.577349,4,136.412557
374.281623,4,136.419557
-5625.717714,4,136.425554
392.425423,4,136.433558
852.441902,4,136.441025
-5098.588316,3,136.446023
-5079.854348,3,136.450441
9392.415079,4,136.457444
-5098.589408,3,136.461442
-5656.581633,5,136.471841
-5607.577552,4,136.476841
374.297013,4,136.483117
-20147.575232,4,136.489116
-20656.552813,5,136.497116
9343.42463,5,136.504116
9343.420445,5,136.512124
-5576.725318,3,136.517129
9392.419321,4,136.524127
374.48976,4,136.530123
9901.416814,3,136.535123
343.433226,5,136.543124
460.148085,3,136.548123
9343.419851,5,136.556123
343.449258,5,136.564126
343.440654,5,136.572126
9411.143322,4,136.580632
-5098.585707,3,136.585635
9374.282082,4,136.592633
374.283868,4,136.598633
9374.273815,4,136.605633
-5607.576289,4,136.611633
-5576.723446,3,136.616632
852.430653,4,136.622633
-5607.583189,4,136.630633
343.486226,5,136.639633
-5625.721788,4,136.646633
343.423435,5,136.653635
-5656.579575,5,136.662633
-5607.58075,4,136.668637
-5116.725238,3,136.673637
343.430084,5,136.681144
883.293613,3,136.689144
343.454433,5,136.697145
-5557.998166,3,136.702145
343.438615,5,136.709144
-5607.584476,4,136.716144
-5576.72393,3,136.721649
-5557.992991,3,136.725649
-5539.856096,3,136.730649
883.281151,3,136.735974
343.482584,5,136.743972
-5607.577749,4,136.751186
-5607.576834,4,136.758187
9343.425761,5,136.766191
-5656.578052,5,136.774379
-5588.851864,4,136.780881
343.424552,5,136.788881
-5625.716369,4,136.798881
-20625.697477,4,136.807885
-5147.581148,4,136.814887
-5607.584776,4,136.821397
-5588.85094,4,136.828393
-5656.583274,5,136.837544
-5607.582916,4,136.843916
-5588.844315,4,136.851914
-5588.851297,4,136.858418
343.456618,5,136.866421
343.442315,5,136.875046
9901.410653,3,136.879547
883.304451,3,136.884553
411.152659,4,136.891639
9411.143756,4,136.898635
-5079.850414,3,136.90684
-5147.579455,4,136.91426
9423.272102,3,136.919262
9460.142525,3,136.923259
-5656.582679,5,136.93026
-5588.848788,4,136.93626
411.15623,4,136.94326
411.159012,4,136.95026
374.29661,4,136.956259
343.441167,5,136.967263
-5656.579699,5,136.975263
-5607.581277,4,136.981771
852.424655,4,136.987771
343.472549,5,136.995771
-5147.585023,4,137.002771
-5576.726811,3,137.00677
343.430806,5,137.01877
9852.420907,4,137.02577
392.427715,4,137.032108
343.441677,5,137.040104
343.44059,5,137.049108
-5656.576485,5,137.057103
374.289477,4,137.064738
411.155708,4,137.070741
-5607.5815,4,137.07731
343.437395,5,137.084209
343.425142,5,137.091138
-5147.579007,4,137.099468
-5539.856727,3,137.10476
-5098.583149,3,137.10976
343.435398,5,137.11876
343.455098,5,137.132052
343.438343,5,137.14147
343.440806,5,137.149465
343.438086,5,137.15768
883.285977,3,137.162681
-5607.578343,4,137.169691
374.295363,4,137.176691
-5539.856106,3,137.181208
343.441184,5,137.189371
343.430646,5,137.197372
-5147.581602,4,137.204489
-5576.727706,3,137.209489
374.286412,4,137.216491
-5557.99313,3,137.221491
-5576.727615,3,137.226489
-5147.576486,4,137.236491
-5079.856979,3,137.241491
-20539.846677,3,137.247492
343.431119,5,137.256489
374.286313,4,137.264432
9392.412702,4,137.270435
9423.27539,3,137.276439
920.154894,3,137.282114
-5607.580751,4,137.288114
9343.42196,5,137.296115
-5588.846582,4,137.30212
343.432138,5,137.310737
-5607.583156,4,137.316743
-5625.722546,4,137.323748
-5588.849151,4,137.331106
-5079.858398,3,137.336107
343.441598,5,137.353104
-20147.56531,4,137.362103
-5147.579576,4,137.369798
343.428086,5,137.381308
392.422685,4,137.38831
343.428373,5,137.39731
9442.004095,3,137.402537
-5116.728757,3,137.406553
9343.425858,5,137.414552
9423.275835,3,137.419552
-5656.580508,5,137.427653
9442.002988,3,137.431653
343.439946,5,137.440653
-5576.725709,3,137.445653
-5625.71841,4,137.456665
-5576.723602,3,137.461665
-5079.856011,3,137.467668
374.295863,4,137.473668
9442.002827,3,137.478668
9374.275858,4,137.485615
392.424115,4,137.492615
343.426228,5,137.500615
343.432386,5,137.507615
-20656.559662,5,137.515615
343.441564,5,137.522615
-5098.585841,3,137.527617
-20539.551181,3,137.532616
852.434605,4,137.540615
9852.412206,4,137.547617
-5539.854813,3,137.552618
9920.142301,3,137.557621
-5557.991403,3,137.565732
343.447897,5,137.574324
343.429718,5,137.58283
-5607.582796,4,137.589977
343.43007,5,137.597977
-5656.576272,5,137.60698
-5079.856295,3,137.611977
-5079.854237,3,137.616977
-20656.560944,5,137.625352
-5607.580585,4,137.632509
-5116.725239,3,137.637509
-5147.580358,4,137.643854
9392.416115,4,137.650679
-5557.997724,3,137.65603
-5116.721928,3,137.662032
852.426129,4,137.673037
343.429397,5,137.681555
-5656.569111,5,137.69572
-5557.991417,3,137.704452
-5656.578973,5,137.721463
883.286886,3,137.727835
-5116.726859,3,137.73402
9374.278174,4,137.74027
-5098.585293,3,137.74527
9392.420798,4,137.752404
411.151996,4,137.758833
343.444099,5,137.767888
-5607.57893,4,137.775385
9343.419864,5,137.787204
-5656.576955,5,137.795544
343.426904,5,137.805544
9901.413355,3,137.811878
-5557.996595,3,137.817883
343.428989,5,137.827463
883.282384,3,137.832464
-5116.723392,3,137.837607
423.279195,3,137.843605
-5539.856187,3,137.848605
374.285236,4,137.855972
-5079.85788,3,137.860971
343.440586,5,137.870176
343.452872,5,137.878205
343.487289,5,137.889357
-5607.578243,4,137.895356
-5116.723185,3,137.899358
-5576.725073,3,137.903785
9343.423932,5,137.913795
-5147.585694,4,137.920968
-5576.724898,3,137.925969
-20625.722372,4,137.931968
-5147.578828,4,137.93897
852.43078,4,137.944968
-5607.580759,4,137.952183
-5656.576369,5,137.960324
852.424627,4,137.96644
883.279262,3,137.971886
-5116.720456,3,137.976887
9852.414618,4,137.982563
343.437232,5,137.989764
-5607.5828,4,137.999873
343.424718,5,138.008359
-5625.722477,4,138.014358
-5656.584937,5,138.02036
-20625.714646,4,138.026361
343.431646,5,138.035359
9374.272313,4,138.042359
392.42654,4,138.052361
374.280795,4,138.059789
-5625.71879,4,138.066792
343.448491,5,138.074792
-5098.581474,3,138.079792
852.452274,4,138.0863
460.152962,3,138.0913
-5607.580019,4,138.097299
343.439285,5,138.109738
-5147.580728,4,138.116738
-5098.585324,3,138.121738
-5098.584023,3,138.126738
852.429242,4,138.134742
392.448831,4,138.14102
-5539.8559,3,138.146025
-5098.580377,3,138.151117
343.440604,5,138.160325
-5116.721975,3,138.16733
-5079.857421,3,138.17233
343.431927,5,138.180833
-5656.579079,5,138.189837
901.422871,3,138.194838
-5576.726828,3,138.198988
9460.145288,3,138.202987
852.423305,4,138.209988
-5539.854528,3,138.21942
-5539.855579,3,138.225428
9852.416118,4,138.231831
-5098.588089,3,138.2377
-20656.556318,5,138.2467
-5098.584177,3,138.251704
343.434456,5,138.259701
343.428207,5,138.269734
852.421056,4,138.276731
-5079.85164,3,138.282238
343.435562,5,138.291241
-5588.850858,4,138.298238
-5656.584223,5,138.306239
-5656.576271,5,138.312237
-5656.574574,5,138.320238
343.438786,5,138.337419
-5557.996199,3,138.344418
343.449254,5,138.355424
-5656.576906,5,138.363423
9411.15123,4,138.370031
9442.002365,3,138.378029
9343.42525,5,138.388537
-20656.571975,5,138.397537
423.281585,3,138.402674
883.2866,3,138.407676
920.156912,3,138.412673
392.422815,4,138.42013
883.278798,3,138.42525
-5656.571713,5,138.436314
-5588.851483,4,138.443464
9423.275499,3,138.447971
-5079.853646,3,138.452971
-5576.726275,3,138.458564
9442.004252,3,138.463505
343.431232,5,138.472522
343.478794,5,138.481435
-5147.580634,4,138.487444
-5576.72409,3,138.494445
-5557.995521,3,138.500648
-5539.855397,3,138.505647
-20656.574905,5,138.514647
343.442025,5,138.522647
343.433143,5,138.530647
9901.412988,3,138.535647
901.425879,3,138.544647
-5557.992226,3,138.549647
343.428617,5,138.557648
-5098.579148,3,138.562647
-5656.576078,5,138.57065
-5116.722372,3,138.574653
-20656.577554,5,138.583158
343.435129,5,138.591158
-5625.715271,4,138.599159
-5079.852089,3,138.605186
9392.416777,4,138.612417
343.439307,5,138.620637
-5116.723922,3,138.625637
343.434281,5,138.634692
-5557.997097,3,138.638829
-5116.725589,3,138.643829
-5656.58067,5,138.655146
374.282221,4,138.662538
-5079.854122,3,138.667946
9460.140793,3,138.672946
-5147.583987,4,138.678946
-5607.577229,4,138.686464
-5147.582116,4,138.692641
-5098.588869,3,138.698641
-5588.851567,4,138.704641
852.425704,4,138.713641
-5079.8564,3,138.719641
-5576.725073,3,138.724641
9343.419699,5,138.733641
-5147.579745,4,138.739641
-20656.552685,5,138.747641
-5576.726525,3,138.752641
9343.430773,5,138.764645
-5607.577806,4,138.770656
-5147.584969,4,138.777649
343.439743,5,138.786156
343.460138,5,138.796156
343.438523,5,138.803156
-5607.576751,4,138.810163
343.460992,5,138.818163
343.423908,5,138.82648
-5539.854944,3,138.831482
9883.277464,3,138.841603
343.428647,5,138.8496
343.457993,5,138.858614
-5116.724463,3,138.86361
343.436455,5,138.875098
374.286985,4,138.881602
852.426045,4,138.888605
-5588.851454,4,138.895606
-5625.722872,4,138.902606
343.444177,5,138.910606
852.431466,4,138.917688
411.157346,4,138.923693
9423.2723,3,138.928694
374.285512,4,138.935694
374.287026,4,138.942694
-5656.577974,5,138.952695
-5079.855966,3,138.957693
-5576.723321,3,138.962694
-5607.58217,4,138.969697
-5079.856895,3,138.974696
-5625.720322,4,138.983204
-5625.717479,4,138.99026
-5625.720479,4,138.996987
-5557.989746,3,139.001985
343.445006,5,139.009987
423.278241,3,139.016463
9343.421886,5,139.024625
9423.274859,3,139.029626
-5656.581025,5,139.038624
852.428261,4,139.044631
-5656.574291,5,139.050624
343.436706,5,139.0589
9423.272677,3,139.063901
-5607.581955,4,139.069912
-5656.575425,5,139.07791
343.436722,5,139.085432
-5656.578776,5,139.098428
-5607.579154,4,139.105562
343.433374,5,139.113561
9343.418822,5,139.120562
852.42721,4,139.127578
-5147.586027,4,139.133917
343.44343,5,139.14216
-5656.581776,5,139.150365
-5557.995085,3,139.155513
-5588.852173,4,139.162513
-5607.583333,4,139.168521
852.421604,4,139.175531
343.43522,5,139.18304
9392.420643,4,139.203043
343.435888,5,139.216042
-5539.85704,3,139.222044
-5116.718674,3,139.228039
374.289186,4,139.23618
-5098.589465,3,139.241194
-5625.715326,4,139.248368
852.426082,4,139.254368
-5576.722097,3,139.260369
392.427021,4,139.266833
852.434812,4,139.276851
411.153861,4,139.285883
392.423973,4,139.292878
9852.425008,4,139.298878
-5116.721324,3,139.303878
-20656.56799,5,139.315878
411.152688,4,139.322878
-5656.572028,5,139.332462
9343.42028,5,139.34062
852.42341,4,139.347821
9852.422631,4,139.354328
411.167189,4,139.360417
9423.276401,3,139.366413
374.282481,4,139.37342
343.425778,5,139.381424
-5607.578648,4,139.389042
-5625.718217,4,139.397037
343.429221,5,139.405045
-5116.727749,3,139.410045
-5098.586557,3,139.41621
-5116.725128,3,139.424224
-5576.727147,3,139.430224
374.284388,4,139.437224
-5588.854599,4,139.443224
-5557.996973,3,139.448224
-5539.854117,3,139.453227
-20147.562228,4,139.460224
374.28153,4,139.467224
411.163749,4,139.473228
343.43735,5,139.481228
343.436109,5,139.492772
9343.437457,5,139.500772
9442.002704,3,139.505772
-5656.575558,5,139.513772
343.441657,5,139.520772
-5588.849532,4,139.526776
920.148695,3,139.534822
-5656.574616,5,139.543011
-5098.587517,3,139.54737
-5557.992266,3,139.552513
-5576.722986,3,139.557524
9460.143119,3,139.562648
-5557.994897,3,139.567648
-5539.855472,3,139.572781
343.429229,5,139.579888
343.425942,5,139.587521
-5656.57302,5,139.595521
852.431276,4,139.60152
343.428629,5,139.61052
9442.001065,3,139.61552
343.432068,5,139.623521
-5098.587842,3,139.62852
392.427779,4,139.63452
-5625.722419,4,142.096866
392.428887,4,142.104879
9392.414702,4,142.111879
343.427882,5,142.119879
343.457924,5,142.128879
-20625.70514,4,142.134879
411.158328,4,142.140879
-5557.996885,3,142.145879
343.45349,5,142.153879
-5625.719487,4,142.159882
-5116.723659,3,142.164879
-5656.587439,5,142.176883
343.4285,5,142.186397
-5116.71948,3,142.193392
343.427407,5,142.202392
-5656.583459,5,142.210787
-5147.581933,4,142.217782
-20656.571944,5,142.226244
411.153024,4,142.233241
374.299369,4,142.239242
9852.426458,4,142.246242
-5607.578822,4,142.252242
411.153895,4,142.258241
343.42718,5,142.266241
-5116.721783,3,142.271247
343.429821,5,142.280246
-5116.728561,3,142.287796
9460.143498,3,142.292796
-5576.7253,3,142.296796
-5116.722365,3,142.302135
-5147.577182,4,142.308138
-5098.587413,3,142.313137
852.431423,4,142.320388
9343.415302,5,142.327395
-5098.588336,3,142.332386
-5656.578722,5,142.340387
411.153106,4,142.346746
-20656.563354,5,142.354746
-5625.720517,4,142.360828
343.440604,5,142.367827
-5656.574692,5,142.37484
-20656.569708,5,142.382064
-5147.584687,4,142.388575
9920.147422,3,142.396575
-5625.723488,4,142.402575
392.432823,4,142.408651
901.418247,3,142.413647
-20656.554551,5,142.421648
-5098.588342,3,142.42685
343.425153,5,142.434848
-5656.574307,5,142.441956
-5656.576082,5,142.449955
411.157688,4,142.455612
9423.270767,3,142.46061
343.450638,5,142.46761
901.422457,3,142.472776
411.149966,4,142.478775
-20607.573401,4,142.48547
-5588.847086,4,142.491469
343.443311,5,142.502472
-5656.574448,5,142.511473
343.444145,5,142.519594
883.278769,3,142.524619
883.280544,3,142.529617
9852.419936,4,142.538628
-5625.716741,4,142.546369
-5625.722181,4,142.561404
-5079.848567,3,142.566403
-5098.588733,3,142.571407
-5656.572674,5,142.579406
9901.413039,3,142.584909
-20625.708269,4,142.591913
343.454207,5,142.599913
343.428997,5,142.610913
9423.273964,3,142.616913
-5539.851637,3,142.621913
343.430726,5,142.630018
-20656.571305,5,142.638122
374.284001,4,142.644122
343.434255,5,142.652125
-20147.578182,4,142.658128
9901.41098,3,142.663127
9460.14282,3,142.668122
9423.275316,3,142.673129
343.458357,5,142.681277
9411.147223,4,142.687315
-5557.996442,3,142.69132
-5539.858013,3,142.696315
-5098.586981,3,142.700315
-5147.585694,4,142.706313
-20625.715199,4,142.712313
9343.419539,5,142.723314
920.163965,3,142.728314
343.431912,5,142.738314
-5656.57678,5,142.746314
343.438907,5,142.755314
392.425333,4,142.762314
9392.413798,4,142.769314
9920.141809,3,142.774317
374.28734,4,142.781323
-5147.577572,4,142.78909
343.454499,5,142.803095
-5588.848857,4,142.812092
343.451109,5,142.823585
-5625.724712,4,142.834591
-5098.586755,3,142.839592
343.43315,5,142.848102
-5607.580104,4,142.854122
9920.144827,3,142.859121
9920.146909,3,142.864201
852.438399,4,142.875209
-5607.584018,4,142.882716
9852.418742,4,142.89026
343.439144,5,142.897724
-5098.58922,3,142.903203
-5656.579994,5,142.911392
-5539.85633,3,142.916392
-20656.563062,5,142.925393
9343.424718,5,142.933393
-20656.562735,5,142.945117
374.296234,4,142.95229
343.432991,5,142.9613
411.16143,4,142.9683
9392.419441,4,142.976303
343.425243,5,142.984806
9460.141602,3,142.989811
9411.14922,4,142.996811
-20656.563004,5,143.004811
411.150605,4,143.01181
343.47556,5,143.019813
411.152218,4,143.025816
-5539.856784,3,143.030813
9901.418269,3,143.035812
343.424441,5,143.043826
-5539.857108,3,143.052823
-20607.579444,4,143.060095
343.439045,5,143.069098
-5607.583308,4,143.075239
-5098.589457,3,143.080238
423.285931,3,143.085753
-5588.852927,4,143.094921
-5588.855166,4,143.101924
-5607.579269,4,143.108054
-5557.990551,3,143.114098
-5656.584795,5,143.122239
343.427168,5,143.130239
-5625.719746,4,143.138244
-5656.572235,5,143.146255
-20656.570012,5,143.155257
-5098.582669,3,143.162577
-5116.726728,3,143.166577
-5625.724862,4,143.172585
-5607.581972,4,143.179116
-5116.724227,3,143.184118
343.450491,5,143.195754
-5098.579159,3,143.201755
9852.420186,4,143.20776
411.162514,4,143.214755
-5147.584698,4,143.221034
-5607.580848,4,143.229173
-20656.569797,5,143.237304
9852.417866,4,143.245612
-5588.847621,4,143.251802
-5539.855828,3,143.257065
-5656.586387,5,143.268867
-5576.724178,3,143.274881
-5147.582753,4,143.280876
374.290354,4,143.290191
-5079.858246,3,143.296188
-5116.727325,3,143.301678
343.44912,5,143.310498
-5147.580463,4,143.317591
374.288745,4,143.324595
343.429168,5,143.333239
374.287347,4,143.340335
343.432176,5,143.349339
9901.41468,3,143.354647
343.437932,5,143.361655
-5656.58194,5,143.36966
-5607.575528,4,143.379664
920.155785,3,143.384171
343.456381,5,143.392177
-5625.721292,4,143.400181
-5147.582758,4,143.407175
343.431644,5,143.416176
9343.421939,5,143.42518
-5116.726107,3,143.43018
343.440012,5,143.438624
343.427546,5,143.44666
-5116.725659,3,143.452661
-5656.578446,5,143.461659
852.427727,4,143.46866
9920.144638,3,143.473663
-5098.58468,3,143.477663
-5098.584649,3,143.485173
-5588.851132,4,143.492207
343.423253,5,143.504364
-5656.573311,5,143.512362
-5607.581921,4,143.519362
-5147.5791,4,143.526362
-20147.566401,4,143.531804
-5147.575042,4,143.538803
343.429238,5,143.546804
-5576.724499,3,143.551803
-5557.994557,3,143.557803
-5098.589851,3,143.562804
343.441225,5,143.570806
920.159007,3,143.575806
852.423202,4,143.582808
343.426376,5,143.590456
-5147.581379,4,143.601459
343.443374,5,143.610455
-5098.587002,3,143.615455
9343.428973,5,143.623456
-5576.727612,3,143.630458
9343.41273,5,143.638621
-5588.848268,4,143.645984
9392.419652,4,143.652992
-5588.851054,4,143.659309
852.441091,4,143.665389
374.28425,4,143.672395
343.436243,5,143.680397
9852.414032,4,143.686044
-5098.585394,3,143.691052
-5576.72415,3,143.696052
343.439363,5,143.707051
-5116.722053,3,143.711052
9901.416034,3,143.716052
9920.143557,3,143.721051
9460.142049,3,143.731053
-5607.579052,4,143.740053
343.451861,5,143.751053
9442.003875,3,143.757052
-5557.993564,3,143.763052
9852.418253,4,143.769053
901.418295,3,143.774058
9343.419465,5,143.783059
852.455266,4,143.793785
-5079.853944,3,143.79978
-5607.583787,4,143.80678
-5625.724561,4,143.817421
852.433493,4,143.824421
9411.143524,4,143.831421
-5079.856723,3,143.836421
343.43295,5,143.845823
343.446124,5,143.854823
-5607.580114,4,143.860961
343.426613,5,143.868964
343.440449,5,143.878141
-5588.854542,4,143.885772
-5079.852847,3,143.890833
852.435257,4,143.896831
920.150284,3,143.90183
392.439642,4,143.908645
-20656.541278,5,143.925984
-5656.58162,5,143.935982
9852.413367,4,143.942034
-5098.584706,3,143.947037
-5656.579982,5,143.954532
9343.424151,5,143.962532
-5656.582868,5,143.97079
-5557.997801,3,143.975838
-5588.852026,4,143.98228
-20147.571443,4,143.98905
-5656.585272,5,143.997088
-5539.855118,3,144.002087
343.461392,5,144.011085
343.433357,5,144.021085
392.430185,4,144.027085
-5625.716661,4,144.037086
392.423142,4,144.044088
374.37397,4,144.051525
-5576.724227,3,144.056052
-5607.572377,4,144.063345
-5588.854227,4,144.070502
-5147.58015,4,144.0765
852.420873,4,144.083498
9343.418651,5,144.091045
-5557.993115,3,144.096412
-5607.580128,4,144.103409
-5098.587854,3,144.10855
-20625.719403,4,144.115564
883.282459,3,144.12057
9883.273107,3,144.127565
-5539.852816,3,144.132563
343.426064,5,144.145857
-5656.574926,5,144.155347
-5656.5808,5,144.163804
-5576.726672,3,144.169261
-5656.57441,5,144.178275
-5098.588448,3,144.183275
-5607.585336,4,144.190794
-5147.582815,4,144.198228
343.438792,5,144.206752
343.434483,5,144.215889
-5625.717964,4,144.223077
-5588.842621,4,144.230076
9392.413773,4,144.236076
9343.416618,5,144.253614
-5147.582958,4,144.261291
343.464758,5,144.270197
374.292175,4,144.276643
9883.277251,3,144.281653
-5656.576952,5,144.29016
-5098.588509,3,144.295161
9411.156843,4,144.30216
-5116.726834,3,144.307161
9392.417565,4,144.313384
374.281598,4,144.319513
-5079.854736,3,144.324532
343.466569,5,144.332531
343.444983,5,144.341845
343.439813,5,144.349898
-5625.72,4,144.361065
-5656.582273,5,144.369537
9883.271755,3,144.374579
-5588.851247,4,144.381578
-5557.996329,3,144.387094
920.153665,3,144.392094
9411.150238,4,144.398095
-5607.577803,4,144.405094
9392.417949,4,144.412093
-20607.570914,4,144.4181
343.448399,5,144.426263
-5098.588557,3,144.431263
9392.415852,4,144.438262
-5539.8577,3,144.443262
-5098.589094,3,144.448262
-5557.995674,3,144.453262
-5116.724201,3,144.458262
343.436571,5,144.472272
-5147.585761,4,144.479272
-5656.583471,5,144.48911
-5656.577153,5,144.49711
343.440806,5,144.506109
-5539.858274,3,144.51111
-5079.851287,3,144.516111
-5607.58429,4,144.52211
-5079.85748,3,144.52711
-5656.573209,5,144.53511
-5539.857284,3,144.54111
-5588.842236,4,144.54711
-5539.855863,3,144.552111
-5147.586583,4,144.55911
-5656.559521,5,144.56811
-5625.722712,4,144.577118
-5656.573733,5,144.594921
9852.41713,4,144.602922
-5588.851674,4,144.611153
-5656.572001,5,144.619154
9343.41428,5,144.630153
-5539.855031,3,144.636743
374.284463,4,144.644016
9343.421263,5,144.652013
343.440023,5,144.660774
-5116.724735,3,144.665792
-5116.723081,3,144.671042
-20625.716625,4,144.677554
920.153994,3,144.682553
852.435239,4,144.69162
343.426686,5,144.699617
-5588.850613,4,144.706248
343.431685,5,144.714246
374.278845,4,144.721444
-5098.58566,3,144.726444
-5656.575558,5,144.733443
343.448437,5,144.741668
9411.157217,4,144.748667
343.443794,5,144.755795
343.444769,5,144.763795
-5098.588509,3,144.767793
411.163989,4,144.774936
-5557.994053,3,144.781933
343.436118,5,144.790934
-5607.577874,4,144.800928
343.431953,5,144.809928
-5625.72456,4,144.815927
9392.411584,4,144.821927
423.281141,3,144.827123
460.150819,3,144.833135
-20656.567529,5,144.841135
-20656.546783,5,144.849135
-5557.995565,3,144.853626
-5098.585356,3,144.858635
392.428492,4,144.864636
343.433433,5,144.871674
-5079.85614,3,144.877643
9374.283571,4,144.884641
-20656.569181,5,144.895151
-5539.857262,3,144.899549
-5656.581152,5,144.911548
852.42294,4,144.917549
343.43461,5,144.926548
-5539.855381,3,144.931548
9392.413993,4,144.938548
-5607.583294,4,144.945549
-5539.852924,3,144.950548
-5147.578778,4,144.957386
343.428969,5,144.965385
-20656.575774,5,144.973389
423.278439,3,144.978389
9343.415481,5,144.9869
9883.278833,3,144.9919
343.449746,5,145.0009
-5147.587142,4,145.0099
-5656.58064,5,145.0219
9460.140831,3,145.0269
-5656.580025,5,145.0349
-5588.856958,4,145.041899
-5656.585806,5,145.049901
-5147.57829,4,145.05792
9343.418252,5,145.066292
-5588.851913,4,145.072514
-5576.723551,3,145.077514
-20625.71498,4,145.084516
-5116.724571,3,145.089451
-5656.579145,5,145.09845
9392.413253,4,145.107615
343.436431,5,145.115755
343.433479,5,145.128498
343.428725,5,145.136519
-5098.5868,3,145.141518
-5656.574129,5,145.149518
9920.14239,3,145.154523
343.433939,5,145.163515
343.429803,5,145.172523
343.453527,5,145.180523
883.282412,3,145.18603
-5539.859294,3,145.191034
-5079.851903,3,145.196034
-5539.853969,3,145.201034
-5607.581547,4,145.208034
-20607.567632,4,145.216036
-20116.711523,3,145.222034
9460.142378,3,145.228034
-20656.566992,5,145.24014
9423.276766,3,145.245141
343.45559,5,145.254137
883.281118,3,145.260136
-5588.853971,4,145.266137
9901.4139,3,145.27214
-5116.722623,3,145.27714
852.433179,4,145.284338
-5588.851673,4,145.292179
920.165366,3,145.297347
392.422042,4,145.305113
343.42927,5,145.313556
852.433227,4,145.319558
852.427107,4,145.326557
343.427237,5,145.333565
-5625.720193,4,145.33959
9920.142511,3,145.347651
-5098.588679,3,145.352652
9852.414747,4,145.359651
392.428143,4,145.366655
-5656.576035,5,145.374663
-5576.723528,3,145.37966
9411.147516,4,145.387167
343.43189,5,145.395166
343.439352,5,145.406167
343.43294,5,145.421442
-5656.578679,5,145.432442
343.42622,5,145.442852
-5098.589241,3,145.447852
-5576.727782,3,145.452852
343.459822,5,145.465848
343.424849,5,145.478855
9392.414102,4,145.484855
-5116.725046,3,145.491362
-5098.588052,3,145.496362
-5588.850423,4,145.502363
-5588.854356,4,145.509362
343.448029,5,145.518362
-5607.585415,4,145.525362
343.448568,5,145.533362
-5098.586263,3,145.538362
411.16163,4,145.544362
-5098.583799,3,145.548362
9901.415486,3,145.552363
-5147.58063,4,145.559363
343.426525,5,145.571362
-5539.856895,3,145.576365
343.4344,5,145.585018
-5607.583584,4,145.591536
9411.147389,4,145.599536
-5098.584851,3,145.605535
9343.422323,5,145.613536
442.017983,3,145.619535
374.28399,4,145.625535
343.446313,5,145.634536
343.455693,5,145.643535
-5656.581956,5,145.651535
9423.271876,3,145.657015
-5625.720914,4,145.664127
343.434685,5,145.673129
-5625.723282,4,145.685134
374.289581,4,145.692651
-5116.725503,3,145.70065
343.431113,5,145.714301
-5557.995897,3,145.722516
-5588.856423,4,145.73327
411.153897,4,145.74027
343.432484,5,145.74827
374.28278,4,145.75527
343.437552,5,145.76327
-5656.572185,5,145.77127
-5098.581102,3,145.776273
-5656.579571,5,148.424281
-5147.577181,4,148.432284
-5147.578371,4,148.439816
-5656.575296,5,148.447813
343.455589,5,148.456478
343.432523,5,148.466593
-5116.72727,3,148.472092
9392.416174,4,148.479103
-5147.582215,4,148.486666
343.424921,5,148.494177
343.438326,5,148.502177
-5656.577513,5,148.511671
9901.416003,3,148.51616
9901.410555,3,148.521712
-20557.988108,3,148.527848
-5607.580198,4,148.538188
-5576.723126,3,148.543188
-5656.578997,5,148.554187
-5539.858265,3,148.559185
852.424583,4,148.566492
9392.419013,4,148.573973
9852.426401,4,148.580987
852.445025,4,148.586987
9460.143014,3,148.592501
-5147.587313,4,148.599497
-5116.726945,3,148.604497
852.423813,4,148.611562
343.43143,5,148.619561
-20656.572742,5,148.629379
-5588.851265,4,148.640377
-20116.713888,3,148.645916
-5607.585325,4,148.651929
374.284157,4,148.65931
-5588.853499,4,148.665311
9442.001678,3,148.670485
-5588.854993,4,148.676489
-5098.585767,3,148.681492
343.461159,5,148.68982
442.011994,3,148.694817
-5147.580187,4,148.700818
9343.418599,5,148.708972
-5147.576561,4,148.715972
-5576.722804,3,148.720128
411.154491,4,148.727129
343.43631,5,148.73513
920.149629,3,148.741128
343.43482,5,148.753483
-5539.853795,3,148.758507
920.150324,3,148.762846
-20656.552739,5,148.77136
343.446047,5,148.779364
-5588.851829,4,148.786364
-5607.580052,4,148.792988
-5607.583338,4,148.80099
-5656.572805,5,148.809988
-5656.573038,5,148.818986
-5147.577261,4,148.825987
9343.428724,5,148.834986
-5557.997528,3,148.839986
-5079.855564,3,148.845986
343.431066,5,148.853986
-5588.848996,4,148.865987
-5557.996351,3,148.870986
852.423815,4,148.877993
-5625.71809,4,148.884992
-20656.549715,5,148.893139
343.44467,5,148.902142
9920.1425,3,148.906139
920.157848,3,148.911139
-20656.565481,5,148.920315
-5656.575194,5,148.928759
343.432993,5,148.936965
-20147.574561,4,148.943402
-5588.853323,4,148.951064
-5539.854753,3,148.956227
-5588.851309,4,148.964232
411.154074,4,148.974233
-20147.575889,4,148.980244
343.443108,5,148.988382
343.448918,5,148.997417
343.435381,5,149.005579
-5656.576848,5,149.013581
-5607.579533,4,149.020673
9343.422073,5,149.027679
9343.421049,5,149.03568
-5576.726783,3,149.039679
374.292501,4,149.046679
9343.416798,5,149.054881
-5116.726241,3,149.060881
9423.279453,3,149.066878
-5656.577165,5,149.077884
-5098.580913,3,149.083885
-5079.855285,3,149.089396
-5656.583818,5,149.097408
-20656.576463,5,149.106424
-5557.994904,3,149.110423
-5607.584602,4,149.117423
-5607.581846,4,149.129421
-5656.58058,5,149.139421
-5656.573084,5,149.150573
-5656.583759,5,149.159614
-20147.577671,4,149.165614
343.426413,5,149.172614
9883.276901,3,149.177622
-5557.999586,3,149.182622
343.433399,5,149.199127
-5116.725526,3,149.205691
-5079.859531,3,149.21069
392.429407,4,149.21769
-20607.575154,4,149.223691
-5098.588018,3,149.228968
-5576.727481,3,149.23441
-20588.847681,4,149.241412
343.434501,5,149.249785
343.432847,5,149.25894
-5098.588798,3,149.263938
-5557.995001,3,149.26894
-5079.850831,3,149.273938
-5098.586709,3,149.278944
-5539.856138,3,149.284364
374.28514,4,149.290321
374.289819,4,149.301847
-5588.84916,4,149.308843
-5116.726139,3,149.313843
374.289596,4,149.321843
-5656.570796,5,149.329991
-5588.852617,4,149.335992
411.154538,4,149.343993
-5625.720461,4,149.349998
-5607.586415,4,149.357758
-5079.857952,3,149.369978
-5656.574836,5,149.377239
-5557.997561,3,149.38124
343.433099,5,149.388241
343.435545,5,149.39575
9392.422712,4,149.406834
-5576.723637,3,149.412833
-5098.585985,3,149.417887
343.437059,5,149.427024
343.473696,5,149.435026
9883.2731,3,149.440024
9423.276884,3,149.445024
-5098.588263,3,149.450026
-5576.725204,3,149.454025
-5539.855634,3,149.459025
-5656.572177,5,149.467689
-5656.578996,5,149.476692
374.296911,4,149.483693
-5656.577383,5,149.491211
9343.423554,5,149.50021
9920.144493,3,149.50521
-5098.579576,3,149.513208
-5656.579596,5,149.522207
-5656.583207,5,149.532206
423.282482,3,149.538206
343.483286,5,149.546206
-5656.579196,5,149.554206
-20147.577961,4,149.560206
-5098.584246,3,149.565207
-5116.725725,3,149.570206
-20656.568346,5,149.57821
-5656.586582,5,149.587209
-5656.577709,5,149.593717
-5656.575557,5,149.600717
343.444218,5,149.608868
9920.140555,3,149.613868
-5098.583167,3,149.622867
-5607.581236,4,149.63187
-20656.565954,5,149.641547
-5656.57691,5,149.649546
-5557.99786,3,149.654546
343.424403,5,149.662546
852.420209,4,149.669546
852.436679,4,149.676554
343.424814,5,149.685553
374.286721,4,149.693168
343.431137,5,149.702377
-5079.85211,3,149.707385
-20079.846735,3,149.712728
-5147.580308,4,149.719142
343.447143,5,149.733366
343.438279,5,149.74237
852.420512,4,149.749372
-20654.78086,5,149.757372
-5607.578378,4,149.764369
9883.274459,3,149.769371
-5607.581955,4,149.775382
-5116.725581,3,149.780809
-5539.858657,3,149.785098
9920.146782,3,149.79209
-5588.853079,4,149.799115
852.419667,4,149.806115
-5607.579894,4,149.812577
-5656.574017,5,149.820577
9343.426144,5,149.830593
-5079.859274,3,149.835749
-5576.725647,3,149.844444
343.447222,5,149.853446
9343.417756,5,149.863276
-5625.720087,4,149.870275
-5607.581947,4,149.876278
-5607.578991,4,149.883278
9901.414237,3,149.888281
374.288226,4,149.895788
-5607.581034,4,149.901788
9423.270237,3,149.907788
392.426118,4,149.914788
-5656.572488,5,149.922788
-5607.582712,4,149.930788
343.432088,5,149.938788
9920.149797,3,149.943908
-5588.853741,4,149.954907
-5588.852125,4,149.961908
-5656.585406,5,149.970668
-5557.998048,3,149.976671
343.44385,5,149.985658
343.439279,5,149.994185
411.153607,4,150.001393
-20656.565861,5,150.010393
343.423252,5,150.019393
343.428222,5,150.028393
343.441643,5,150.038395
-5607.581334,4,150.046393
343.44481,5,150.055393
-5098.589548,3,150.063786
-5656.576789,5,150.07327
-5607.585947,4,150.080828
-5098.589377,3,150.090334
-5656.577102,5,150.101342
-5539.856702,3,150.107352
343.439495,5,150.117159
374.283864,4,150.126564
343.430318,5,150.136292
-5656.576095,5,150.144337
-5656.575089,5,150.153339
-5625.720171,4,150.160337
-5079.852425,3,150.165338
-5576.728143,3,150.173525
-20656.570548,5,150.180536
-5539.856251,3,150.185675
-5557.998954,3,150.19019
-5656.573989,5,150.198195
374.299443,4,150.205333
-5079.857422,3,150.210333
-5079.857908,3,150.214338
-20607.579968,4,150.220812
9374.275786,4,150.228
-5576.723027,3,150.232001
-5588.851074,4,150.239
-5588.849392,4,150.246
-5607.581564,4,150.253001
9343.420645,5,150.261016
9343.425417,5,150.268016
-5079.856001,3,150.275191
852.429551,4,150.285429
-5656.574191,5,150.293938
-5098.584742,3,150.298937
-20656.567093,5,150.307282
9374.284527,4,150.31429
9374.272525,4,150.320298
374.287713,4,150.326966
343.430158,5,150.334965
-5147.583588,4,150.341421
-5147.577677,4,150.348419
-5539.856889,3,150.353419
343.42662,5,150.362419
9343.426703,5,150.371423
-5098.589379,3,150.377434
-5147.578844,4,150.383587
-5116.726724,3,150.394511
343.432939,5,150.402851
343.444651,5,150.409904
343.424344,5,150.419012
-5588.854483,4,150.425028
-5607.586632,4,150.432167
-5656.577726,5,150.440486
343.480593,5,150.448653
343.432317,5,150.456731
343.442764,5,150.465139
9442.005249,3,150.471144
-5539.851099,3,150.477156
9423.271943,3,150.48315
9343.419305,5,150.49079
883.278022,3,150.498447
-5539.856294,3,150.503584
920.153815,3,150.507601
343.452791,5,150.516093
343.432286,5,150.524258
9442.004945,3,150.529253
9852.421401,4,150.536255
-5656.58064,5,150.544292
9883.278458,3,150.549745
-5147.577468,4,150.556744
-20146.688743,4,150.562744
343.45992,5,150.570887
-5656.580822,5,150.57889
-5539.858725,3,150.583894
-5656.579107,5,150.594178
343.437152,5,150.602181
-5147.585323,4,150.612441
-5098.586886,3,150.617457
411.164896,4,150.623792
442.014051,3,150.629625
9343.41309,5,150.6388
-5079.857232,3,150.643291
852.427094,4,150.651513
343.46272,5,150.661206
343.448568,5,150.669275
-5588.851355,4,150.676409
-20656.548643,5,150.685413
9411.149159,4,150.693931
-5098.587186,3,150.704223
411.162803,4,150.710223
343.429432,5,150.721223
343.441112,5,150.729771
374.290725,4,150.742796
-5098.585476,3,150.747796
-5147.583085,4,150.754796
-5625.719222,4,150.760796
-20656.566505,5,150.768796
343.425894,5,150.777808
343.435127,5,150.786808
-5656.579313,5,150.797328
411.162572,4,150.804327
-5656.581569,5,150.812582
343.473046,5,150.823583
-5116.725934,3,150.828581
-5656.575961,5,150.836581
-5098.586274,3,150.842581
-5079.856181,3,150.847581
-5079.855851,3,150.852584
392.423669,4,150.86009
9901.413815,3,150.86549
-5147.580466,4,150.871802
9901.413852,3,150.876804
343.447865,5,150.884803
-20656.564297,5,150.892311
-5098.585196,3,150.898311
-5607.582358,4,150.905311
-5656.559279,5,150.914314
9343.421353,5,150.924311
-5098.588451,3,150.932462
343.457967,5,150.940835
852.424452,4,150.947831
-5079.850774,3,150.952962
-5576.727705,3,150.957965
901.435475,3,150.961962
-5656.57122,5,150.970962
-5539.855718,3,150.975965
9901.411692,3,150.980965
343.452878,5,150.989966
392.42071,4,151.001474
852.425096,4,151.013474
374.286198,4,151.021476
343.433072,5,151.030472
392.430184,4,151.036473
9343.416214,5,151.047473
-5588.852447,4,151.055473
-5147.581282,4,151.064638
411.151804,4,151.072122
343.444218,5,151.081131
-5098.588013,3,151.086127
-5656.573494,5,151.095648
343.436089,5,151.103648
343.431606,5,151.110647
-5098.58473,3,151.115648
-20656.542914,5,151.124656
-5539.85511,3,151.129663
-5656.574596,5,151.137316
-5098.588248,3,151.142316
-5576.724578,3,151.147316
9442.002457,3,151.156482
-5576.725871,3,151.161485
852.449176,4,151.169116
-5576.72762,3,151.174135
343.447258,5,151.183257
9883.27393,3,151.1884
-5098.584749,3,151.192792
9343.41298,5,151.20097
-5557.997124,3,151.205088
-20656.56975,5,151.213088
-5539.851099,3,151.218088
-20098.580366,3,151.223186
-5607.580739,4,151.230186
-5079.850176,3,151.235186
-5576.722968,3,151.240186
-5147.578826,4,151.246186
374.299894,4,151.252306
-5576.729207,3,151.260885
-5098.586257,3,151.266888
852.42323,4,151.275105
920.160816,3,151.280562
343.429217,5,151.288902
392.428313,4,151.296656
-20656.572428,5,151.304228
-5625.715198,4,151.310226
374.2899,4,151.316225
-5147.581431,4,151.322521
423.27818,3,151.327521
343.435267,5,151.335523
-5588.852178,4,151.341526
-5079.857176,3,151.346521
920.153806,3,151.351522
-5098.586866,3,151.35652
343.438486,5,151.36452
-5079.858406,3,151.373136
-5656.57636,5,151.381141
-20656.555892,5,151.389424
374.281062,4,151.397944
343.425076,5,151.404943
9460.149731,3,151.409944
9411.154125,4,151.414944
9460.147758,3,151.418943
-5079.857338,3,151.423941
-20656.564215,5,151.431941
852.427983,4,151.437946
-5147.580936,4,151.443944
411.150723,4,151.449941
852.422062,4,151.455941
-5116.726662,3,151.460943
9920.14061,3,151.466212
392.424108,4,151.472374
-5607.581345,4,151.482412
343.472142,5,151.491459
-5625.719886,4,151.497877
-5588.849801,4,151.504816
-20656.570935,5,151.512893
-5147.58084,4,151.520391
343.444923,5,151.528566
-5656.582153,5,151.536785
9852.417964,4,151.543785
-20656.553121,5,151.551783
9460.144886,3,151.556782
392.440345,4,151.565782
343.445945,5,151.573804
-5607.580766,4,151.580413
-5079.857414,3,151.586407
-5656.580185,5,151.597516
-5557.99481,3,151.602516
-5147.581737,4,151.608659
-5539.856527,3,151.613657
-5656.572922,5,151.622021
343.435387,5,151.629759
-5079.853566,3,151.634778
374.289932,4,151.641153
423.278852,3,151.645151
-20625.707304,4,151.652151
9392.414585,4,151.658151
883.278211,3,151.663151
9852.419552,4,151.670529
-20656.554876,5,151.679531
343.440736,5,151.68785
-5576.727961,3,151.694371
343.449692,5,151.705642
-5539.855193,3,151.710642
-5557.992648,3,151.715642
852.425265,4,151.721745
-20625.712517,4,151.728745
9392.416238,4,151.733744
-5656.578064,5,151.739744
-5079.855968,3,151.743743
-5656.575334,5,151.750744
343.447173,5,151.758744
374.281339,4,151.764744
-5116.724173,3,151.769746
-5607.577639,4,151.775747
-5539.857435,3,151.780749
-5576.729833,3,151.785748
9392.422854,4,151.792254
-5147.581557,4,151.798254
343.470411,5,151.806254
852.437161,4,151.81444
-5147.575735,4,151.82044
-5588.853799,4,151.82644
-5147.580147,4,151.83344
-5576.724362,3,151.83744
-5098.589014,3,151.842442
-5625.719813,4,151.848441
343.438933,5,151.855662
-5576.724222,3,151.861685
-5588.851172,4,151.868685
-20116.714437,3,151.873684
-5557.998003,3,151.879139
-5588.85479,4,151.885139
343.440153,5,151.893646
343.439286,5,151.901647
-5656.568091,5,151.909646
392.426709,4,151.916646
-5656.581209,5,151.927653
9920.141332,3,151.93365
-5656.569738,5,151.942248
-5557.994861,3,151.948246
411.151163,4,151.954379
343.428095,5,151.962451
343.4357,5,151.970451
-5588.849462,4,151.976457
-5656.580725,5,151.984457
-5656.574524,5,151.99197
9374.27562,4,151.998968
423.285398,3,152.003968
-5557.996539,3,152.007967
343.431378,5,152.016489
-5656.5808,5,152.025393
-5576.723153,3,152.033392
-20625.715006,4,152.039393
-5539.85748,3,152.045483
-5607.578396,4,152.052481
343.440256,5,152.060857
-20079.842306,3,154.647931
9901.414859,3,154.655931
-5576.724988,3,154.660931
343.427827,5,154.66961
852.426721,4,154.676188
-5625.720244,4,154.682195
-5098.580577,3,154.686194
-5656.579746,5,154.694703
392.429986,4,154.701149
-5079.859209,3,154.706151
-5116.722925,3,154.712154
-5098.587289,3,154.717148
9392.41197,4,154.72415
883.282731,3,154.729149
9883.276296,3,154.733149
-5656.580005,5,154.741149
9343.423496,5,154.749284
-5576.725542,3,154.755284
-5607.580425,4,154.763284
343.436245,5,154.771284
-5588.84823,4,154.777615
-5557.995553,3,154.783614
-5557.995173,3,154.788614
-5588.847526,4,154.802144
-5098.586682,3,154.810143
9920.149881,3,154.816215
9343.421009,5,154.826217
-5607.582095,4,154.835213
9920.142978,3,154.840213
343.441749,5,154.848213
9343.421183,5,154.856214
-5147.584931,4,154.862214
9392.41703,4,154.868215
343.435886,5,154.880225
343.449076,5,154.889221
343.425102,5,154.896728
-5656.574776,5,154.905728
-5588.849962,4,154.912728
-20656.540644,5,154.921728
-5539.857496,3,154.926728
-20656.567889,5,154.935949
374.283256,4,154.941949
-5147.586183,4,154.948949
-5079.857934,3,154.953949
343.431664,5,154.962949
-20079.851674,3,154.968949
852.436309,4,154.975949
9411.154916,4,154.985953
343.550083,5,154.994461
-5098.586867,3,154.999461
-5539.854357,3,155.00646
-5576.723467,3,155.011461
-5147.58736,4,155.018461
-5079.856473,3,155.024211
-5656.572195,5,155.032532
-5147.575561,4,155.039043
343.456412,5,155.048041
411.16568,4,155.055041
-5147.57688,4,155.062049
-5116.725061,3,155.06705
9901.411679,3,155.072596
-20656.576957,5,155.081395
-5079.854871,3,155.086875
-5147.580946,4,155.096696
-5539.854526,3,155.103698
343.437036,5,155.113096
-5656.579261,5,155.1211
-5557.993602,3,155.1261
9411.144812,4,155.1331
343.433981,5,155.142096
343.432448,5,155.150657
-5625.720689,4,155.157692
-5656.578741,5,155.165696
-5576.723009,3,155.170886
9343.418774,5,155.177886
9411.146653,4,155.183888
-5588.851413,4,155.190889
-5576.722819,3,155.195396
343.440298,5,155.206108
-5607.584385,4,155.212108
-5098.587935,3,155.217108
920.154316,3,155.222109
392.419885,4,155.228491
343.431025,5,155.23649
-5539.858314,3,155.241496
343.427253,5,155.24849
-20656.568196,5,155.25549
343.429986,5,155.26349
-5147.580533,4,155.26949
-5625.719316,4,155.277519
-5116.72332,3,155.283525
392.449165,4,155.289978
920.148886,3,155.29602
-5079.852024,3,155.301014
-5147.580393,4,155.311013
-5557.986959,3,155.316013
-20625.712402,4,155.323013
374.286706,4,155.329013
9852.414715,4,155.335013
-5656.574552,5,155.34242
343.431138,5,155.349418
343.429184,5,155.355646
411.174202,4,155.361644
-5576.725713,3,155.365647
-5588.853216,4,155.371872
-5607.580435,4,155.378158
-5588.850219,4,155.385326
-5116.726723,3,155.389323
343.441592,5,155.396838
-5656.576669,5,155.403975
883.277541,3,155.408974
-5656.580473,5,155.419975
920.615087,3,155.423978
-5079.858572,3,155.428975
343.426998,5,155.435975
343.435791,5,155.443974
343.431162,5,155.452074
-5576.723331,3,155.457084
411.154311,4,155.463094
343.439091,5,155.471092
343.5818,5,155.479185
852.420951,4,155.485286
374.296132,4,155.491305
9392.415012,4,155.497813
-5098.579573,3,155.501813
343.437455,5,155.507817
-5098.584923,3,155.513814
-5656.5808,5,155.521013
392.423743,4,155.531016
-20625.7069,4,155.537013
9343.433443,5,155.545033
343.443273,5,155.554046
883.285672,3,155.561044
-5557.993822,3,155.567042
9343.425295,5,155.575042
-5147.578402,4,155.582046
-5656.576325,5,155.590046
852.426981,4,155.596553
343.435261,5,155.604553
343.427342,5,155.612552
9920.144027,3,155.616553
-5607.579781,4,155.622879
343.43149,5,155.630877
343.4565,5,155.641877
9374.279055,4,155.648877
-20656.568783,5,155.656877
343.429656,5,155.665881
-5607.579236,4,155.671877
343.431439,5,155.679883
901.425,3,155.684881
852.425216,4,155.691881
392.429816,4,155.698397
343.443949,5,155.708394
9392.417591,4,155.716393
-5656.581987,5,155.724393
-5557.996549,3,155.729395
343.447545,5,155.736393
343.439404,5,155.744393
-5588.8475,4,155.753393
-20656.574952,5,155.761393
-5607.57737,4,155.767393
343.433873,5,155.775393
9392.416158,4,155.782024
9392.419968,4,155.788389
9343.422979,5,155.796919
343.431719,5,155.804919
-5079.857608,3,155.809919
-5576.725522,3,155.814922
-20116.717616,3,155.819964
883.280586,3,155.826158
-5656.576461,5,155.834159
343.427924,5,155.842159
343.448711,5,155.849168
-5098.585281,3,155.854231
-5557.995865,3,155.862256
-5625.71745,4,155.869413
423.279061,3,155.874805
-5576.725164,3,155.879805
-5607.579052,4,155.886006
-20079.843372,3,155.890124
-5576.723738,3,155.896638
-20656.568129,5,155.905401
-5607.581126,4,155.911401
-20656.563852,5,155.9204
-5147.577227,4,155.9264
374.282868,4,155.9324
9343.427338,5,155.941688
-5079.853155,3,155.945688
883.280434,3,155.950688
-5656.583198,5,155.958688
-20656.568787,5,155.969688
-5539.856292,3,155.974688
343.475724,5,155.983691
-5656.574421,5,155.991691
-20607.575343,4,155.999198
-5147.580321,4,156.008198
-5098.588375,3,156.013199
-5656.567609,5,156.022201
-20656.567845,5,156.030199
-5588.853365,4,156.036199
-5656.578284,5,156.045202
343.486217,5,156.054203
-5079.855028,3,156.060202
343.447499,5,156.069202
-5116.722509,3,156.077677
343.623591,5,156.085699
-5098.583703,3,156.090694
-20607.573924,4,156.097201
343.433095,5,156.10824
9460.143416,3,156.114249
343.43325,5,156.122248
-5607.581035,4,156.129465
343.441904,5,156.13864
-20656.567436,5,156.14664
9343.425285,5,156.155644
-5557.996557,3,156.160641
-5607.584107,4,156.167046
-5656.580244,5,156.177048
343.443742,5,156.194122
-5079.852902,3,156.200299
-5607.581507,4,156.20645
-5656.575057,5,156.214454
374.304431,4,156.222455
-5557.998774,3,156.229453
392.422259,4,156.236941
-5147.583419,4,156.243938
-5607.582982,4,156.249938
392.432177,4,156.257118
343.452147,5,156.265264
343.442233,5,156.274269
-5656.578765,5,156.282496
9411.148581,4,156.291498
-5098.586539,3,156.297007
-5098.588238,3,156.30201
343.448184,5,156.310359
901.423943,3,156.315358
-5539.858314,3,156.319358
9442.008541,3,156.324357
-5656.579181,5,156.331357
-5079.852167,3,156.335358
-5539.853419,3,156.339835
343.454802,5,156.347834
9392.413861,4,156.353468
9392.421051,4,156.360466
343.437622,5,156.368468
343.431146,5,156.376475
-20607.553593,4,156.383485
-20098.578794,3,156.388637
-5539.855567,3,156.394148
-5656.58364,5,156.405313
343.450583,5,156.413618
374.280521,4,156.420619
-20656.577629,5,156.430618
374.288434,4,156.437742
9392.424407,4,156.445399
-5588.849747,4,156.452397
-20656.573839,5,156.460397
343.433489,5,156.469404
883.281322,3,156.474403
343.444384,5,156.483654
-5098.583546,3,156.488656
392.424649,4,156.496173
-5625.723969,4,156.505173
-5656.577871,5,156.517169
343.442942,5,156.527299
-5079.851262,3,156.533782
343.48764,5,156.542783
343.456792,5,156.550785
-5656.580044,5,156.559899
423.278453,3,156.565898
9343.43762,5,156.574902
-5588.846375,4,156.581904
9343.420874,5,156.590905
-5116.720707,3,156.596417
-5607.58019,4,156.604418
-20625.714978,4,156.611415
-5557.996296,3,156.617415
-20625.706936,4,156.630625
-5656.575941,5,156.639764
852.438448,4,156.646765
-20116.719991,3,156.652762
901.427158,3,156.657763
-5147.583411,4,156.666763
423.296301,3,156.673147
-5656.575901,5,156.682154
-5098.587183,3,156.688881
852.442978,4,156.697948
343.424589,5,156.706434
392.424874,4,156.713434
343.449234,5,156.721434
343.426142,5,156.733435
9901.411663,3,156.739532
9343.421346,5,156.749532
-5539.85745,3,156.754532
343.441235,5,156.762532
-5656.572032,5,156.770758
852.423592,4,156.775759
-5625.719402,4,156.782766
-5116.728058,3,156.787763
9343.415175,5,156.795415
9920.144571,3,156.801418
9343.420268,5,156.809973
-5079.859073,3,156.815982
9374.279788,4,156.822982
-5539.85648,3,156.828982
9343.433199,5,156.836982
-5079.85244,3,156.847986
9343.423637,5,156.856983
-5588.853253,4,156.864985
-5576.724705,3,156.872395
-5147.582184,4,156.879866
343.42914,5,156.887864
392.423416,4,156.89537
343.432029,5,156.903371
-20656.556708,5,156.91237
343.429855,5,156.921374
343.42426,5,156.928372
9901.419889,3,156.933373
-20625.707983,4,156.942579
-5116.723396,3,156.947579
-5588.852142,4,156.956578
852.442883,4,156.962581
-5656.582891,5,156.971578
-5557.99281,3,156.976578
-5539.855826,3,156.980582
-5656.574047,5,156.988582
-5539.858354,3,156.993582
392.426133,4,157.000088
-5576.722203,3,157.00509
-20147.571649,4,157.012089
9442.003178,3,157.017403
343.469826,5,157.025567
411.163356,4,157.032567
-5656.574711,5,157.041568
-5079.854472,3,157.046567
852.421908,4,157.057567
-5116.723702,3,157.065566
374.286859,4,157.072566
423.281141,3,157.078566
-5557.998043,3,157.083573
9920.142046,3,157.088571
392.43526,4,157.096269
343.43019,5,157.11027
-5656.575171,5,157.119272
-5656.581984,5,157.128695
-5147.581823,4,157.13887
-5656.577709,5,157.148871
9920.155445,3,157.153991
411.152098,4,157.160992
-5539.85459,3,157.165994
-5625.721297,4,157.177475
-5116.724345,3,157.182486
411.157392,4,157.189784
-5098.585854,3,157.194888
-5147.579463,4,157.201889
9343.418941,5,157.208888
-5625.718951,4,157.214888
9374.277174,4,157.221408
343.426928,5,157.229409
343.435439,5,157.238539
9411.147909,4,157.244539
-5116.721291,3,157.249539
-5116.722698,3,157.255877
-5539.85458,3,157.260881
-20656.561352,5,157.269006
343.435056,5,157.28023
852.424351,4,157.287354
442.008507,3,157.292357
-20656.564773,5,157.299867
343.495481,5,157.308396
883.279463,3,157.313397
-5116.725293,3,157.318395
-5656.581468,5,157.326392
-5079.857123,3,157.331399
-5607.584589,4,157.337563
343.428291,5,157.346562
9343.4184,5,157.354946
-5147.581932,4,157.362058
920.154573,3,157.368325
-5625.72266,4,157.375931
392.423089,4,157.383006
-5607.586468,4,157.392994
852.421634,4,157.397505
-5116.720522,3,157.402509
343.442571,5,157.409508
-5079.852752,3,157.413507
-5625.719456,4,157.419925
392.422505,4,157.425924
-5098.588905,3,157.430924
-5576.722185,3,157.436924
343.446963,5,157.444924
-5116.720008,3,157.449925
392.484622,4,157.455924
343.443966,5,157.463924
-5079.857539,3,157.470925
-5588.854954,4,157.478924
-5576.727046,3,157.483927
-5607.583378,4,157.489933
-20147.576239,4,157.500543
-5098.58658,3,157.505543
-5557.993164,3,157.510543
-5656.576415,5,157.518543
9852.416477,4,157.524544
343.432446,5,157.53354
392.42597,4,157.53964
9883.276279,3,157.545126
343.435264,5,157.557368
852.45083,4,157.564697
883.280336,3,157.569696
-5588.845317,4,157.575694
9883.277889,3,157.580695
-20607.569017,4,157.586695
-5557.999103,3,157.590696
343.444401,5,157.598204
374.290218,4,157.604204
9423.272546,3,157.612204
-5656.581507,5,157.621204
-5147.588636,4,157.627204
-5098.58406,3,157.632204
9460.141019,3,157.637204
411.158319,4,157.644205
9343.427534,5,157.652204
-5116.722269,3,157.657204
-5656.579224,5,157.665204
-5147.580787,4,157.673204
-5656.585086,5,157.682208
-5576.725313,3,157.687207
411.152373,4,157.694208
-5079.854201,3,157.699715
-5625.721901,4,157.706714
9883.278084,3,157.711714
-5147.585407,4,157.720715
-5539.855377,3,157.726715
9901.41509,3,157.731715
392.430444,4,157.737715
-5079.859249,3,157.741715
343.438589,5,157.747715
852.439481,4,157.754318
-5079.858063,3,157.759318
-5607.587386,4,157.765319
-5098.58834,3,157.770319
-5098.586192,3,157.775319
-5656.574254,5,157.784451
343.443576,5,157.794961
-5116.722329,3,157.799967
343.435397,5,157.809315
-5098.588913,3,157.81332
-5607.582732,4,157.820315
343.436831,5,157.828324
411.159293,4,157.836661
-20147.573454,4,157.843673
-5079.855863,3,157.848993
9920.14239,3,157.853992
-5116.722776,3,157.858993
-20656.553536,5,157.867251
343.439404,5,157.874409
-5656.573223,5,157.882411
9901.414951,3,157.887563
-5116.72105,3,157.89176
392.426622,4,157.897204
-5625.718756,4,157.902342
9901.415908,3,157.906519
-5539.857824,3,157.910657
-5656.574095,5,157.918655
-5607.583267,4,157.924656
9852.419276,4,157.929652
374.284908,4,157.934652
-5079.856465,3,157.943038
343.422712,5,157.951037
9392.417998,4,157.957132
9901.41217,3,157.962134
343.433801,5,157.970822
374.281986,4,157.977822
343.424923,5,157.98627
-5576.72514,3,157.991274
343.431896,5,157.998783
9883.276182,3,158.003879
-5588.849199,4,158.009879
9392.417329,4,158.015879
-5098.587357,3,158.01988
920.149795,3,158.022879
343.433768,5,158.029881
9343.41612,5,158.036361
9343.411499,5,158.04441
9374.274073,4,158.055812
-5079.853141,3,158.060812
9883.273589,3,158.065818
442.015727,3,158.071817
-5625.713894,4,158.077818
-5079.856916,3,158.082825
-5539.852706,3,158.087828
392.436198,4,158.094827
9343.418037,5,158.102351
9343.421817,5,158.111353
-5607.584468,4,158.117346
9343.42181,5,158.125346
-5588.852846,4,158.132345
-5588.853211,4,158.138345
-5098.586532,3,158.14244
343.449883,5,158.15047
-5557.997377,3,158.15547
9343.412444,5,158.166506
-5098.58703,3,158.171658
-5539.854202,3,158.176657
-20656.570205,5,158.18466
9374.283626,4,158.190844
883.281322,3,158.195948
343.454024,5,158.204947
-5607.5801,4,158.212948
-5656.577391,5,158.221457
883.28607,3,158.226457
374.289099,4,160.865518
343.44937,5,160.876518
343.441498,5,160.885521
-5576.723964,3,160.894591
-5079.854871,3,160.900098
392.421604,4,160.906101
374.284981,4,160.913517
-5147.582431,4,160.919517
343.4587,5,160.928517
392.422617,4,160.935517
-5098.589011,3,160.939516
-5656.576444,5,160.947516
343.462267,5,160.956516
9392.42166,4,160.963517
-5098.58467,3,160.968516
-5079.856465,3,160.974517
-5539.856432,3,160.981518
343.430403,5,160.989902
-5656.578684,5,160.998424
-5098.588532,3,161.006509
9852.426626,4,161.01351
-5576.721926,3,161.018515
-20607.576785,4,161.025519
343.437697,5,161.034569
-5656.575947,5,161.049568
-5098.586729,3,161.056565
343.427013,5,161.066357
9343.422161,5,161.078355
-5625.722034,4,161.085359
-5147.578318,4,161.093358
343.4396,5,161.100867
-5098.587221,3,161.105867
343.443823,5,161.117867
-5557.997758,3,161.122867
9901.412703,3,161.126867
-5588.848407,4,161.134867
-5656.576827,5,161.142868
-5098.585289,3,161.147867
-5656.577115,5,161.156867
-5656.57583,5,161.164867
343.440261,5,161.173867
-5656.582129,5,161.182871
-5607.580254,4,161.18987
-20079.850597,3,161.19587
-5098.588045,3,161.201377
343.459534,5,161.210377
-5147.588711,4,161.217377
-5079.858812,3,161.222377
-5607.582966,4,161.232563
343.430537,5,161.24089
-5147.580997,4,161.248311
-5625.716566,4,161.255311
-20656.566925,5,161.263315
343.430302,5,161.272311
-5147.5818,4,161.282328
343.439316,5,161.291332
9343.421452,5,161.299878
-5656.57008,5,161.308877
-5607.582298,4,161.314878
-5656.576873,5,161.323924
343.436652,5,161.336388
-5079.850851,3,161.341388
-5147.578847,4,161.348392
-5656.583695,5,161.356393
-5079.854931,3,161.361393
-5557.997696,3,161.366389
-5625.722186,4,161.373522
411.170294,4,161.381721
411.154729,4,161.388639
343.432498,5,161.397416
-5607.580537,4,161.403476
852.422534,4,161.410718
-5588.851453,4,161.416718
883.286632,3,161.421716
-5625.724003,4,161.428872
-5576.727602,3,161.433912
-5607.586722,4,161.440912
343.430623,5,161.453171
374.288253,4,161.459537
-5576.723071,3,161.464553
-5116.725168,3,161.470553
852.424676,4,161.476552
343.454762,5,161.487761
-5539.856757,3,161.49376
-5147.584742,4,161.500283
-5607.576838,4,161.507401
-20656.560503,5,161.515401
374.294229,4,161.522401
343.443344,5,161.531401
-5116.724315,3,161.5364
-5098.587238,3,161.542401
343.426532,5,161.551401
920.151728,3,161.559402
392.423436,4,161.566401
-5539.854813,3,161.571401
-5079.854036,3,161.578398
-5656.57699,5,161.587898
-5147.581713,4,161.594895
-5098.58737,3,161.600417
9423.273963,3,161.605436
343.439228,5,161.614353
9343.425902,5,161.623505
343.430392,5,161.632573
-5576.727048,3,161.644527
374.289971,4,161.652975
-5588.852996,4,161.66257
9423.270128,3,161.668569
343.422832,5,161.676572
-5607.581734,4,161.683573
9901.413852,3,161.688572
343.446509,5,161.698532
9343.42603,5,161.707528
343.437351,5,161.716527
9411.144354,4,161.722527
-5079.855678,3,161.728529
343.42536,5,161.737529
-5588.849272,4,161.748769
-5656.582675,5,161.763271
-5147.578476,4,161.776844
-5116.726487,3,161.783832
-5098.585119,3,161.788833
-5098.580618,3,161.794833
-5079.852653,3,161.800344
-5656.575671,5,161.808978
-5079.852428,3,161.813978
-5576.723369,3,161.81999
343.434266,5,161.828995
-5116.722141,3,161.834992
374.28025,4,161.841995
343.436972,5,161.848992
-5656.581171,5,161.857319
9852.419883,4,161.86432
343.432801,5,161.87326
-5607.581174,4,161.883286
-5656.5794,5,161.892308
9343.41762,5,161.902836
-5656.577655,5,161.910836
374.283875,4,161.917841
-5656.573174,5,161.92684
343.435661,5,161.935283
343.423473,5,161.944305
-5607.581166,4,161.949312
9343.425087,5,161.959625
-5079.851776,3,161.964621
-5656.578159,5,161.983632
883.280222,3,161.998325
-5625.719084,4,162.006339
-5147.580378,4,162.013394
-5656.565718,5,162.021392
-5588.852162,4,162.028425
-5656.573058,5,162.041425
-5656.580885,5,162.051425
343.486249,5,162.059956
343.424623,5,162.068958
-5607.586188,4,162.07596
9920.142527,3,162.080961
9392.420854,4,162.088966
9343.42679,5,162.097687
9901.420426,3,162.105449
-5607.579998,4,162.111449
9374.277809,4,162.119041
-5656.579312,5,162.12804
374.295695,4,162.135633
-20147.575932,4,162.143651
9374.277739,4,162.151653
852.426034,4,162.159814
-20656.564895,5,162.167814
-5588.854127,4,162.173204
343.425264,5,162.180341
9920.147228,3,162.185348
9343.424335,5,162.193349
-5588.850179,4,162.199858
343.449204,5,162.207096
9442.008052,3,162.214433
-5588.852243,4,162.220928
-5539.857675,3,162.226191
343.436856,5,162.234589
-5588.854878,4,162.241651
-5539.85735,3,162.245652
343.430481,5,162.254165
343.426547,5,162.262165
-5607.579321,4,162.269165
-20656.571058,5,162.276174
-5098.584171,3,162.280173
-20656.565017,5,162.288291
-5576.724714,3,162.293289
343.434579,5,162.30382
9343.417562,5,162.31282
392.426195,4,162.322817
-5656.582697,5,162.330816
9901.415245,3,162.336241
343.451666,5,162.34424
-5588.852596,4,162.351241
-5607.581538,4,162.35724
-5557.997541,3,162.362672
343.427114,5,162.37037
9392.41738,4,162.377369
-5607.574526,4,162.383376
-20147.572139,4,162.389881
-5607.576088,4,162.397073
852.423714,4,162.404094
343.447401,5,162.415173
343.433562,5,162.423198
-5656.574376,5,162.434512
-5539.854134,3,162.439512
852.423359,4,162.447086
-20116.721426,3,162.452719
-5147.581836,4,162.4592
9374.270047,4,162.466204
-20656.559039,5,162.473212
-5147.575244,4,162.480211
901.420447,3,162.485221
460.154458,3,162.490219
-5656.580661,5,162.498219
411.154259,4,162.505458
343.431392,5,162.517676
852.436638,4,162.523991
9901.415727,3,162.528991
460.153301,3,162.533991
-20588.846547,4,162.544276
374.28052,4,162.551278
343.435246,5,162.559276
-5116.727575,3,162.56428
-5147.582756,4,162.571806
-5607.585894,4,162.577806
-5656.580722,5,162.585918
9343.418913,5,162.592917
343.489221,5,162.601429
392.432092,4,162.608431
-5656.577382,5,162.616428
9460.14904,3,162.621429
-5098.587384,3,162.62643
-5539.857669,3,162.63143
374.284277,4,162.638428
-20607.566565,4,162.648432
852.435101,4,162.657451
-5607.577545,4,162.664907
-5539.857182,3,162.670421
-5539.858848,3,162.675424
852.436231,4,162.682594
-5098.587793,3,162.687604
343.444361,5,162.695676
-5098.587021,3,162.701209
-5576.72403,3,162.707208
411.177794,4,162.714207
-5607.584169,4,162.721323
411.150655,4,162.727326
-5098.586462,3,162.733325
-5557.99096,3,162.738326
-20147.572668,4,162.745326
-5116.721622,3,162.751536
9901.41301,3,162.75993
-5607.577273,4,162.768064
343.445196,5,162.776579
-5147.576486,4,162.783576
-5098.585427,3,162.788764
411.166481,4,162.795764
-5656.584022,5,162.803826
-5147.585673,4,162.811826
-5557.992929,3,162.816827
-20656.552025,5,162.828827
343.434767,5,162.836827
9920.146273,3,162.841827
392.445295,4,162.846827
-5656.580409,5,162.856831
9343.41041,5,162.868831
343.428722,5,162.877831
343.424344,5,162.886838
9411.141665,4,162.891837
-5539.857512,3,162.895837
-5079.854832,3,162.901352
-5539.858373,3,162.905352
343.432594,5,162.912352
343.466016,5,162.919353
343.444363,5,162.928351
9460.140887,3,162.933348
374.288551,4,162.940351
9852.419543,4,162.951351
9883.27136,3,162.959351
9411.147623,4,162.967351
-20656.568166,5,162.980945
9343.41771,5,162.988959
343.434734,5,163.010297
-5098.587119,3,163.016295
-5656.570449,5,163.025295
-5539.85241,3,163.030295
9374.281486,4,163.037295
-5656.576292,5,163.044295
-5625.721905,4,163.051295
9374.278555,4,163.058405
-5557.997444,3,163.064404
-5656.582282,5,163.073405
-5625.725833,4,163.080405
343.430265,5,163.091408
9460.142906,3,163.096408
-5607.585754,4,163.10341
-5116.723355,3,163.108413
9423.277123,3,163.11341
-5656.58039,5,163.122996
-5576.72148,3,163.129049
343.434945,5,163.137048
852.42887,4,163.143049
-5098.584972,3,163.14846
9460.142568,3,163.153651
-5656.570508,5,163.160651
343.438607,5,163.168659
343.452352,5,163.176659
883.290742,3,163.181659
-5079.858941,3,163.186795
-5116.725186,3,163.195731
343.447904,5,163.204247
-20607.575405,4,163.211248
-5607.582266,4,163.218248
-20079.847632,3,163.223249
343.444608,5,163.233245
-5656.570584,5,163.241245
-5098.582787,3,163.246245
343.423091,5,163.255245
-5116.727072,3,163.260248
-5539.857756,3,163.265248
343.426705,5,163.273252
-5116.724711,3,163.279251
411.163201,4,163.285261
-20625.703967,4,163.292321
392.429044,4,163.299335
920.148771,3,163.308248
392.423677,4,163.315248
9343.413404,5,163.325242
-5116.726073,3,163.330242
-5588.853229,4,163.336395
343.429365,5,163.344395
-5098.58481,3,163.348395
-5116.720776,3,163.354511
-5656.573269,5,163.362932
343.453942,5,163.371584
-5079.859141,3,163.37659
883.282418,3,163.382101
-5116.723069,3,163.387223
392.420708,4,163.393224
852.432588,4,163.399729
-5079.857858,3,163.403861
343.437619,5,163.41486
343.458268,5,163.42286
-5607.582579,4,163.42986
9852.416743,4,163.43686
-5656.573278,5,163.44386
-5557.99626,3,163.450866
411.152556,4,163.45886
-5557.995124,3,163.463863
-5079.853782,3,163.468864
-20625.690819,4,163.474861
343.434255,5,163.483861
-5079.858036,3,163.48836
343.435693,5,163.497794
423.279396,3,163.502315
-5656.579334,5,163.510605
-20625.714871,4,163.51761
-5539.850222,3,163.5252
9343.428021,5,163.533195
9392.414555,4,163.540194
-5607.585627,4,163.547194
-5607.580768,4,163.556196
343.44359,5,163.564193
-5147.580009,4,163.571198
-5098.587376,3,163.576336
-20656.576241,5,163.584335
343.427033,5,163.593338
-5588.85385,4,163.599841
-5147.581709,4,163.605845
9411.153206,4,163.611845
374.280772,4,163.617847
-5557.995035,3,163.621848
-5557.998173,3,163.629846
343.424819,5,163.637881
343.429724,5,163.645965
343.433046,5,163.653964
852.426704,4,163.659965
-5576.724599,3,163.664963
-5588.85252,4,163.670964
-5656.575321,5,163.678967
9392.415558,4,163.685082
-5098.589224,3,163.690081
343.440917,5,163.698644
-5656.581413,5,163.708658
9901.416487,3,163.713656
374.294238,4,163.719656
-5557.992929,3,163.725656
852.446048,4,163.731656
-5539.857081,3,163.736656
-5656.575408,5,163.747656
-5539.856291,3,163.752656
411.155243,4,163.759096
-5576.726801,3,163.764107
9460.142811,3,163.770107
-5098.588974,3,163.775108
343.439592,5,163.783107
9392.414978,4,163.790114
392.422719,4,163.79611
883.297369,3,163.800622
343.496639,5,163.808808
343.426919,5,163.816808
-5116.720732,3,163.821908
343.438462,5,163.830913
-5098.583149,3,163.837556
-5116.723965,3,163.842758
343.47081,5,163.853556
9343.424296,5,163.862496
-5607.586159,4,163.869498
392.423872,4,163.875498
-20656.570776,5,163.883497
392.423129,4,163.889506
343.455027,5,163.898531
9343.418257,5,163.915458
-5656.575958,5,163.926459
-5116.71663,3,163.933506
-5098.585279,3,163.939878
9920.142942,3,163.944878
-5625.72159,4,163.953888
-5607.582999,4,163.965377
374.289035,4,163.971377
343.426547,5,163.980377
-5656.585074,5,163.98838
-5656.579731,5,163.99638
343.441667,5,164.004888
343.431987,5,164.014887
-5656.574364,5,164.022887
-20656.57224,5,164.031887
9883.273321,3,164.036892
374.295172,4,164.043891
-5557.998789,3,164.048891
-5079.858874,3,164.054888
-5098.586201,3,164.060888
9343.417408,5,164.072887
-5098.583025,3,164.077887
852.430322,4,164.083887
-5656.571122,5,164.092891
-5147.577042,4,164.099395
-5539.856107,3,164.104398
-20625.718137,4,164.112024
852.432844,4,164.11803
9442.003745,3,164.123031
-5079.85693,3,164.127652
920.155268,3,164.132696
-5539.856605,3,164.137244
343.440257,5,164.147243
-5588.85149,4,164.155243
-5539.857217,3,164.159353
852.422425,4,164.166367
343.432262,5,164.177577
-5625.7183,4,164.183578
392.440975,4,164.190584
9374.281454,4,164.197585
374.287821,4,164.204101
374.283892,4,164.2111
-5576.724824,3,164.216101
852.431493,4,164.223099
-5147.580622,4,164.230101
-5557.994887,3,164.235101
9852.416604,4,164.241847
-5539.858145,3,164.247849
-20656.547429,5,164.258459
-5098.586251,3,164.263457
-5588.851631,4,164.269865
-5625.7272,4,164.276953
374.281604,4,164.287519
343.479947,5,164.295876
-20656.564147,5,164.304402
343.44231,5,164.312402
343.45023,5,164.321401
-5576.722125,3,164.326401
-20656.569844,5,164.334402
9460.142536,3,164.339401
-5557.99059,3,164.346758
-5625.713095,4,164.353768
9901.42075,3,164.358766
920.153106,3,164.363836
-5576.725184,3,164.375832
343.453057,5,164.382833
9901.414981,3,164.388852
374.285626,4,164.398282
9374.284047,4,164.4058
-5576.727709,3,164.4118
-5607.578409,4,164.4178
343.435888,5,164.426822
9411.147875,4,164.434823
9852.415641,4,164.441821
442.011777,3,164.447822
-5656.568419,5,164.455943
-5625.720377,4,164.461943
-5147.584189,4,164.468944
-20656.573647,5,164.477302
9442.001095,3,164.483299
343.434354,5,164.491462
374.289668,4,164.498556
-5625.717922,4,164.50927
9392.412112,4,164.516267
-5116.728163,3,164.52351
343.435168,5,164.531923
-5656.576814,5,164.540117
9343.414601,5,164.549117
-5557.99781,3,164.554117
9460.145115,3,164.559117
411.176089,4,164.566617
9374.278273,4,164.572912
411.160696,4,164.579613
-5079.855093,3,164.584619
-5557.993,3,164.589622
852.425826,4,164.598627
-5656.5703,5,167.234827
-20588.84569,4,167.241827
883.279926,3,167.246826
920.153232,3,167.254136
852.454477,4,167.260652
343.435637,5,167.268649
343.43202,5,167.275648
-5098.582312,3,167.280648
9901.412739,3,167.285177
-5557.997095,3,167.290192
9343.414119,5,167.297455
-5656.578258,5,167.305112
9442.006315,3,167.310112
-5576.725064,3,167.315114
-5557.995637,3,167.320111
920.152493,3,167.325112
9460.143113,3,167.330111
-20588.845821,4,167.336114
-5079.859026,3,167.340112
-5588.847386,4,167.346115
-5539.85465,3,167.35139
-5098.584744,3,167.356401
-5607.583468,4,167.365401
-5607.581512,4,167.37254
9343.413838,5,167.379612
-5588.853339,4,167.385754
392.423983,4,167.391886
-5539.851708,3,167.396901
-5557.993609,3,167.4019
423.277999,3,167.406412
-5656.574861,5,167.414552
343.440658,5,167.422701
9901.410503,3,167.427705
-20656.570283,5,167.435835
343.46134,5,167.443835
411.153441,4,167.449835
-5098.586104,3,167.454834
-5656.574335,5,167.462199
-5607.579647,4,167.471196
9852.425211,4,167.478195
-5539.857449,3,167.483196
374.286923,4,167.488575
920.151056,3,167.492575
9411.148645,4,167.497575
392.430671,4,167.503278
343.46776,5,167.511571
9423.274193,3,167.516332
343.445012,5,167.524357
852.422326,4,167.530689
-5607.582178,4,167.537199
9343.430691,5,167.545199
-5557.996366,3,167.550199
-5539.854454,3,167.554199
343.435794,5,167.562198
883.286828,3,167.567199
-5539.854193,3,167.572199
343.482472,5,167.583199
-5656.573215,5,167.591202
411.159145,4,167.597553
852.42693,4,167.604078
392.424322,4,167.610078
-5656.575215,5,167.618081
-5607.583254,4,167.624078
343.427309,5,167.632078
-5656.580773,5,167.640078
-5539.853862,3,167.645082
-5656.575261,5,167.65308
852.434506,4,167.659539
-5557.997426,3,167.664536
-5576.729126,3,167.668696
-20656.558358,5,167.675821
-20656.572648,5,167.682818
-5576.725255,3,167.686818
-5576.727342,3,167.694646
-5079.854566,3,167.699646
-5147.582246,4,167.706163
9901.418553,3,167.711163
883.285317,3,167.716162
343.439996,5,167.723162
-5098.586404,3,167.727162
-20656.570136,5,167.735162
-5607.571696,4,167.741163
374.281474,4,167.747163
852.426154,4,167.753164
-5116.725588,3,167.757163
392.42033,4,167.763162
343.439829,5,167.770159
852.434529,4,167.776159
343.430075,5,167.784164
-5656.573955,5,167.792171
374.282715,4,167.802169
-5539.855438,3,167.806685
9442.003058,3,167.811686
920.150354,3,167.816682
-5098.585464,3,167.822682
411.161295,4,167.828682
-5588.856095,4,167.835682
-5116.723389,3,167.840681
-5079.854894,3,167.845682
9920.142521,3,167.851681
-5557.990811,3,167.855681
343.435715,5,167.863682
852.443319,4,167.870682
343.425173,5,167.878682
-5147.580405,4,167.885684
-5656.576117,5,167.893689
-5656.581315,5,167.902002
-5098.586749,3,167.906509
-20625.711487,4,167.915763
-5539.85027,3,167.920081
343.431343,5,167.927148
9343.419272,5,167.934147
-5147.585342,4,167.940147
-5098.583142,3,167.945147
852.434121,4,167.951147
343.47008,5,167.959146
-5576.727651,3,167.964146
-5656.568058,5,167.972147
-5079.856645,3,167.977148
-5557.996596,3,167.981148
9442.005218,3,167.986322
-5098.581186,3,167.991429
-5576.720892,3,167.996427
343.444364,5,168.003936
-5656.583311,5,168.011937
-5147.583205,4,168.017937
-5607.582081,4,168.027296
-5147.581046,4,168.033295
-5607.583626,4,168.039754
-5625.722846,4,168.045755
343.439676,5,168.054754
852.441902,4,168.060753
852.427861,4,168.066754
343.433339,5,168.074754
-5098.586263,3,168.079754
-5539.850743,3,168.083863
-5116.724849,3,168.087885
901.4216,3,168.091885
9901.411518,3,168.095885
-5656.576968,5,168.103235
343.428103,5,168.111235
-20656.547852,5,168.118318
374.282438,4,168.125335
392.426589,4,168.134441
852.430816,4,168.14045
9901.411773,3,168.144449
9343.429544,5,168.152778
-5098.588543,3,168.157778
-5588.85457,4,168.163778
-5607.585238,4,168.169778
852.434523,4,168.176982
9423.27838,3,168.181014
-5607.58206,4,168.187014
9852.419936,4,168.193018
-5656.576788,5,168.200017
9442.004354,3,168.204524
-5079.85295,3,168.208527
9901.413785,3,168.213525
-5656.582272,5,168.221525
9423.270163,3,168.226934
343.441377,5,168.233936
901.431751,3,168.242075
-5588.851488,4,168.248074
-5147.581188,4,168.254106
-5656.580448,5,168.261105
343.443153,5,168.267104
920.148031,3,168.271103
-5607.581468,4,168.276106
-5656.575855,5,168.282104
343.443653,5,168.290294
-5079.857606,3,168.295294
-5588.852841,4,168.301636
-5625.721945,4,168.308152
-5588.85074,4,168.314146
9442.005992,3,168.31815
-5557.998771,3,168.323153
-5656.57964,5,168.331158
343.445269,5,168.339617
-5539.857023,3,168.344617
-5576.724831,3,168.351664
-5607.582783,4,168.357663
-5098.583697,3,168.362664
343.429771,5,168.370664
343.43877,5,168.377664
-5147.579116,4,168.383664
343.450342,5,168.391865
392.421059,4,168.397885
852.430873,4,168.404454
392.426603,4,168.410594
-5656.57834,5,168.419618
9901.414605,3,168.425683
-20607.579698,4,168.432699
-5098.585921,3,168.436699
-5625.724134,4,168.443738
-5079.852245,3,168.454406
-5576.723354,3,168.461406
-5656.579666,5,168.469409
-5607.580307,4,168.475405
-5576.726349,3,168.480407
-5656.578207,5,168.488607
9423.274851,3,168.493948
-5607.581933,4,168.499949
343.444598,5,168.507775
-5576.729,3,168.512774
-5625.72105,4,168.51985
852.431002,4,168.525869
-5656.572401,5,168.533869
-5147.587154,4,168.540869
9374.282781,4,168.547344
343.482659,5,168.556145
-5588.854575,4,168.562145
411.154796,4,168.57115
343.429146,5,168.579145
343.425128,5,168.586145
343.429432,5,168.593149
-5576.724487,3,168.597149
-5098.588891,3,168.601151
-5656.578818,5,168.608663
-5116.71948,3,168.612657
-5098.589436,3,168.616657
343.436142,5,168.624797
852.424565,4,168.631795
920.152516,3,168.636803
9374.27791,4,168.643804
343.430609,5,168.65192
-5625.722268,4,168.660923
343.444884,5,168.66892
-5576.725786,3,168.67392
-5539.85522,3,168.681928
-5116.72203,3,168.687931
852.424705,4,168.694929
343.431111,5,168.70344
-5607.580486,4,168.711448
343.432479,5,168.720446
-5625.720828,4,168.727446
-20656.565207,5,168.734445
343.425292,5,168.742445
411.155787,4,168.749445
-5147.582091,4,168.755445
9343.433597,5,168.763445
392.426054,4,168.769445
920.15432,3,168.774445
343.431834,5,168.782445
-5607.584052,4,168.794452
883.297235,3,168.800452
343.427824,5,168.810966
-20656.564685,5,168.818966
9392.418388,4,168.824966
-5539.859113,3,168.829966
-5116.726033,3,168.834966
-5656.579409,5,168.842967
-5098.589664,3,168.847966
343.430714,5,168.854966
-5607.583262,4,168.860968
-5147.58148,4,168.866168
411.160103,4,168.873179
-5147.583336,4,168.880275
-5625.726384,4,168.886274
374.304187,4,168.892283
-5147.578212,4,168.902281
-5147.585123,4,168.909787
-5656.562696,5,168.917787
374.28006,4,168.924787
9920.143085,3,168.928792
343.432747,5,168.937679
-5539.854058,3,168.943679
-5656.580339,5,168.952186
-5147.58128,4,168.958588
-20656.564673,5,168.967034
-5557.994074,3,168.972035
343.436784,5,168.980035
343.448098,5,168.993039
9423.270847,3,168.998038
9411.14841,4,169.007546
9423.274196,3,169.013546
901.431695,3,169.019546
-5116.722287,3,169.02455
392.428592,4,169.031551
-5588.856386,4,169.03855
343.459052,5,169.04755
343.437979,5,169.05655
9343.420176,5,169.065551
-5576.724344,3,169.07455
-5098.585915,3,169.090397
883.294144,3,169.096398
-5656.57928,5,169.107849
-5147.580001,4,169.114879
-5607.579165,4,169.12445
-5098.586943,3,169.130448
-5607.578954,4,169.137465
343.424675,5,169.148668
-5656.575508,5,169.159671
374.282716,4,169.166771
343.437349,5,169.174901
9901.412531,3,169.1809
852.420583,4,169.1869
-5079.850353,3,169.192903
-5656.57969,5,169.200903
-5656.573204,5,169.209412
-5147.583931,4,169.21541
343.456587,5,169.226443
9374.281911,4,169.234802
343.461277,5,169.243823
-5576.727121,3,169.250819
374.310587,4,169.257235
-5116.72326,3,169.261971
9343.42346,5,169.269555
392.428022,4,169.276627
343.508413,5,169.284779
-5656.573585,5,169.293088
343.433925,5,169.301437
392.422657,4,169.307612
392.42086,4,169.313606
343.432489,5,169.322616
-5079.857373,3,169.326616
-5576.725124,3,169.334983
-5079.85757,3,169.339981
-5539.855821,3,169.344981
-5588.846422,4,169.350984
-5116.724645,3,169.355981
-5607.574303,4,169.361981
920.154311,3,169.365981
-20656.567545,5,169.373981
343.425747,5,169.380981
392.427951,4,169.388089
9343.424911,5,169.395389
-5656.574255,5,169.40241
-5539.854023,3,169.407915
-20656.57024,5,169.415916
-5656.568072,5,169.423401
-5557.997241,3,169.428401
343.427304,5,169.436401
343.445726,5,169.446401
9901.410348,3,169.451404
-5116.725072,3,169.456401
-5098.585906,3,169.461559
-5607.582122,4,169.467657
-5098.583991,3,169.472723
852.4375,4,169.47872
-5557.998021,3,169.48372
852.421997,4,169.489178
-5656.57643,5,169.497342
-5607.580697,4,169.50376
343.431171,5,169.511106
343.422461,5,169.519491
343.441162,5,169.527491
-5079.857893,3,169.531491
9852.414335,4,169.537972
343.446715,5,169.545972
-5625.720839,4,169.554972
374.285878,4,169.559981
-5576.726444,3,169.563981
-5607.582997,4,169.56998
9442.003823,3,169.57498
-5098.584786,3,169.579981
343.438478,5,169.58698
-5079.849948,3,169.591984
-5147.585067,4,169.597984
-5079.856725,3,169.603087
-5607.574994,4,169.608603
-5656.570867,5,169.616598
-20656.571899,5,169.624604
-5607.580291,4,169.630598
-5625.717929,4,169.636598
-20656.572449,5,169.644598
-5607.579025,4,169.650773
343.442947,5,169.658773
852.484038,4,169.666774
392.423023,4,169.673216
343.444536,5,169.681216
9460.140522,3,169.686216
852.430182,4,169.69222
-5588.852596,4,169.699944
-5576.721415,3,169.704897
411.157864,4,169.710901
-5116.72844,3,169.714901
343.432915,5,169.721901
852.432659,4,169.728901
-5539.856469,3,169.732901
-5147.588173,4,169.738901
-5147.577368,4,169.744905
343.432743,5,169.752902
-5079.854402,3,169.756977
9423.27417,3,169.761977
-5539.856116,3,169.766977
343.441166,5,169.779937
-5557.997684,3,169.786968
-5656.578007,5,169.796504
374.310532,4,169.804277
343.4523,5,169.811787
-5147.588288,4,169.818383
883.286365,3,169.832487
-5079.85141,3,169.836788
-5576.724435,3,169.8418
343.451726,5,169.8498
343.430162,5,169.8578
-5607.58237,4,169.8638
-5079.856446,3,169.8688
-5098.58294,3,169.8728
-5588.840621,4,169.8798
9901.412055,3,169.8868
-5098.587403,3,169.891803
-5588.85573,4,169.897803
9411.154207,4,169.904312
-5098.588775,3,169.909452
-5147.575527,4,169.915451
-5147.585627,4,169.921451
883.306032,3,169.926451
-20656.569102,5,169.934452
343.430006,5,169.942268
-5625.723415,4,169.94844
-5588.852661,4,169.954322
852.435296,4,169.96067
-5557.994295,3,169.965669
-5539.852801,3,169.96967
343.429441,5,169.977669
374.287604,4,169.983669
-5607.583527,4,170.106546
-5656.577888,5,170.116068
-5098.585913,3,170.120086
343.438279,5,170.127086
343.439614,5,170.134085
9343.423722,5,170.142085
-5116.720015,3,170.146085
-20607.574906,4,170.153095
9392.416489,4,170.159094
-5576.727794,3,170.164093
343.424998,5,170.171093
-5656.576109,5,170.179328
-5656.574319,5,170.187668
9852.422425,4,170.19367
411.153976,4,170.199262
9411.151399,4,170.205639
343.430143,5,170.215638
343.441015,5,170.222638
852.460441,4,170.227637
343.424028,5,170.235639
-5079.856404,3,170.240636
-5656.57414,5,170.247637
343.428197,5,170.255637
-5607.579867,4,170.261637
-5656.576958,5,170.269637
-5588.844608,4,170.275637
-5656.574144,5,170.282637
-5607.586102,4,170.28964
9460.144551,3,170.29364
-5098.584366,3,170.29864
-5588.852593,4,170.305146
-5539.857093,3,170.309151
9920.147447,3,170.313152
343.441793,5,170.319151
-5079.857041,3,170.327152
-5656.57552,5,170.335152
883.278235,3,170.339644
411.149308,4,170.345645
374.301838,4,170.35205
343.433748,5,170.360098
343.430564,5,170.367098
-5557.998597,3,170.372099
-5656.582645,5,170.379099
343.428008,5,170.387424
411.157961,4,170.392905
9423.271022,3,170.397946
343.474056,5,170.404954
-5557.997806,3,170.410065
9460.143578,3,170.41499
883.27994,3,170.419988
-5607.581439,4,170.425989
343.437864,5,170.435989
343.440917,5,170.443996
-5116.726908,3,170.449396
423.279712,3,170.453498
343.436996,5,170.461501
343.425723,5,170.468597
-5557.992478,3,170.473607
-20116.719105,3,170.478608
-5588.852773,4,170.48461
9411.156506,4,170.490617
-5656.567633,5,170.498617
-5588.847836,4,170.505123
-5576.724087,3,170.509131
-5557.998688,3,170.514128
-5656.576707,5,170.522128
-20147.572296,4,170.52813
-5147.581436,4,170.535132
-5116.722882,3,170.539129
-5656.58188,5,170.550129
343.454386,5,170.55813
343.460992,5,170.565379
-5557.995953,3,170.570379
343.435624,5,170.57751
-5539.853822,3,170.58151
-5539.854268,3,170.58551
-5576.727694,3,170.589514
374.285828,4,170.594518
-5625.723794,4,170.599518
-20147.574604,4,170.606226
-5588.849573,4,170.612607
-5656.574993,5,170.619617
-5098.587977,3,170.625084
392.421589,4,170.630523
-5588.843973,4,170.63695
-5625.717453,4,170.643948
9920.14638,3,170.647948
852.424443,4,170.656947
-5576.724902,3,170.661947
-5656.576523,5,170.66942
-5607.579335,4,170.674432
-5656.570832,5,170.680429
343.4331,5,170.687431
9392.420884,4,170.693433
9883.272514,3,170.698432
-5557.99648,3,170.703683
852.423669,4,170.70919
-20588.839772,4,170.71519
-5607.578792,4,173.016304
-5588.848775,4,173.022444
-5098.584783,3,173.027444
-5656.584047,5,173.035444
-5098.588685,3,173.039614
9343.420072,5,173.046614
9920.143263,3,173.049614
-5656.576766,5,173.057721
343.43735,5,173.065718
-5588.856224,4,173.074757
343.444562,5,173.082752
9901.411831,3,173.087751
9343.432971,5,173.095753
343.433986,5,173.103881
901.421784,3,173.107914
-5576.72566,3,173.112907
392.429189,4,173.119907
374.286531,4,173.125909
-5116.726665,3,173.130907
-20607.576767,4,173.136907
-20147.570061,4,173.142909
411.180947,4,173.149907
343.430375,5,173.157377
-5576.724771,3,173.162781
-5588.842563,4,173.168497
-5116.725267,3,173.172509
852.425064,4,173.17751
883.280319,3,173.18551
-5576.722175,3,173.191519
9411.143793,4,173.198516
9442.002872,3,173.203513
343.426702,5,173.212022
-5098.589111,3,173.216021
-5079.853207,3,173.221665
-5539.855161,3,173.225679
343.465084,5,173.233679
-5557.994791,3,173.237687
392.428245,4,173.244687
9883.275482,3,173.249687
-5576.724087,3,173.253688
-5656.576214,5,173.261792
-5147.582945,4,173.267793
343.434481,5,173.276838
9343.43975,5,173.283837
-5147.582154,4,173.288837
-5656.574615,5,173.299843
-5079.857361,3,173.304843
-5079.855456,3,173.309917
-20625.711085,4,173.314917
392.431694,4,173.320916
343.430931,5,173.32892
-5576.724896,3,173.33292
-5098.584697,3,173.33792
-5656.579334,5,173.34592
374.285198,4,173.35192
-5656.576727,5,173.358919
-5539.855835,3,173.362919
-5656.574626,5,173.368918
-5576.72156,3,173.373917
-5098.582651,3,173.378917
852.425105,4,173.384917
9852.41971,4,173.390073
411.158111,4,173.397076
-5098.588106,3,173.404076
9411.14748,4,173.410583
9920.14213,3,173.414583
9920.14268,3,173.419587
343.431956,5,173.42659
9423.271225,3,173.431138
-5656.575071,5,173.439038
-5539.854921,3,173.444038
852.4268,4,173.450038
-5079.858647,3,173.455038
-5656.578809,5,173.463038
-5656.569259,5,173.471038
343.445615,5,173.479038
-5576.725163,3,173.484038
-5588.850107,4,173.490037
460.154506,3,173.495043
-5656.576894,5,173.503043
-5656.576145,5,173.510552
852.43505,4,173.519552
9343.431614,5,173.527552
9460.145725,3,173.531552
343.425385,5,173.538553
-5656.567355,5,173.546553
-5656.581853,5,173.554552
-5098.587486,3,173.559552
-5079.853561,3,173.563553
9343.425997,5,173.571552
-5539.858623,3,173.576556
9901.411181,3,173.581552
-5116.72725,3,173.585552
9920.142468,3,173.590554
-5079.851262,3,173.594754
-5557.995967,3,173.599754
-5656.580286,5,173.60771
-5539.857114,3,173.612842
-5607.579937,4,173.619287
-5656.580379,5,173.63029
-5557.995726,3,173.635289
343.4387,5,173.64229
-5098.581421,3,173.64729
9460.14346,3,173.65229
343.426072,5,173.659289
343.432681,5,173.665289
-20656.572337,5,173.67229
852.427395,4,173.678289
-5656.583703,5,173.687289
852.437193,4,173.693297
-20656.557146,5,173.701297
-5116.721418,3,173.705296
-5539.856708,3,173.709811
852.438072,4,173.71481
392.428941,4,173.721807
-5588.852793,4,173.727807
9343.426684,5,173.738808
343.426379,5,173.746808
-5576.724902,3,173.75281
343.436205,5,173.761812
-5539.856818,3,173.766811
9343.422928,5,173.77381
-5576.723843,3,173.777811
-5098.589312,3,173.781811
-5116.726562,3,173.786811
460.155364,3,173.790811
852.423987,4,173.798031
9392.416191,4,173.804044
-5557.995472,3,173.808559
-5539.856618,3,173.814556
-20588.843533,4,173.819562
-5607.583658,4,173.825564
411.155353,4,173.832562
9883.274929,3,173.836562
392.424085,4,173.846562
852.420541,4,173.852563
-5147.583198,4,173.858564
-5576.722598,3,173.863561
-5656.582142,5,173.871561
852.434506,4,173.877563
-5539.853685,3,173.881562
343.435257,5,173.889571
9442.00306,3,173.893077
-5098.585734,3,173.905123
-5079.855115,3,173.9098
-5098.589252,3,173.914799
9343.423932,5,173.92291
-5656.578763,5,173.929908
374.329091,4,173.93691
343.422385,5,173.944262
343.441988,5,173.952262
9920.145614,3,173.959651
-5588.854834,4,173.965651
-5656.574501,5,173.97384
9392.418366,4,173.97984
9392.415864,4,173.985842
-5607.582083,4,173.992847
-20625.716478,4,173.998847
9374.278928,4,174.005006
-5656.584918,5,174.012514
-5539.856375,3,174.017516
-5539.858715,3,174.021513
852.425294,4,174.028513
374.284158,4,174.034513
-5607.580123,4,174.040513
343.430034,5,174.048513
343.434348,5,174.056513
9343.420669,5,174.067513
9343.423415,5,174.073514
9343.417647,5,174.080807
343.430821,5,174.088806
-5607.580848,4,174.094814
-5079.856257,3,174.099814
-5147.577556,4,174.105814
343.429432,5,174.114329
-5576.725718,3,174.118717
-5607.583133,4,174.12485
343.446247,5,174.13286
883.289237,3,174.13786
-5116.727337,3,174.14286
343.448714,5,174.15086
-5539.856354,3,174.155859
343.440768,5,174.163222
343.451361,5,174.171221
343.433327,5,174.182221
9343.422558,5,174.189221
-5079.855553,3,174.194226
-5607.582635,4,174.201226
343.435342,5,174.208741
-5656.578191,5,174.216739
343.46286,5,174.223856
392.424274,4,174.230856
852.435672,4,174.237175
-5625.720423,4,174.243214
-20656.557417,5,174.250214
9392.417565,4,174.256441
9343.419361,5,174.264441
411.151525,4,174.269747
343.431967,5,174.276747
-5147.58332,4,174.281746
-5079.856363,3,174.289747
-5147.583968,4,174.295755
-5588.848702,4,174.303004
343.446184,5,174.310531
411.158782,4,174.31665
-5147.5778,4,174.322775
-5656.582244,5,174.330778
-5656.583661,5,174.338924
374.281793,4,174.345211
-5116.721722,3,174.349305
374.285797,4,174.356481
343.43807,5,174.36348
-5116.725596,3,174.367481
9374.27273,4,174.374481
-5607.577732,4,174.379481
343.439813,5,174.387483
-5098.587486,3,174.395536
343.431253,5,174.402605
9343.42608,5,174.41111
-5625.727102,4,174.41711
-5098.588815,3,174.42211
392.434228,4,174.42811
-5098.582933,3,174.43311
-20656.564673,5,174.441112
852.428475,4,174.447121
343.481158,5,174.454505
343.428984,5,174.462505
343.468228,5,174.470505
343.434781,5,174.478505
343.444449,5,174.486505
-5588.848747,4,174.492508
343.427775,5,174.500508
9852.421332,4,174.509016
343.437498,5,174.517015
-5588.850626,4,174.523015
343.444884,5,174.531015
-20147.570514,4,174.537016
-5116.72131,3,174.542016
-5147.579909,4,174.548016
343.432788,5,174.556015
343.426699,5,174.564015
-5607.581768,4,174.570015
343.436628,5,174.578016
-5607.583568,4,174.584016
-20147.556007,4,174.591015
-5576.719305,3,174.595019
852.440352,4,174.602021
9343.415729,5,174.609524
442.008427,3,174.617526
9343.423575,5,174.624524
9343.423676,5,174.632524
-20656.571594,5,174.639524
-5625.725162,4,174.644524
9442.001815,3,174.649525
411.165529,4,174.655542
-5576.719708,3,174.660542
-5539.85656,3,174.665543
852.445056,4,174.671543
-20607.577625,4,174.677543
9460.140311,3,174.682543
-5607.577011,4,174.688543
883.279697,3,174.693546
343.454356,5,174.700546
852.422926,4,174.70705
343.451218,5,174.714054
-5588.850738,4,174.719054
411.159656,4,174.724054
9392.421762,4,174.733058
-5116.728169,3,174.738058
852.437805,4,174.745058
-5147.581422,4,174.751058
-5588.852795,4,174.758056
9901.41325,3,174.762055
-5625.723753,4,174.768054
9343.425861,5,174.776055
9901.413561,3,174.781054
-5625.722389,4,174.787054
852.425409,4,174.793192
-5098.584508,3,174.798191
-5147.582593,4,174.804199
-5607.586476,4,174.810542
-5098.587313,3,174.815543
9423.2723,3,174.819542
-5098.584026,3,174.824677
-5557.990257,3,174.829689
-5079.858296,3,174.837852
-20656.576937,5,174.84585
883.280993,3,174.850851
-20607.275911,4,174.857252
-5116.726261,3,174.861688
-5656.569589,5,174.869685
-5576.726067,3,174.872684
-5116.723619,3,174.876869
343.429666,5,174.884886
9460.140485,3,174.889883
-5607.578164,4,174.895887
-20147.557295,4,174.902887
-5079.856405,3,174.907391
9883.273567,3,174.912396
9901.410773,3,174.916396
-5147.584043,4,174.92282
-5079.856869,3,174.92682
-5147.580133,4,174.93282
411.156805,4,174.938178
9460.141315,3,174.942178
-5656.580825,5,174.952582
-5656.575635,5,174.960584
9343.413677,5,174.968582
9374.277181,4,174.974586
343.42855,5,174.981582
920.147916,3,174.986003
9901.411482,3,174.989003
-20656.566897,5,174.997009
-5588.852531,4,175.003155
-5588.851118,4,175.009665
920.160286,3,175.014666
343.433082,5,175.022821
-5116.726135,3,175.026821
-5116.726502,3,175.031821
-5607.58058,4,175.037938
-5147.587941,4,175.043953
-5588.857368,4,175.049953
343.438666,5,175.061341
-5079.856108,3,175.065341
852.476069,4,175.072405
343.43381,5,175.079408
-5656.572203,5,175.087405
9852.413287,4,175.093409
9901.412703,3,175.098409
-5539.858304,3,175.102498
852.424537,4,175.108718
9423.279002,3,175.113715
343.458673,5,175.121819
-5557.994897,3,175.126819
852.428386,4,175.132819
9442.004236,3,175.136819
374.298153,4,175.143819
-5079.852045,3,175.147923
-5098.586049,3,175.152922
343.43956,5,175.163922
-5557.992016,3,175.168922
-20116.719105,3,175.173922
-5557.99627,3,175.177923
883.279049,3,175.182921
-5557.994159,3,175.187921
444.0,3,175.191921
-5098.58693,3,175.196924
-5625.718364,4,175.202924
-20557.990243,3,175.208196
-5656.576751,5,175.216243
-5079.854514,3,175.220243
9423.272717,3,175.225244
9901.4139,3,175.230242
9374.285317,4,175.236243
-5656.569495,5,175.244243
-5607.581925,4,175.250243
343.430975,5,175.257243
-5116.727911,3,175.262243
-5557.998003,3,175.267244
-5625.726556,4,175.275356
392.421394,4,175.281355
-5557.992921,3,175.286515
343.438905,5,175.293883
343.446003,5,175.301402
-5607.584947,4,175.307581
374.28498,4,175.312584
-5656.565047,5,175.320585
9460.142396,3,175.325586
9392.416001,4,175.331585
-5116.721607,3,175.335832
-5656.576598,5,175.342845
-5656.580755,5,175.348845
411.150364,4,175.354845
-5098.588277,3,175.358844
411.155195,4,175.365847
-5588.85038,4,175.371966
-5656.573283,5,175.378966
-20656.556069,5,175.389966
374.283808,4,175.395972
343.449635,5,175.403397
-5656.574771,5,175.410917
-5147.577795,4,175.416091
-5656.583822,5,175.42431
-5588.84893,4,175.429604
343.429738,5,175.43663
9852.424949,4,175.44263
9883.275008,3,175.446774
411.150819,4,175.451775
9883.282946,3,175.455811
-5098.585672,3,175.46081
9883.277618,3,175.465809
460.148524,3,175.470811
-5607.583344,4,175.476811
-5656.574042,5,175.484811
343.43301,5,175.49594
-5147.578277,4,175.502083
343.437767,5,175.509599
343.430076,5,175.517599
343.445323,5,175.524608
-5557.996575,3,175.527607
-5098.588988,3,175.531607
-5557.99638,3,175.535761
-5656.575426,5,175.543917
852.423886,4,175.549917
-5079.856,3,175.554288
343.470076,5,175.562289
343.432531,5,175.570289
9411.14309,4,175.576289
9343.424863,5,175.584458
343.429198,5,175.590468
-5147.580355,4,175.595473
9901.41222,3,175.602475
-5607.581396,4,175.608991
852.429398,4,175.615442
9460.148873,3,175.620588
411.149925,4,175.626588
343.433111,5,175.633587
-20656.574965,5,175.639588
-5588.85185,4,175.644588
343.431188,5,175.651587
343.424586,5,175.657707
-5625.721916,4,175.662883
343.456437,5,175.671027
343.431156,5,175.679357
-20656.560028,5,175.686357
-5147.578806,4,175.693362
343.436184,5,175.701362
343.435592,5,175.712435
-20625.702098,4,175.718754
343.431448,5,175.724757
9920.14358,3,175.729049
-5576.727656,3,175.733049
343.440442,5,175.741053
-5576.723388,3,175.746049
343.439107,5,175.754049
-5116.723712,3,175.759049
-5607.585394,4,175.765049
343.429004,5,175.772049
-5539.857782,3,175.776049
-20656.552685,5,175.784051
-5079.856794,3,175.789053
-5098.580572,3,175.793055
411.150262,4,175.800055
392.423674,4,175.806213
343.428115,5,175.813732
374.295793,4,175.82287
-5079.859132,3,175.82687
343.460363,5,175.83287
343.445073,5,175.839874
343.43693,5,175.847874
852.427203,4,175.853879
-5147.582713,4,175.860884
-5557.994506,3,175.865879
-5147.584938,4,175.871878
-5079.857107,3,175.876878
343.431938,5,175.884878
343.432469,5,175.891878
9343.422352,5,175.899881
343.431339,5,175.907384
343.43839,5,175.915388
-5116.722062,3,175.919388
343.430976,5,175.925388
9901.413954,3,175.932388
-5147.577994,4,175.939388
-5576.725794,3,175.944388
-5625.723595,4,175.950388
374.280644,4,175.956388
-5098.583315,3,175.961388
374.299765,4,175.967388
392.426082,4,175.974388
-5147.583067,4,175.97939
411.151525,4,175.98579
-5079.85204,3,175.989789
392.426676,4,175.996793
-5147.588905,4,176.002793
-5607.580404,4,176.0083
-5098.583956,3,176.013499
343.431532,5,176.021499
-5116.720244,3,176.026499
-5557.993781,3,176.029498
9901.416187,3,176.033498
9343.427103,5,176.044498
852.43271,4,176.050498
-5656.569882,5,176.058911
-5557.997121,3,176.063911
9343.418883,5,176.071913
343.449352,5,176.07891
343.448548,5,176.08691
9392.417638,4,176.092915
-5079.854352,3,176.097915
343.443803,5,176.105915
343.444622,5,176.113422
343.431879,5,176.121424
-5656.58114,5,176.129423
-5539.85654,3,176.133423
343.436371,5,176.140483
-5625.721433,4,176.145483
9392.416557,4,176.153485
-5656.577287,5,176.161482
-5147.583592,4,176.167483
-5147.586117,4,176.172482
-5607.583114,4,176.178481
-5607.584179,4,176.183741
343.429387,5,176.191835
-5539.855691,3,176.195839
392.422648,4,176.202327
9901.41679,3,176.207327
852.428095,4,176.213536
343.431265,5,176.221535
-5607.586826,4,176.227535
-5656.579705,5,176.235537
852.430431,4,176.241541
-5656.575062,5,178.54339
-20625.714633,4,178.548394
-5557.988275,3,178.552393
-20656.553,5,178.559391
-5656.570981,5,178.56639
343.44058,5,178.573879
-5625.722004,4,178.583379
-5656.577942,5,178.5898
9343.425799,5,178.596805
374.284277,4,178.603806
9392.419621,4,178.609319
343.446022,5,178.61751
-20625.718932,4,178.623507
392.441893,4,178.629507
-5539.858433,3,178.633507
343.457036,5,178.641931
343.446803,5,178.64993
9883.274636,3,178.653941
9343.419144,5,178.661947
343.443611,5,178.669947
343.44103,5,178.677947
343.425694,5,178.684948
343.43452,5,178.696068
-5607.581284,4,178.703187
-5625.721245,4,178.708699
-5656.573039,5,178.716704
9343.411633,5,178.724827
-5576.726954,3,178.729823
343.439605,5,178.73692
343.429881,5,178.742953
-20098.575233,3,178.746953
-5656.577504,5,178.753955
-5656.576935,5,178.761953
852.42382,4,178.767956
-5116.723128,3,178.771953
343.428655,5,178.779954
-5147.580279,4,178.786502
-5576.72573,3,178.790502
-5607.579827,4,178.795505
-5656.579147,5,178.80501
343.442106,5,178.812525
-5557.998061,3,178.817529
-5588.851266,4,178.824527
-5098.587155,3,178.828533
9442.005093,3,178.833535
901.422862,3,178.83892
343.439017,5,178.84592
-5588.85638,4,178.85309
-5539.854894,3,178.858089
-5625.719835,4,178.864091
-20607.578204,4,178.870089
343.436976,5,178.878088
-20656.571645,5,178.884091
343.432111,5,178.891091
343.429158,5,178.898093
343.436165,5,178.905092
-5607.586386,4,178.914605
-5079.855452,3,178.919606
-5607.583173,4,178.925605
-5557.994654,3,178.929606
-5147.581695,4,178.935607
343.427105,5,178.943606
9392.419087,4,178.949604
411.160323,4,178.956604
9852.416022,4,178.962604
343.450306,5,178.970606
374.305459,4,178.976716
343.428334,5,178.984805
343.457781,5,178.991865
-20656.566106,5,178.999866
-5656.569448,5,179.005866
-5576.723832,3,179.010373
9901.41195,3,179.015373
-5116.723339,3,179.020372
392.434546,4,179.028373
-5656.570964,5,179.036373
9343.43026,5,179.044373
-5557.993154,3,179.049373
-5588.84781,4,179.055373
374.288525,4,179.061373
-5588.851508,4,179.068373
343.42921,5,179.075373
-5576.725432,3,179.080373
-5656.582618,5,179.087373
392.423122,4,179.092373
9343.427853,5,179.100376
343.457433,5,179.107375
9460.141602,3,179.112883
374.282272,4,179.118884
9883.273603,3,179.123883
343.427145,5,179.134883
-5098.586557,3,179.139883
9460.144563,3,179.143883
343.451987,5,179.151885
-5116.72669,3,179.155884
-5656.576804,5,179.163885
343.438497,5,179.171884
-5607.581112,4,179.177884
-5588.85622,4,179.185094
-5625.716495,4,179.190406
9901.414237,3,179.19541
343.457377,5,179.20241
-5539.857693,3,179.207409
-5147.588455,4,179.213916
852.420118,4,179.219917
343.426072,5,179.227916
-5539.853156,3,179.231917
-5147.587317,4,179.238916
392.420385,4,179.24692
-5098.586923,3,179.251921
-5607.580443,4,179.257921
-5588.857049,4,179.26492
343.436287,5,179.27192
-5607.580204,4,179.277917
-5079.85625,3,179.281917
343.446617,5,179.289078
343.432622,5,179.29718
411.160839,4,179.30318
-5116.723788,3,179.30818
-5656.577147,5,179.315687
-5539.856697,3,179.320687
-20656.55172,5,179.328713
-5147.586886,4,179.334713
-5539.853291,3,179.3394
-5098.589186,3,179.3444
-5116.725404,3,179.348399
9883.274347,3,179.355925
852.436697,4,179.367947
9901.413411,3,179.372945
9901.415469,3,179.376945
374.293405,4,179.383948
-5557.994308,3,179.387945
-20147.57749,4,179.394948
-5098.586793,3,179.398949
-5116.727074,3,179.403948
-5147.576004,4,179.407948
-5588.852491,4,179.414455
9374.288094,4,179.420454
9920.144638,3,179.425454
392.430856,4,179.431454
9920.14494,3,179.436562
-5576.728401,3,179.441567
852.427456,4,179.447562
-5588.847933,4,179.454005
-20625.716758,4,179.460005
9852.414251,4,179.469096
-5607.582496,4,179.476106
-5588.847034,4,179.482206
343.426451,5,179.490204
-5588.852353,4,179.496209
-5147.57594,4,179.502208
-5557.994515,3,179.507207
9920.148673,3,179.511716
-5147.585629,4,179.516714
-5147.579812,4,179.522716
-20625.718921,4,179.528716
9392.41812,4,179.533715
343.430674,5,179.541162
-5625.717577,4,179.547157
852.42477,4,179.553298
-5539.855841,3,179.558299
901.424029,3,179.562298
343.433485,5,179.570399
9343.421341,5,179.581567
-5656.57435,5,179.588574
-5588.850278,4,179.594834
392.429994,4,179.60094
852.434198,4,179.607952
-5576.720751,3,179.612459
343.434869,5,179.61946
-5625.718803,4,179.62646
-5079.856419,3,179.63046
9411.141591,4,179.63646
-5656.574931,5,179.64346
-5147.5805,4,179.649461
-20147.576794,4,179.655461
9392.418453,4,179.661461
-5656.579789,5,179.669461
-5557.990354,3,179.674463
-5576.725064,3,179.678461
343.43408,5,179.689461
343.441965,5,179.697467
-5588.844854,4,179.703836
-5656.566154,5,179.710341
-5557.993515,3,179.714346
-5625.720032,4,179.72046
-5576.724151,3,179.724461
-5588.852607,4,179.73146
-5079.852184,3,179.735586
343.431845,5,179.742365
343.45214,5,179.749409
343.443745,5,179.755866
-5607.580064,4,179.76124
-5607.579533,4,179.766842
9460.145012,3,179.770841
-5656.573656,5,179.778841
883.296992,3,179.783841
852.421449,4,179.789841
392.425535,4,179.799149
9460.142497,3,179.804149
-5079.856341,3,179.808153
411.158679,4,179.814662
343.427308,5,179.820664
-20656.565811,5,179.828662
-5576.725644,3,179.832662
-5147.582882,4,179.839662
343.44111,5,179.847662
-5079.857772,3,179.852662
-5588.84601,4,179.859661
-5607.578474,4,179.865661
9852.419597,4,179.871661
374.280965,4,179.877661
343.443689,5,179.885661
-5098.589051,3,179.889661
-5588.853896,4,179.894661
-5557.993552,3,179.898665
374.286484,4,179.903666
-5098.586557,3,179.911883
392.432935,4,179.918228
-20655.237433,5,179.92579
852.434225,4,179.93179
9411.145951,4,179.938923
-5656.574819,5,179.945921
-5539.854454,3,179.951228
883.281184,3,179.955385
-5656.581302,5,179.963382
343.450137,5,179.971272
-5656.575766,5,179.979105
9901.415262,3,179.983515
-5656.576124,5,179.990304
374.293956,4,179.995312
-5098.587483,3,180.00045
9852.418351,4,180.006563
9901.411134,3,180.011075
-5656.575628,5,180.02167
852.428506,4,180.02767
374.431284,4,180.03367
9901.411862,3,180.03867
-5656.585565,5,180.045671
852.429252,4,180.051672
9460.143463,3,180.055671
411.151345,4,180.061671
-5607.587337,4,180.068669
423.279876,3,180.072671
-5656.575066,5,180.08067
-20116.720111,3,180.08567
343.431576,5,180.092669
343.450184,5,180.098673
-20656.568758,5,180.105673
920.154732,3,180.110176
-5656.57834,5,180.118181
852.427447,4,180.127184
-5098.587399,3,180.132184
-5588.853428,4,180.13818
-5656.577127,5,180.14618
460.14859,3,180.15118
-5147.577832,4,180.15718
343.432812,5,180.16518
9343.415317,5,180.17218
-5607.579535,4,180.17818
9901.414635,3,180.18318
343.438579,5,180.19018
343.458212,5,180.198183
-5607.581399,4,180.204184
-5576.721518,3,180.208184
852.430716,4,180.21469
852.420023,4,180.220309
9852.413131,4,180.226579
-5557.999024,3,180.231584
374.28531,4,180.240591
-5607.582908,4,180.246991
343.437717,5,180.254029
-5147.581335,4,180.259029
-5079.857623,3,180.263029
852.44139,4,180.269028
-5079.858266,3,180.274028
-5079.856757,3,180.279028
852.42938,4,180.285028
-5588.85369,4,180.291029
9392.414048,4,180.298032
-5607.580691,4,180.304032
-5656.581342,5,180.31154
883.279273,3,180.31654
-5098.583412,3,180.320309
-5098.579973,3,180.325307
343.46111,5,180.333307
343.426776,5,180.34043
9343.4242,5,180.351771
883.296414,3,180.35678
-5588.852515,4,180.36278
343.43762,5,180.371222
-5098.589004,3,180.375232
374.280809,4,180.38123
442.009542,3,180.386359
-5656.58091,5,180.393359
343.465336,5,180.401363
-5588.85753,4,180.407377
-5576.723088,3,180.411891
343.429575,5,180.418891
343.428668,5,180.427891
-5098.588279,3,180.43189
-5147.581573,4,180.43889
-5147.584736,4,180.44489
9901.411033,3,180.44889
-5588.849877,4,180.45889
-20656.56586,5,180.46589
-5656.580043,5,180.47389
-20656.559687,5,180.48189
9392.419307,4,180.487894
-5656.572212,5,180.495902
9343.416458,5,180.503898
-5116.72346,3,180.508898
343.424081,5,180.516406
-5625.726361,4,180.52264
9343.417821,5,180.53064
343.435279,5,180.537649
-5079.858771,3,180.542649
-20607.576785,4,180.548652
-5625.720423,4,180.555649
9852.420966,4,180.561649
-5625.722547,4,180.570649
-5098.586555,3,180.57565
374.297034,4,180.581648
9901.41406,3,180.585649
-5607.58553,4,180.592649
-5656.574362,5,180.598652
343.42544,5,180.606652
883.287811,3,180.611298
-5656.575233,5,180.619437
-20656.557448,5,180.627438
343.442697,5,180.634551
-5147.576166,4,180.639561
-5656.581767,5,180.646561
9411.14514,4,180.652662
9442.00514,3,180.656662
411.154948,4,180.661662
883.280841,3,180.665662
-20656.554204,5,180.676688
-20656.575491,5,180.684823
-5147.582386,4,180.690832
-5607.581667,4,180.696835
-5607.581562,4,180.702835
343.428894,5,180.711343
901.424829,3,180.716343
852.445497,4,180.721841
-5539.85701,3,180.733876
-5539.85716,3,180.738876
-5079.853351,3,180.743876
-5588.848205,4,180.749876
-5576.726451,3,180.754876
374.29012,4,180.760875
-5656.577294,5,180.767878
9411.145965,4,180.774876
-5079.855065,3,180.778876
-5588.85784,4,180.787878
343.446591,5,180.795879
-5116.726953,3,180.800881
-5656.577757,5,180.808879
374.283568,4,180.814386
343.430446,5,180.822386
-5147.58443,4,180.829389
-5557.995571,3,180.834832
9343.418217,5,180.842893
343.442475,5,180.852892
411.155471,4,180.86159
852.429194,4,180.868589
-5557.994329,3,180.873588
-5576.725337,3,180.877588
374.285239,4,180.884588
-20147.570488,4,180.890588
411.150763,4,180.900218
-5607.581062,4,180.9071
343.430591,5,180.9151
-5147.583939,4,180.9211
-20147.571036,4,180.9281
-5147.57772,4,180.9341
-5576.724151,3,180.938231
-5147.573841,4,180.944988
852.421517,4,180.95109
-5656.582444,5,180.9591
343.437148,5,180.9661
901.419918,3,180.9711
9411.14907,4,180.976788
-5656.57417,5,180.983664
-5588.853949,4,180.988882
392.424351,4,180.995884
-5557.998749,3,180.999885
411.165133,4,181.008885
-5557.998297,3,181.012392
852.432462,4,181.017392
-5098.585427,3,181.022391
883.284259,3,181.027392
411.156672,4,181.033392
-5079.855534,3,181.038391
343.438347,5,181.045392
-20656.57556,5,181.052513
-5576.726706,3,181.056513
9460.140688,3,181.061513
-5539.853766,3,181.066513
-20655.590271,5,181.073513
-20656.559818,5,181.081513
-5147.575401,4,181.086513
9883.273115,3,181.090513
411.159054,4,181.096516
-5116.723643,3,181.101516
-5656.579409,5,181.108516
852.436681,4,181.118023
-5147.585694,4,181.125025
9460.140911,3,181.129234
343.43211,5,181.136996
-5656.569674,5,181.144996
-20656.557359,5,181.152997
9901.411077,3,181.156996
-5656.57629,5,181.164996
920.149013,3,181.168996
9852.414478,4,181.173996
-5079.853812,3,181.177996
-5656.577964,5,181.184609
-5656.56593,5,181.191762
-5607.585049,4,181.197765
343.428894,5,181.205765
-5116.723584,3,181.209765
9920.145696,3,181.215272
343.435534,5,181.222272
343.427956,5,181.233272
-5079.854871,3,181.238272
-5607.581312,4,181.245276
-5607.582773,4,181.251276
-5098.58279,3,181.256276
-20656.548643,5,181.264275
-5656.578016,5,181.271276
343.44455,5,181.279276
901.4317,3,181.284276
9392.419416,4,181.290273
343.446156,5,181.298277
-5557.998824,3,181.302612
343.431262,5,181.309731
-5656.579699,5,181.31624
9343.41561,5,181.324362
343.429322,5,181.332028
9343.434104,5,181.342539
852.421805,4,181.348539
-5625.721897,4,181.35554
-20147.574291,4,181.361539
-5539.853496,3,181.366539
-5079.858961,3,181.370539
9343.431304,5,181.37854
423.28173,3,181.38254
-5557.993568,3,181.386539
-5656.576133,5,181.393539
-5557.99789,3,181.398547
-20557.992096,3,181.403263
343.434412,5,181.411765
-5116.726208,3,181.416769
-5098.586542,3,181.420769
-5607.581689,4,181.42677
-5576.726078,3,181.43077
-5656.580429,5,181.436954
852.420569,4,181.444954
343.438644,5,181.453329
-5656.576251,5,181.462329
-5576.726752,3,181.46745
-5607.578507,4,181.475857
9392.418057,4,181.482872
-5656.582431,5,181.490411
-5539.857367,3,181.495415
9411.168084,4,181.50242
343.432778,5,181.511419
343.454167,5,181.518927
-5079.851725,3,181.523927
343.458932,5,181.531927
-5539.852681,3,181.536927
343.482907,5,181.544927
9343.420461,5,181.55493
852.43259,4,181.561981
852.42261,4,181.567984
343.428198,5,181.575294
343.437946,5,181.583294
343.431034,5,181.590116
392.436956,4,181.59712
-5079.854046,3,181.60147
852.42314,4,181.607483
343.44085,5,181.612993
374.29433,4,181.618993
-5098.58406,3,181.622993
9343.416101,5,181.628993
343.436157,5,181.635993
852.425051,4,181.642993
9423.274746,3,181.646992
901.421115,3,181.651993
-5656.574248,5,181.659992
-5098.586674,3,181.666996
374.2878,4,181.672992
-5656.572552,5,181.678993
-5656.583297,5,181.68626
392.420901,4,181.69326
343.428737,5,181.70024
-5607.583768,4,181.706275
920.154976,3,181.711779
-5098.583797,3,181.715852
343.426819,5,181.721853
-5116.724924,3,181.725853
9374.274606,4,181.73124
-5656.581596,5,181.738697
-5098.584742,3,181.743697
-5656.578436,5,181.751697
-5607.582714,4,184.04973
411.15796,4,184.055965
-5098.581102,3,184.060964
-5116.720174,3,184.066078
-5588.85094,4,184.071466
-5607.588527,4,184.080641
9411.164183,4,184.087279
852.515246,4,184.09362
901.420822,3,184.097631
343.443456,5,184.105026
901.435114,3,184.110223
9343.413886,5,184.117734
9920.144753,3,184.122732
-20116.713488,3,184.127732
9852.419156,4,184.133734
343.45392,5,184.141732
343.436353,5,184.149735
-5607.584534,4,184.155732
-5098.588121,3,184.160732
-5588.852174,4,184.166734
343.428704,5,184.174748
-5656.574456,5,184.181746
9343.417716,5,184.192775
920.154165,3,184.197775
9343.412805,5,184.205778
374.299642,4,184.211778
374.2909,4,184.218284
9852.417631,4,184.224284
920.152681,3,184.229284
-5607.582655,4,184.235284
-5576.724224,3,184.240283
343.430591,5,184.248283
-5625.722416,4,184.254285
-5557.998126,3,184.258669
9920.145852,3,184.263678
-5588.849029,4,184.269679
-5656.577402,5,184.277678
-5147.587926,4,184.283861
-20625.680539,4,184.28887
-20656.576836,5,184.29587
-5098.584403,3,184.302875
9883.274259,3,184.307874
343.428943,5,184.31502
-5656.581676,5,184.32202
9852.418544,4,184.32802
-5656.571315,5,184.335753
-5079.858568,3,184.339753
9852.411694,4,184.344756
852.422699,4,184.351753
343.448709,5,184.358755
-5079.855435,3,184.36363
-5656.576959,5,184.371652
-20147.564218,4,184.37765
-5147.5779,4,184.383654
343.442315,5,184.391657
-20656.547822,5,184.399655
-5079.853236,3,184.403653
343.441749,5,184.415161
9343.412279,5,184.42216
343.428999,5,184.430161
883.279712,3,184.435161
-5079.856086,3,184.43916
852.426208,4,184.44616
-20656.570606,5,184.453161
852.449633,4,184.46016
-20656.569186,5,184.46716
-5147.578902,4,184.473161
343.427954,5,184.48116
852.421819,4,184.487161
-5116.725367,3,184.492161
-5557.995607,3,184.496161
-5607.580436,4,184.502163
343.454751,5,184.510163
920.150033,3,184.515671
-5079.855771,3,184.522671
343.438882,5,184.530671
343.437399,5,184.53867
374.28006,4,184.54467
9883.275177,3,184.54967
852.436273,4,184.55567
-5098.587003,3,184.56067
343.453637,5,184.567671
-5656.567916,5,184.574671
-5656.565081,5,184.580671
-5098.587087,3,184.584671
-5557.994399,3,184.58967
-5557.994557,3,184.59367
-5656.578433,5,184.601674
343.439307,5,184.609674
-20607.577856,4,184.615181
-5147.578388,4,184.622181
343.427043,5,184.62918
-5098.582101,3,184.636181
374.285366,4,184.643181
-5098.585787,3,184.648181
852.438283,4,184.654181
-5588.849553,4,184.660181
9920.143037,3,184.665264
9901.410229,3,184.670263
-5576.728883,3,184.674266
9374.279119,4,184.681262
423.281664,3,184.685263
-5588.850515,4,184.691263
-5098.579579,3,184.696265
-5656.577471,5,184.703376
392.422023,4,184.709376
852.445974,4,184.715263
-5116.724626,3,184.720379
-5098.589183,3,184.725381
-5539.855472,3,184.729379
-5557.998512,3,184.734379
343.436859,5,184.744536
343.431258,5,184.752655
9343.422148,5,184.759654
343.456603,5,184.767654
411.153605,4,184.773654
-5625.717656,4,184.778656
-5576.726913,3,184.783656
852.436981,4,184.789654
423.278625,3,184.793657
-5147.579704,4,184.798655
9392.416867,4,184.803658
-5116.725145,3,184.808308
9920.14415,3,184.819972
9374.274424,4,184.825977
-20625.694427,4,184.831972
-5656.573067,5,184.839972
9852.412507,4,184.846972
9442.004833,3,184.851436
9901.413881,3,184.85957
-5539.857889,3,184.86357
-5098.587896,3,184.86857
-5116.724908,3,184.873864
9411.146196,4,184.879864
-5576.727865,3,184.884234
-5656.580901,5,184.892343
343.429447,5,184.899345
392.424117,4,184.906349
920.157844,3,184.910349
-5098.584877,3,184.914855
-5539.85605,3,184.91986
343.434763,5,184.92787
-5098.582052,3,184.932868
374.279776,4,184.938868
-5656.580297,5,184.946868
-5116.719768,3,184.950868
343.444284,5,184.958981
-5625.721966,4,184.968987
-5557.998507,3,184.972986
-5588.850222,4,184.979397
-5656.575068,5,184.987398
9920.14704,3,184.991395
9920.143089,3,184.996396
-20079.851057,3,185.0014
9343.419164,5,185.0094
-5539.857319,3,185.013399
374.298058,4,185.01991
852.423324,4,185.024914
-5147.583904,4,185.02991
-5607.57936,4,185.035268
-20656.549041,5,185.042279
-20557.980043,3,185.046277
343.454456,5,185.053317
-5147.581941,4,185.058319
-5098.588608,3,185.062691
-5588.8364,4,185.067901
9374.285768,4,185.077082
-5656.57732,5,185.083082
-5098.580774,3,185.088082
-5557.99872,3,185.093082
343.433306,5,185.100085
9852.416788,4,185.106085
343.438458,5,185.114588
-5656.576316,5,185.121753
343.435667,5,185.129762
-5079.858065,3,185.134762
9343.425015,5,185.141762
-5607.578847,4,185.147764
9392.415578,4,185.153762
852.423571,4,185.158762
9883.273234,3,185.162762
343.433569,5,185.169762
9374.271938,4,185.176762
-5656.582239,5,185.186762
-5656.577254,5,185.194762
9392.419818,4,185.20177
852.42161,4,185.207772
-5576.726414,3,185.21177
-5656.575177,5,185.220281
-5576.725314,3,185.225281
-5588.853002,4,185.230808
-5116.722901,3,185.235833
-5116.727253,3,185.240847
9343.428899,5,185.24795
460.148986,3,185.25295
9920.14426,3,185.257953
-5588.851552,4,185.264082
901.430814,3,185.268392
-5656.580752,5,185.276401
-5656.57765,5,185.283523
-5607.578257,4,185.289894
343.443287,5,185.300464
-20625.714734,4,185.30687
343.435373,5,185.313869
-5625.723074,4,185.319376
-20625.715581,4,185.324377
-5116.727897,3,185.329376
-5539.854487,3,185.333376
392.429507,4,185.339376
-20656.576328,5,185.346376
-5098.578413,3,185.350376
-5607.579332,4,185.356377
9343.426638,5,185.363994
-5588.855254,4,185.369996
-5656.573329,5,185.377994
-5656.582178,5,185.385995
343.446072,5,185.392994
-5588.847069,4,185.398994
343.429363,5,185.409997
883.289553,3,185.4155
343.449029,5,185.423505
411.168966,4,185.429505
9920.150753,3,185.434505
9411.148376,4,185.440504
852.419913,4,185.446504
343.431175,5,185.454504
-5656.569875,5,185.462504
-5079.856756,3,185.467504
852.454815,4,185.473504
-5557.997148,3,185.478504
-5656.58619,5,185.486505
343.436861,5,185.494504
-5656.570459,5,185.501881
883.286593,3,185.505916
9920.14223,3,185.510285
-5557.996261,3,185.514285
9343.420097,5,185.524587
343.423285,5,185.53283
-5539.856093,3,185.53732
411.151345,4,185.542957
392.42086,4,185.550064
-5098.589769,3,185.554202
-5656.58244,5,185.56265
392.422391,4,185.56765
-20656.553301,5,185.573662
392.428848,4,185.57966
-5576.725495,3,185.583663
-5588.8482,4,185.588659
-20625.711499,4,185.59466
343.439656,5,185.602663
343.458418,5,185.609663
-20147.564683,4,185.616173
852.428836,4,185.622758
392.426786,4,185.631917
-5656.580281,5,185.639916
-5539.853379,3,185.644916
343.446838,5,185.652938
-5147.577749,4,185.659938
-5147.583306,4,185.665939
-5147.587227,4,185.673293
343.426503,5,185.682292
9901.411616,3,185.686292
374.289237,4,185.693293
920.150626,3,185.698293
-5588.849787,4,185.7043
374.299033,4,185.710296
343.485691,5,185.71892
392.428353,4,185.724991
-20656.565138,5,185.731986
-20625.717964,4,185.740987
-5116.721804,3,185.745986
9374.277788,4,185.751988
343.472243,5,185.758986
-5656.577688,5,185.764986
-5656.573548,5,185.77225
-5557.986888,3,185.776248
-5656.5777,5,185.783249
-20656.568373,5,185.790247
9343.421258,5,185.798246
392.425171,4,185.804873
374.295134,4,185.810873
-5607.580123,4,185.818542
-5116.72702,3,185.824378
343.443168,5,185.836572
-5098.586505,3,185.843081
392.431782,4,185.852084
343.436654,5,185.859454
-5607.581538,4,185.865766
-5607.583793,4,185.870765
343.443016,5,185.876875
-5576.725059,3,185.881874
343.432384,5,185.889874
-5607.581401,4,185.895874
-5557.995967,3,185.900877
343.486316,5,185.907876
-5539.852372,3,185.912024
-5588.854923,4,185.918533
-5656.575315,5,185.926533
-5098.58828,3,185.930533
-5576.723387,3,185.936007
-20656.561941,5,185.943007
343.445971,5,185.951348
-20147.577948,4,185.960358
-5588.84809,4,185.966357
-20098.575233,3,185.97152
852.436919,4,185.97752
343.442995,5,185.984522
9411.150095,4,185.98952
-5576.722395,3,185.99358
-5607.581022,4,185.99858
411.167026,4,186.004797
-5079.854296,3,186.009803
-5625.720008,4,186.016302
-5147.58518,4,186.022307
9460.144458,3,186.027307
-5625.722039,4,186.033311
-5656.578266,5,186.039407
343.45751,5,186.046407
-5588.848971,4,186.05241
-5607.580956,4,186.058411
-5098.587475,3,186.062407
852.427858,4,186.072407
343.460797,5,186.079406
-5656.577034,5,186.087162
9343.426735,5,186.095162
920.154424,3,186.100163
-5079.853704,3,186.105167
-5588.849277,4,186.111166
9343.423346,5,186.11868
374.302557,4,186.124684
-5116.727362,3,186.128683
-5116.720968,3,186.13368
9920.142479,3,186.138171
-5607.584459,4,186.143171
-5557.997074,3,186.148171
343.440507,5,186.155171
9392.413068,4,186.160174
852.419117,4,186.165171
-5079.858814,3,186.169361
883.289369,3,186.173359
-20656.566336,5,186.183962
-5588.849538,4,186.191027
-5147.582131,4,186.197025
-5557.993533,3,186.200025
-5607.577213,4,186.207029
9343.419141,5,186.214029
9901.411432,3,186.219699
883.28169,3,186.223915
392.425462,4,186.230206
-20656.553562,5,186.23821
343.427556,5,186.246206
-5079.857733,3,186.250209
-20656.566849,5,186.25821
-20625.716245,4,186.264207
-5539.857846,3,186.269206
343.426492,5,186.275345
-5557.997554,3,186.280344
852.441711,4,186.288343
9920.148894,3,186.292343
-5656.577085,5,186.300343
-5116.725432,3,186.305347
-5116.719919,3,186.310348
343.458215,5,186.317857
343.450257,5,186.325855
343.438025,5,186.333859
-5625.717054,4,186.339859
-5607.586951,4,186.345859
-5147.582775,4,186.351857
-5588.854335,4,186.356855
-5079.858214,3,186.360856
-5557.995903,3,186.365871
9901.414159,3,186.37087
-5588.852391,4,186.37687
-5079.853802,3,186.38187
343.430483,5,186.38887
343.436088,5,186.39987
852.422009,4,186.406874
9343.425625,5,186.414329
460.156635,3,186.419337
-5079.854027,3,186.423337
-5625.72274,4,186.428337
343.445784,5,186.434475
423.284602,3,186.439488
343.435972,5,186.44768
343.435745,5,186.454787
343.439252,5,186.463028
343.43726,5,186.470453
-5098.588309,3,186.475567
343.425307,5,186.482567
-5625.721962,4,186.48957
374.294079,4,186.49567
-5576.726683,3,186.500673
-5116.728146,3,186.508677
9343.420387,5,186.515677
9343.410769,5,186.523705
-5656.577389,5,186.531705
-5576.726748,3,186.536204
411.150437,4,186.541203
-5539.855235,3,186.546203
343.450787,5,186.553203
-20588.842314,4,186.558203
9883.271746,3,186.563203
-5539.857383,3,186.568203
343.430999,5,186.575203
-20147.558783,4,186.582204
-5625.719395,4,186.587686
-20656.570644,5,186.595689
460.151238,3,186.599988
-5656.575029,5,186.607495
-5576.725592,3,186.612499
-5656.56712,5,186.623193
9920.140405,3,186.628265
-5576.725246,3,186.633274
9343.420375,5,186.640276
343.42831,5,186.648274
9901.413292,3,186.653274
-20147.579066,4,186.659274
-5656.578092,5,186.667374
9901.412116,3,186.671384
-5625.722035,4,186.678385
-5539.857738,3,186.682383
-5098.586301,3,186.686383
9920.142354,3,186.690383
-20656.567436,5,186.699398
-5656.572975,5,186.70815
-5607.582841,4,186.715666
-5625.719427,4,186.721807
-5607.576629,4,186.731807
-5079.858765,3,186.735806
-5625.722031,4,186.742806
-5588.852086,4,186.748806
9901.413223,3,186.753806
343.450243,5,186.760996
-5656.576759,5,186.768996
-5147.582006,4,186.775138
-5557.992694,3,186.780133
-5625.721949,4,186.786227
883.286669,3,186.790239
9374.27736,4,186.795239
-5607.585901,4,186.800341
-5116.722944,3,186.804526
343.429021,5,186.811526
343.430932,5,186.81904
852.423638,4,186.82404
-5588.852639,4,186.830333
343.458453,5,186.842271
-20656.561195,5,186.851692
-5079.850652,3,186.856689
-5656.58225,5,186.864689
343.43188,5,186.871689
-5576.726506,3,186.876689
-5656.582964,5,186.884689
-5656.573035,5,186.891689
9411.145014,4,186.898691
-5539.85495,3,186.902793
-5116.721713,3,186.907798
-5656.580462,5,186.915793
343.448713,5,186.923311
9901.410462,3,186.928311
-5098.584345,3,186.933311
-5116.726508,3,186.937311
343.431667,5,186.948561
-5098.586896,3,186.95256
343.439281,5,186.959678
-5079.855317,3,186.964184
-5116.724388,3,186.968198
883.279285,3,186.973198
9442.008125,3,186.97824
-5098.586334,3,186.98224
343.431132,5,186.990729
-5656.577558,5,186.997729
411.156885,4,187.003906
-5576.728373,3,187.008288
343.447607,5,187.015789
-5576.725974,3,187.020914
-5147.587554,4,187.025912
343.45609,5,187.031912
-5607.582553,4,187.03717
-5116.723381,3,187.041173
374.318429,4,187.04717
-5116.727399,3,187.05514
-20588.840906,4,187.061139
374.28301,4,187.068139
374.285499,4,187.074139
-5656.579841,5,187.082139
-5607.585497,4,187.088382
-5557.994805,3,187.093382
-5656.584689,5,187.100471
-5116.72842,3,187.105481
-5116.725185,3,187.110481
-5539.855646,3,187.114481
-5625.725638,4,187.121301
-5607.584832,4,187.1283
-5539.858987,3,187.132409
343.429349,5,187.140409
343.481169,5,187.148409
-5588.851424,4,187.154409
-5607.576352,4,187.160408
-5098.584644,3,187.167776
9460.145498,3,187.172776
343.423305,5,187.180152
901.42008,3,187.184655
411.163901,4,187.190663
-5116.72676,3,187.196752
343.473456,5,187.203871
343.441184,5,187.211873
-20557.991312,3,187.216983
-5116.724049,3,187.220995
-5576.72585,3,187.226996
-5576.726722,3,187.230995
-5098.589632,3,187.235999
-5098.587225,3,187.239998
-5557.998083,3,187.243263
423.284407,3,187.248284
-5557.992458,3,187.253284
9343.415169,5,187.260287
374.310841,4,189.548745
-5656.577237,5,189.55686
343.428227,5,189.564234
392.441575,4,189.570233
-5625.721447,4,189.576329
-5607.582655,4,189.58234
-20656.569511,5,189.59034
343.437218,5,189.601489
9411.147051,4,189.607503
-5079.858248,3,189.612501
-5098.586515,3,189.615501
-5557.992863,3,189.62001
343.449945,5,189.628012
-20588.844452,4,189.634012
374.294097,4,189.640011
-5079.857715,3,189.64301
-5557.992865,3,189.64801
343.433174,5,189.65601
-5147.581097,4,189.662012
343.430131,5,189.67012
-5098.587589,3,189.675122
901.420977,3,189.67912
343.454807,5,189.687245
392.422912,4,189.694244
-5576.723843,3,189.699241
-5576.722285,3,189.706434
-5656.576909,5,189.715443
-5539.856771,3,189.72073
9343.42401,5,189.728732
-5656.575562,5,189.738221
392.425504,4,189.745221
-5588.847735,4,189.751224
442.019957,3,189.756802
9343.423496,5,189.76404
852.424901,4,189.770038
9343.447307,5,189.777039
-5607.579671,4,189.782041
-5116.722053,3,189.787038
343.430055,5,189.795039
343.438914,5,189.803193
-5656.581518,5,189.812194
-5116.722287,3,189.819885
-20079.259706,3,189.824892
9852.417664,4,189.831374
-5607.584387,4,189.837484
-5539.857755,3,189.842484
343.461547,5,189.850484
-5656.574969,5,189.857594
9411.147078,4,189.863811
374.297211,4,189.869933
-5557.996245,3,189.874938
-5607.581706,4,189.88239
-5607.581577,4,189.888389
-5539.85679,3,189.893392
343.479377,5,189.90039
-5147.581879,4,189.9074
-5607.582948,4,189.913396
-20656.573219,5,189.920904
9343.424295,5,189.931905
411.157103,4,189.937904
-5147.584483,4,189.944173
343.429662,5,189.952172
-5098.582828,3,189.956346
-5079.853559,3,189.961346
9442.002656,3,189.966346
-20656.554739,5,189.973524
-5588.855435,4,189.980524
343.43194,5,189.987524
374.28665,4,189.994524
9411.148177,4,190.000526
9343.414441,5,190.007526
343.428792,5,190.013526
-20625.716534,4,190.020034
343.448816,5,190.027034
343.426973,5,190.036928
-5588.853653,4,190.042928
-5656.580926,5,190.050195
-5147.57779,4,190.056195
-5588.849846,4,190.061194
343.426077,5,190.068806
-5147.57968,4,190.074809
343.450725,5,190.082037
-5607.581213,4,190.088322
9343.420351,5,190.095544
-20656.554863,5,190.10289
-5607.581695,4,190.108891
-5625.715636,4,190.11589
883.280373,3,190.120003
374.284504,4,190.127002
-5147.575571,4,190.133002
343.435705,5,190.144098
852.44963,4,190.149097
9442.003564,3,190.153819
9343.410686,5,190.1622
-20607.577501,4,190.167199
343.43354,5,190.174199
343.465103,5,190.181199
-5656.578221,5,190.187201
-5656.578191,5,190.194199
-5656.578225,5,190.202203
343.469155,5,190.209377
343.425791,5,190.217887
-5607.584217,4,190.223886
343.458863,5,190.231886
343.443935,5,190.239003
-5656.575501,5,190.247002
-5607.577273,4,190.25674
392.428901,4,190.262746
9901.41088,3,190.268755
-5607.577862,4,190.274757
-5116.723021,3,190.279755
-20607.570185,4,190.287202
-5656.570146,5,190.295201
901.419368,3,190.299202
374.289437,4,190.30536
-5079.858104,3,190.310359
-20624.426848,4,190.31536
411.163363,4,190.321869
-5557.991,3,190.325869
-5557.986543,3,190.32987
-5147.585477,4,190.335827
343.432351,5,190.343828
343.426374,5,190.35183
-5079.856691,3,190.355826
460.15302,3,190.36483
-5539.85458,3,190.368967
-5079.853314,3,190.373967
343.427331,5,190.380967
-5079.85472,3,190.385967
343.444485,5,190.393967
-5656.576727,5,190.401063
-5625.717105,4,190.407242
9883.271899,3,190.411668
-5539.85823,3,190.415668
-5539.856431,3,190.421347
-5656.579587,5,190.429343
423.28359,3,190.434452
-5147.583945,4,190.440631
-5098.586435,3,190.445631
-5588.852279,4,190.45126
9423.270237,3,190.456266
-5625.723232,4,190.462265
-20656.570885,5,190.472799
-5656.577413,5,190.480798
-5656.579291,5,190.488989
9392.415923,4,190.494987
-5656.575981,5,190.502177
343.455137,5,190.510181
343.462618,5,190.517688
343.465986,5,190.525692
9460.14439,3,190.530693
343.431548,5,190.537692
-5098.588789,3,190.542692
-5607.576919,4,190.5487
9920.143241,3,190.55374
-5539.857174,3,190.558742
-5607.582458,4,190.56374
-5625.719802,4,190.5701
9852.415755,4,190.578518
9343.415013,5,190.586534
-5116.723902,3,190.590534
343.428559,5,190.598915
343.453782,5,190.606922
852.436524,4,190.612918
883.280583,3,190.617423
-5147.578847,4,190.623458
9343.429876,5,190.629458
-5539.85543,3,190.633958
-5607.582377,4,190.639971
-5588.855655,4,190.645972
343.432675,5,190.65401
343.454836,5,190.661086
343.470961,5,190.669296
9920.142813,3,190.673314
-5079.859447,3,190.678314
-5656.581425,5,190.688314
-5557.995834,3,190.693314
343.434086,5,190.701314
920.149312,3,190.705316
374.282633,4,190.711316
-5656.578897,5,190.717822
-5576.7253,3,190.722863
9460.145045,3,190.726863
-5147.587307,4,190.732864
-5539.859058,3,190.737867
-5607.582805,4,190.743863
-5656.5829,5,190.751863
343.441481,5,190.759863
-5098.589277,3,190.764863
-5656.575397,5,190.772863
343.448138,5,190.780864
9852.418793,4,190.788862
-5656.574675,5,190.800865
-5098.585832,3,190.805874
852.427786,4,190.813874
-5098.589436,3,190.818389
9901.413985,3,190.823387
-5147.583106,4,190.829387
343.436077,5,190.838387
392.505081,4,190.847765
9852.419739,4,190.853764
852.430122,4,190.860765
-5607.586053,4,190.866764
343.431891,5,190.873889
343.445407,5,190.881898
901.419345,3,190.886899
9343.415009,5,190.894898
9901.412732,3,190.899898
-5557.997004,3,190.907322
-5656.576509,5,190.916686
374.282363,4,190.924555
-5576.727918,3,190.929555
-20656.57038,5,190.936558
-5116.721968,3,190.94156
9423.274005,3,190.945559
-20147.575948,4,190.952927
9423.27222,3,190.957964
-5588.853993,4,190.964962
-5607.58108,4,190.971075
-5557.999521,3,190.976077
-5656.578235,5,190.983177
-5607.58493,4,190.989625
-5656.569236,5,190.995625
343.429127,5,191.004634
-5147.584688,4,191.009634
-5576.722779,3,191.016801
-5116.721291,3,191.021836
343.430985,5,191.029837
-5588.853277,4,191.035836
-5539.857527,3,191.040835
392.423891,4,191.046835
-5147.58686,4,191.052836
9852.414188,4,191.059835
-5625.724702,4,191.065836
343.437073,5,191.073394
-20607.572338,4,191.079394
-5079.856505,3,191.083538
-5588.854385,4,191.088552
-5588.852701,4,191.093552
-5147.584318,4,191.098552
411.173318,4,191.104555
-5147.578937,4,191.109556
-5557.992647,3,191.113556
-5656.572345,5,191.120068
-5625.724761,4,191.130336
-5607.581956,4,191.136336
-5557.995999,3,191.140624
-5656.572652,5,191.148624
-5656.577934,5,191.155787
9460.14346,3,191.160787
-5116.722368,3,191.164793
-5576.727366,3,191.170436
-5098.58621,3,191.17444
-5539.856802,3,191.179436
9343.427394,5,191.187025
9901.41273,3,191.190024
9343.41395,5,191.197025
-5539.846995,3,191.202024
-5625.719878,4,191.207028
374.297974,4,191.212029
9901.413495,3,191.217029
-5607.584162,4,191.221539
343.461207,5,191.228539
-5576.72354,3,191.236964
411.154597,4,191.242964
852.428473,4,191.248964
343.478258,5,191.256336
343.43902,5,191.262337
343.451113,5,191.269335
9392.416992,4,191.274335
343.444883,5,191.281532
-5098.587221,3,191.285725
-5576.725473,3,191.290725
-5557.994071,3,191.295725
392.422671,4,191.301724
-5576.722886,3,191.30598
-5656.56278,5,191.313387
-5656.578342,5,191.321902
-5116.723754,3,191.326903
901.420617,3,191.331902
883.281006,3,191.33591
343.442336,5,191.347012
9343.420216,5,191.354512
9901.411895,3,191.359793
852.425984,4,191.365792
-20625.701682,4,191.372792
343.434561,5,191.378792
343.433254,5,191.384793
9411.149901,4,191.390792
343.430105,5,191.398796
343.431047,5,191.406415
9901.412256,3,191.410415
-5539.854049,3,191.414415
343.430349,5,191.422928
-5588.85355,4,191.428928
-5098.587357,3,191.43293
-5147.585986,4,191.43946
343.450427,5,191.447497
9901.412256,3,191.455478
-20656.5678,5,191.463478
343.474239,5,191.471482
-20656.572402,5,191.479479
-5147.580936,4,191.485649
-5625.721677,4,191.490649
852.423352,4,191.496649
920.150055,3,191.501942
9343.42408,5,191.509946
-20656.56786,5,191.517958
411.159351,4,191.523963
374.284558,4,191.528964
-5576.727761,3,191.533463
883.282121,3,191.537475
-5079.859758,3,191.542475
9343.420362,5,191.54979
-5098.58654,3,191.55479
-5656.575745,5,191.565824
883.282751,3,191.569823
-20079.850538,3,191.573845
343.440271,5,191.580847
-5656.579866,5,191.586846
852.42283,4,191.591852
-5656.573789,5,191.600163
-5656.580503,5,191.608178
-20656.567074,5,191.616176
9343.422339,5,191.623325
343.428707,5,191.639602
343.424853,5,191.647601
423.281809,3,191.652601
9374.277336,4,191.658601
852.450805,4,191.664601
-5098.585624,3,191.6696
-5656.577023,5,191.680602
-5625.719004,4,191.686009
-20656.555878,5,191.694368
9343.415075,5,191.702369
-5098.58868,3,191.707373
-5656.568783,5,191.715373
374.2828,4,191.72105
423.279025,3,191.726052
-5116.72676,3,191.731054
374.290678,4,191.737052
-5656.578042,5,191.745051
-20147.574429,4,191.751265
343.43167,5,191.759266
-5557.996471,3,191.764266
-5576.721552,3,191.768355
-5656.571286,5,191.776365
343.434918,5,191.786365
9883.274962,3,191.791368
-20656.569507,5,191.798365
343.469879,5,191.805369
901.420977,3,191.809369
392.42758,4,191.814368
-5079.853053,3,191.81888
374.286004,4,191.825398
-5116.723128,3,191.830392
-5098.585921,3,191.834397
343.432864,5,191.842405
-5588.852309,4,191.850631
9374.273978,4,191.857628
-5576.72683,3,191.861629
411.160033,4,191.868149
901.422979,3,191.873148
-20656.560392,5,191.88066
411.154253,4,191.886663
392.433819,4,191.894667
-5539.856783,3,191.900697
-5656.573985,5,191.908174
343.429927,5,191.914171
-5147.58023,4,191.920677
343.432897,5,191.928678
9374.27554,4,191.934678
343.427545,5,191.943205
9883.272763,3,191.947205
-5098.582569,3,191.950204
-5588.846171,4,191.956204
-20656.5744,5,191.964209
-5147.578385,4,191.970208
-5079.856359,3,191.975209
-5656.581947,5,191.983208
-5588.846627,4,191.989208
-5656.579258,5,191.997209
9423.272571,3,192.001208
-5607.583127,4,192.01021
-5079.853331,3,192.01421
852.420936,4,192.020722
-5607.581052,4,192.02672
-5098.586428,3,192.03172
9392.417667,4,192.037719
9343.413832,5,192.045722
411.155965,4,192.052722
-5607.580472,4,192.059721
-5625.72266,4,192.065723
-5116.726897,3,192.07072
343.462249,5,192.077723
852.429818,4,192.083925
343.43794,5,192.091925
392.437312,4,192.097923
-5656.574468,5,192.104927
343.446241,5,192.115927
-5147.576683,4,192.122439
374.285047,4,192.128441
-5147.58272,4,192.134438
-5557.994794,3,192.139438
9343.413688,5,192.147438
411.154819,4,192.153438
9343.419102,5,192.159439
-5625.719534,4,192.166439
9392.415297,4,192.172438
-5079.855825,3,192.176439
343.429699,5,192.184438
-20539.849486,3,192.189438
411.153618,4,192.195441
343.462819,5,192.202439
343.430023,5,192.210793
-5625.722871,4,192.216928
-5656.576987,5,192.228624
343.43387,5,192.235746
9343.422742,5,192.244047
343.431559,5,192.252044
-5539.857093,3,192.255045
-5607.584179,4,192.261044
-5656.578748,5,192.268045
392.424996,4,192.273044
-5607.581523,4,192.278046
-20576.720787,3,192.282044
9442.003708,3,192.28637
-5588.851031,4,192.292369
343.428677,5,192.300371
-5098.586922,3,192.305476
-5607.579818,4,192.311476
-5079.857917,3,192.316477
343.438005,5,192.324639
9920.146207,3,192.329639
-5147.58412,4,192.3397
343.432224,5,192.347353
-5079.855415,3,192.351963
343.427738,5,192.359963
-5098.581244,3,192.364666
920.155943,3,192.368755
343.430012,5,192.376755
-5656.573248,5,192.384877
-5116.728496,3,192.389878
343.444421,5,192.396878
343.436624,5,192.403882
411.154505,4,192.409882
411.164173,4,192.415882
-20079.850573,3,192.421512
-5147.582484,4,192.427594
-5079.857201,3,192.431603
-5656.577454,5,192.439697
-5656.577058,5,192.450838
-5607.580569,4,192.456948
-5607.581809,4,192.463139
-5625.720019,4,192.467635
9920.144744,3,192.471683
343.430119,5,192.480766
-5576.725576,3,192.484766
9852.417303,4,192.491766
-20147.565441,4,192.497766
343.431968,5,192.50577
343.434032,5,192.51277
-5656.581976,5,192.521277
-5539.85669,3,192.525279
-5656.572167,5,192.533278
-5116.727735,3,192.538278
-5539.857015,3,192.543285
852.425306,4,192.549285
-5576.725786,3,192.556505
343.43779,5,192.563657
411.154018,4,192.570231
-5098.585198,3,192.575233
343.432236,5,192.583417
-5656.576126,5,192.589427
-5576.723328,3,192.594846
-5656.578682,5,192.603844
-5147.577769,4,192.609848
852.429591,4,192.616847
343.428023,5,192.624355
460.154131,3,192.629354
-5656.569925,5,192.637354
852.430773,4,192.643355
343.428503,5,192.651636
343.432901,5,192.659634
-20147.572703,4,192.668633
-5116.724489,3,192.673633
-5079.856707,3,192.678634
-5557.994507,3,192.683633
-5588.854777,4,192.688633
374.282231,4,192.694633
9460.143119,3,192.698633
343.456326,5,192.704637
-5625.719275,4,192.710637
343.427296,5,192.71914
-5656.582482,5,192.727145
-5656.576087,5,192.735146
-5588.853359,4,192.741146
-5098.584339,3,192.745144
-5656.581926,5,192.753144
374.288695,4,192.760664
343.443576,5,192.766662
9920.145826,3,192.775096
-5557.997475,3,192.780181
343.432652,5,192.787647
920.148237,3,195.104914
343.426751,5,195.111917
-5607.583737,4,195.117918
-5098.585191,3,195.122422
-5625.720542,4,195.128425
9852.416916,4,195.134423
-5607.579647,4,195.140423
374.288564,4,195.146423
-5116.723339,3,195.151423
343.45121,5,195.158423
-5588.850308,4,195.165423
-5079.851231,3,195.169423
-5116.721938,3,195.174423
343.454015,5,195.181423
-5588.852075,4,195.190424
343.46685,5,195.198424
343.434444,5,195.205738
852.42307,4,195.212124
9460.141103,3,195.217245
-5576.725763,3,195.221768
343.451515,5,195.229767
-20656.572213,5,195.236824
343.46693,5,195.244824
9374.282121,4,195.250828
343.438548,5,195.258826
-5576.723084,3,195.263824
883.286535,3,195.268366
-5656.578946,5,195.276422
-5607.579204,4,195.282422
343.426248,5,195.29083
-5539.857137,3,195.29483
-5539.856482,3,195.302831
852.432398,4,195.308835
852.429119,4,195.314934
-5098.587189,3,195.320454
-5656.580071,5,195.327459
9411.147914,4,195.333673
343.427622,5,195.341672
-5656.584801,5,195.348737
343.444279,5,195.356739
343.437824,5,195.364037
411.162704,4,195.370426
-5656.576445,5,195.378252
343.425045,5,195.386251
343.436892,5,195.393384
343.433275,5,195.401517
-5098.585242,3,195.406523
343.437901,5,195.416523
-5656.56524,5,195.424557
-5656.578797,5,195.432556
-5656.572239,5,195.439556
-5147.579416,4,195.44591
9920.145559,3,195.45091
343.431529,5,195.459035
-5656.579104,5,195.466035
343.440838,5,195.473035
852.428825,4,195.478035
343.442049,5,195.486035
-5656.577346,5,195.493036
-5147.587102,4,195.499036
-20656.571971,5,195.50704
9852.427297,4,195.513041
-5147.569489,4,195.521988
374.284889,4,195.528017
-5116.724052,3,195.533017
343.432804,5,195.540526
-5147.583497,4,195.546526
-5588.854511,4,195.553677
-5576.721655,3,195.55868
901.421298,3,195.562676
9343.426398,5,195.570676
920.153335,3,195.575677
343.433108,5,195.583278
9442.006981,3,195.587277
423.329678,3,195.592275
-5079.858313,3,195.597277
-5147.585186,4,195.603277
-5079.857443,3,195.608283
-5576.727144,3,195.613282
-5079.857974,3,195.617388
9460.142121,3,195.622907
343.42407,5,195.632907
-5588.848316,4,195.639014
-5576.72869,3,195.643014
374.281667,4,195.649014
9392.412611,4,195.655014
-5116.725668,3,195.660014
9423.27507,3,195.665012
423.354238,3,195.670012
-5098.588305,3,195.675012
343.431237,5,195.682014
-5079.857166,3,195.686013
-20656.554016,5,195.695013
-5656.578102,5,195.703013
-5576.724465,3,195.707544
343.432281,5,195.724088
852.427783,4,195.729088
-5656.575013,5,195.736088
374.285507,4,195.746088
343.429265,5,195.753088
392.436188,4,195.760088
-5116.72851,3,195.765088
-20625.712503,4,195.77109
-5625.727962,4,195.776088
9460.143586,3,195.780087
852.428443,4,195.785088
-5539.854369,3,195.79009
-5625.720165,4,195.796419
-5098.587096,3,195.800419
392.424684,4,195.80742
-5656.574247,5,195.81442
-5147.584485,4,195.821062
-5607.576122,4,195.827082
343.435787,5,195.834409
9343.41298,5,195.842408
9392.414152,4,195.851409
343.429103,5,195.859409
-5098.587517,3,195.864408
-5147.584178,4,195.870408
-5079.854826,3,195.87541
9411.152561,4,195.880408
9423.271626,3,195.885536
-20656.561338,5,195.892537
343.432364,5,195.900739
9442.006805,3,195.905865
-5656.574329,5,195.912868
343.425833,5,195.920979
-5098.577014,3,195.925489
-5557.991997,3,195.930691
343.44625,5,195.937816
9411.145771,4,195.943816
-5098.588173,3,195.948816
-5116.721607,3,195.953918
9343.425987,5,195.963917
343.453068,5,195.972017
9411.148207,4,195.978304
-5576.72816,3,195.982304
883.283393,3,195.987444
-5557.998997,3,195.992444
-5588.852174,4,195.998443
852.439575,4,196.004443
-5116.722505,3,196.009447
-5147.577971,4,196.015447
852.42493,4,196.022452
343.438064,5,196.029452
-5656.571912,5,196.037454
374.282023,4,196.043451
343.449684,5,196.051455
852.438983,4,196.058455
9374.270533,4,196.064456
9343.426882,5,196.075452
343.439263,5,196.083452
343.435635,5,196.090972
-5607.580891,4,196.096971
9411.153938,4,196.103968
9883.27358,3,196.107972
-5557.996647,3,196.111972
343.433623,5,196.119972
-5539.858452,3,196.124479
-5656.583269,5,196.13248
423.289031,3,196.136963
-5588.855378,4,196.142963
343.484988,5,196.150963
343.433968,5,196.158963
-5098.587671,3,196.162966
852.420936,4,196.169102
9423.273434,3,196.174102
343.431323,5,196.184205
-5656.584899,5,196.191216
343.438857,5,196.199039
9883.27223,3,196.204044
423.281153,3,196.209051
901.423319,3,196.214051
343.432306,5,196.221559
-5079.857206,3,196.226568
374.285816,4,196.232568
343.432681,5,196.240565
9374.279055,4,196.246564
-5656.57645,5,196.253564
-5656.576825,5,196.261564
9920.142498,3,196.266565
-5576.727656,3,196.270701
-5656.583909,5,196.278866
852.421362,4,196.285215
343.430809,5,196.295736
-5607.588229,4,196.301732
343.471266,5,196.310175
-5576.7278,3,196.314175
-5098.58402,3,196.319463
-5098.586924,3,196.323972
-5116.724746,3,196.327972
852.424684,4,196.335039
-5147.579138,4,196.341041
-5607.584855,4,196.347039
852.44689,4,196.352244
343.440014,5,196.360244
343.425926,5,196.368243
392.50024,4,196.374243
392.432695,4,196.380243
-5098.582644,3,196.385728
343.449725,5,196.393728
-5607.58045,4,196.402728
9343.419241,5,196.410732
9901.41699,3,196.415221
343.444528,5,196.423243
392.428367,4,196.429242
-5116.723909,3,196.434242
343.430564,5,196.441241
-5539.858515,3,196.446242
-5588.852148,4,196.452241
9460.142592,3,196.456241
-5098.581476,3,196.461241
852.425875,4,196.467242
-5079.850487,3,196.472242
9343.425634,5,196.480241
343.435693,5,196.487242
-5147.58072,4,196.494241
-5607.582612,4,196.500271
-5147.579051,4,196.506271
-5116.722349,3,196.513284
-5576.719971,3,196.51774
343.480204,5,196.523249
-5079.856425,3,196.528498
-5557.998008,3,196.533501
-5607.585221,4,196.539502
-5607.585587,4,196.545501
343.445844,5,196.5525
-5607.581004,4,196.558501
-20656.572489,5,196.566501
343.437896,5,196.574499
-5147.57519,4,196.580498
343.431448,5,196.588696
9392.417638,4,196.594695
-5147.58046,4,196.600697
-5576.727009,3,196.605696
392.429689,4,196.612699
-5625.716717,4,196.621202
-20625.712445,4,196.628206
343.432308,5,196.636206
343.430456,5,196.643206
852.447555,4,196.650206
343.435809,5,196.657397
-5098.583395,3,196.662398
-20656.569056,5,196.669572
-5116.725877,3,196.674577
9343.425768,5,196.682571
-5656.574483,5,196.689677
343.431061,5,196.696676
9343.41965,5,196.703939
460.150844,3,196.708943
-5147.579159,4,196.714942
-5656.57947,5,196.722448
-5588.851667,4,196.732276
-5588.852839,4,196.738271
-5557.992846,3,196.743271
343.434234,5,196.751271
423.282695,3,196.756271
411.155241,4,196.761271
343.434835,5,196.769404
-5098.586953,3,196.774406
9901.415584,3,196.778404
-5147.587874,4,196.783403
460.159801,3,196.787403
-5588.850032,4,196.793505
9392.42365,4,196.799505
-5116.723712,3,196.803505
-5607.580829,4,196.809712
-5607.567875,4,196.816711
9883.276058,3,196.820708
-5147.585483,4,196.828937
-5588.849796,4,196.834932
343.433979,5,196.845932
392.441558,4,196.851933
-5656.577756,5,196.860456
-5557.995093,3,196.864859
-20656.550194,5,196.873046
-5576.727805,3,196.878049
411.153543,4,196.884049
-20656.567433,5,196.891051
9343.42093,5,196.899046
852.424126,4,196.905046
343.429197,5,196.91305
-20588.851575,4,196.919052
-5656.578536,5,196.924566
392.434258,4,196.930568
9411.149431,4,196.936567
343.42785,5,196.944567
-5576.725623,3,196.952896
852.426913,4,196.957896
343.430557,5,196.966138
9392.420619,4,196.971592
-5576.725152,3,196.974592
852.421107,4,196.981592
-5656.578129,5,196.988592
343.441243,5,196.996592
-5656.58352,5,197.004076
9920.141971,3,197.009266
-5557.997036,3,197.014265
343.452624,5,197.021774
-5079.857167,3,197.025876
-5625.724904,4,197.03188
852.439572,4,197.037876
-20656.571559,5,197.046029
-5607.582132,4,197.052031
-5576.727552,3,197.060028
343.451368,5,197.06703
343.461094,5,197.075542
-20656.557407,5,197.085552
423.292761,3,197.090555
-5656.574457,5,197.098555
392.428148,4,197.104554
343.439803,5,197.112563
343.430722,5,197.120558
-20656.57301,5,197.128064
883.284948,3,197.133067
852.424562,4,197.139064
343.432188,5,197.147064
883.279073,3,197.152078
-5607.584894,4,197.157589
9343.416928,5,197.168589
-5625.725429,4,197.174589
-5656.580784,5,197.18259
9423.270522,3,197.187718
343.437134,5,197.194718
343.431709,5,197.203003
-5539.856656,3,197.208005
343.455274,5,197.215471
-5098.584765,3,197.220625
9343.428833,5,197.228133
9343.427881,5,197.236133
-5147.583211,4,197.242134
9423.274533,3,197.247133
-5079.85704,3,197.252133
-5576.72408,3,197.256133
343.429024,5,197.264133
852.422696,4,197.270133
-5116.723442,3,197.278132
343.428307,5,197.286132
-5656.572146,5,197.294132
-5557.998037,3,197.299132
-5116.724245,3,197.303133
9343.41241,5,197.311136
-5147.581441,4,197.317139
343.442518,5,197.324649
-5147.587938,4,197.330648
9901.416724,3,197.335649
343.443803,5,197.343649
343.439477,5,197.351649
-5656.576369,5,197.35895
343.452482,5,197.366962
-5625.724774,4,197.372959
-5656.577127,5,197.380389
-5576.725942,3,197.388499
-5607.579818,4,197.394499
-5656.580061,5,197.401781
-5656.577354,5,197.408792
-5147.576804,4,197.413792
9920.142315,3,197.417412
883.280505,3,197.422232
374.288894,4,197.42924
343.454598,5,197.436779
9883.272331,3,197.441779
883.293553,3,197.445779
-5656.577073,5,197.452779
-20656.571573,5,197.458779
9343.424261,5,197.464778
-20656.573749,5,197.471778
343.431558,5,197.477778
-5098.58302,3,197.481778
-5656.581327,5,197.487778
343.435689,5,197.49878
343.44713,5,197.506328
-5147.581535,4,197.511698
343.436061,5,197.519827
852.436673,4,197.526335
9852.419938,4,197.532335
-5588.856164,4,197.538458
392.427136,4,197.544458
392.422108,4,197.550458
883.279483,3,197.555579
343.448155,5,197.563579
-5656.57841,5,197.570578
883.279282,3,197.575577
9460.144784,3,197.580579
-5147.575433,4,197.586578
-5079.855534,3,197.591582
-5557.995648,3,197.596579
9901.412754,3,197.600581
9901.411448,3,197.608589
-5147.584336,4,197.614584
9852.413543,4,197.620782
901.419185,3,197.626294
-5576.728651,3,197.630294
-5539.858366,3,197.635294
374.281088,4,197.641299
920.155435,3,197.646294
9852.422385,4,197.652297
343.433942,5,197.659451
-5116.724007,3,197.664743
343.440347,5,197.672143
-5656.571581,5,197.679143
9901.410686,3,197.684142
-5557.995626,3,197.688142
-5098.588815,3,197.693142
-5656.576888,5,197.701143
374.28483,4,197.707142
9460.140509,3,197.712146
343.436441,5,197.722649
411.156659,4,197.728653
-5098.585555,3,197.734653
374.283104,4,197.740653
374.29725,4,197.746653
-5098.587321,3,197.751653
-5656.580386,5,197.758653
-5539.853141,3,197.763654
-5607.577381,4,197.769654
-20588.84093,4,197.775654
-5079.857396,3,197.780653
-5625.714579,4,197.787768
343.433327,5,197.794771
-5147.585205,4,197.799896
343.43496,5,197.80792
343.425738,5,197.815985
343.435568,5,197.823943
343.422784,5,197.834386
343.431289,5,197.842385
852.426276,4,197.849386
-5656.573516,5,197.856652
9852.416635,4,197.862661
9901.415066,3,197.867768
343.433479,5,197.875767
920.149312,3,197.880767
852.429411,4,197.886767
-5588.852073,4,197.892768
343.440391,5,197.899767
-5539.857443,3,197.904447
411.1617,4,197.909451
-5539.855635,3,197.91345
-5656.575792,5,197.920453
-5098.583848,3,197.924967
-20656.565123,5,197.935962
-5079.854379,3,197.93996
343.435791,5,197.94796
-5079.858653,3,197.952373
-5116.723442,3,197.956373
852.42642,4,197.962373
-5576.724902,3,197.966372
-5607.577048,4,197.972873
343.429517,5,197.980876
-5557.996812,3,197.986003
-5588.851552,4,197.992006
9392.418854,4,197.999002
343.425512,5,198.005145
343.452825,5,198.012151
-5098.588071,3,198.01615
-5098.589434,3,198.02115
-5576.723144,3,198.025663
-20656.559779,5,198.034549
852.437847,4,198.040669
901.417725,3,198.048669
920.14984,3,198.053781
-5588.843986,4,198.059904
-5116.720522,3,198.064903
343.438411,5,198.072937
-20656.541543,5,198.079264
-5116.724727,3,198.084265
-5098.582886,3,198.088265
9411.148237,4,198.09546
343.432669,5,198.10246
-5098.587225,3,198.10746
-5588.852165,4,198.113464
343.423768,5,198.121587
-5576.724525,3,198.126098
883.286468,3,198.130098
343.428673,5,198.1381
-5656.579662,5,198.146098
343.504662,5,198.156953
343.441184,5,198.164953
-5576.725981,3,198.16913
901.434595,3,198.174126
9920.147572,3,198.179127
-5588.845865,4,198.185625
343.434688,5,198.193625
-5098.587862,3,198.197625
-5625.718288,4,198.204623
-5557.995515,3,198.209692
-5588.852664,4,198.215691
-5588.846493,4,198.221794
-20656.560422,5,198.229305
343.436235,5,198.236851
852.441793,4,198.24285
-5098.585939,3,198.24785
-5079.859006,3,198.252851
411.155945,4,198.258852
-5656.573888,5,198.268993
9423.276011,3,198.273991
-5656.581507,5,198.280989
-5588.851351,4,198.28699
-5588.844813,4,198.292992
392.421717,4,198.299991
-20607.574078,4,198.305989
852.436482,4,198.312151
-20147.541603,4,198.318152
-5116.724617,3,198.322653
9343.420368,5,198.330657
-5098.582132,3,198.335656
-5656.574249,5,198.342656
-5079.856887,3,200.632354
-5576.718894,3,200.63736
883.302341,3,200.642356
-5147.586751,4,200.647356
-5539.856995,3,200.65236
392.426194,4,200.658459
343.435476,5,200.666572
9343.422154,5,200.675748
9460.143031,3,200.680748
9901.415066,3,200.685755
-20656.576849,5,200.693752
-5098.588776,3,200.697752
343.438208,5,200.705748
343.442813,5,200.713752
9901.414024,3,200.718752
-5588.854271,4,200.725259
-5656.575456,5,200.732259
9343.4268,5,200.740259
-5625.712647,4,200.746259
343.453527,5,200.75398
-5557.991007,3,200.75898
-5079.853333,3,200.763983
-5607.580768,4,200.769979
-5576.726571,3,200.773979
9343.425015,5,200.783983
-5588.855315,4,200.790983
-5557.992735,3,200.79598
-20656.559135,5,200.803527
-20656.563726,5,200.811538
-5557.995774,3,200.815537
-5539.85689,3,200.820537
-5588.850917,4,200.826048
-5656.579124,5,200.835045
9883.274832,3,200.840048
-5147.579546,4,200.847045
-20607.580074,4,200.854045
9343.424496,5,200.861465
9920.143047,3,200.865476
343.429427,5,200.871872
9920.145864,3,200.875984
-5147.586396,4,200.880984
9343.425334,5,200.892173
-20588.849096,4,200.898172
9392.421627,4,200.904172
-20625.700072,4,200.909172
-20147.576794,4,200.915177
-5116.723281,3,200.91962
343.425232,5,200.92713
-20625.694655,4,200.93313
-5147.583444,4,200.93978
442.007688,3,200.944779
392.43095,4,200.951174
9343.418941,5,200.958269
9392.416906,4,200.964264
374.285366,4,200.971428
9920.149369,3,200.976427
-5588.853324,4,200.983429
-5576.726445,3,200.988425
-5656.571762,5,200.996424
-5557.994507,3,201.004424
9423.274993,3,201.008813
-5079.855116,3,201.014818
-5576.72082,3,201.019714
343.427334,5,201.027294
-5098.588749,3,201.032293
343.449766,5,201.039752
-5147.581808,4,201.045756
9423.274814,3,201.050752
423.287294,3,201.055754
-5656.58128,5,201.063752
-5098.589393,3,201.067751
9343.427593,5,201.07575
-5625.710348,4,201.08075
-5588.848367,4,201.085751
-5098.585767,3,201.08975
343.456057,5,201.09675
-5656.580054,5,201.103751
-5147.58132,4,201.112758
343.454428,5,201.119758
9343.428993,5,201.12863
9392.42365,4,201.13463
343.440722,5,201.142639
-5079.855724,3,201.146639
-5147.578935,4,201.152639
343.433751,5,201.164347
-5656.577622,5,201.174347
-20607.571207,4,201.182507
9343.425687,5,201.191626
-5098.583318,3,201.196626
9392.416522,4,201.20463
-20656.556176,5,201.21563
-5079.853257,3,201.22363
-5656.574482,5,201.230137
9392.419132,4,201.237137
852.46183,4,201.243137
343.433882,5,201.251137
-5557.993881,3,201.255137
343.437972,5,201.263137
9343.414638,5,201.270137
-5588.84777,4,201.276137
343.4275,5,201.282137
-5576.726726,3,201.286537
-5656.570164,5,201.294538
411.151308,4,201.300905
-5656.572185,5,201.308905
374.287459,4,201.314908
-5098.588098,3,201.318908
-5607.582558,4,201.324908
-5607.579999,4,201.333416
9460.144446,3,201.338417
9901.417676,3,201.343416
-5576.728624,3,201.347416
9883.278061,3,201.352416
-5098.588578,3,201.357416
9901.413519,3,201.362416
-5588.849543,4,201.368416
343.430058,5,201.376416
-5625.721192,4,201.382416
9423.276931,3,201.386416
-5079.856991,3,201.391416
343.430424,5,201.399416
343.443008,5,201.407416
-20656.542422,5,201.41442
9343.427089,5,201.42242
-5147.578865,4,201.427926
9411.153701,4,201.433926
-5079.855066,3,201.441926
343.442611,5,201.450022
-5576.728251,3,201.454545
374.292829,4,201.460545
-5557.993226,3,201.4652
-5098.586885,3,201.469641
-5576.728572,3,201.47464
-5539.855911,3,201.47764
-5656.570197,5,201.48464
-5098.585734,3,201.489641
343.428008,5,201.497147
343.433781,5,201.505146
9901.412454,3,201.510149
-20656.575852,5,201.518149
-5656.580445,5,201.525651
9883.279743,3,201.530656
-5656.578819,5,201.538655
-5098.584026,3,201.543654
-5625.720398,4,201.552658
-5557.994888,3,201.557659
852.423907,4,201.564655
-5656.577641,5,201.571654
374.295801,4,201.578655
343.439178,5,201.585656
374.284239,4,201.590655
-5625.727956,4,201.595655
-5656.583495,5,201.603156
-5656.575833,5,201.611165
883.2874,3,201.61616
392.421071,4,201.622405
9460.141923,3,201.626918
343.428856,5,201.634918
9343.422689,5,201.641922
-5557.998068,3,201.646918
-5588.849978,4,201.65292
-5656.577724,5,201.663917
343.425331,5,201.670917
-5116.723021,3,201.674918
-5147.580888,4,201.679917
-5116.721443,3,201.682917
-5557.993602,3,201.687036
9343.428547,5,201.695038
343.446222,5,201.703038
852.442617,4,201.709039
-5147.579333,4,201.715046
-5539.856599,3,201.720046
-5539.856801,3,201.724046
9411.141764,4,201.730561
-20607.565919,4,201.737562
-5098.583815,3,201.741562
392.424489,4,201.747562
-5557.998302,3,201.752563
-20656.543982,5,201.760562
343.452702,5,201.771561
343.438561,5,201.779558
-5079.847535,3,201.783558
-5656.582049,5,201.79182
-5098.586002,3,201.796819
852.427614,4,201.803107
392.424182,4,201.809107
-5607.580044,4,201.815111
883.287545,3,201.820587
392.422212,4,201.826629
-5607.581032,4,201.832628
-5576.725515,3,201.837629
9411.147211,4,201.843629
343.432686,5,201.850629
-5147.578716,4,201.856628
343.451713,5,201.868812
343.440064,5,201.883129
9343.429814,5,201.891408
9392.416722,4,201.897408
-5656.581373,5,201.904408
-5607.577929,4,201.910408
-5557.995219,3,201.915756
-5539.857407,3,201.920756
-5147.584296,4,201.926262
-5079.845156,3,201.930271
9883.275011,3,201.934268
-5656.577377,5,201.940269
-5576.725453,3,201.945792
852.429147,4,201.951826
-20147.577601,4,201.960282
343.429817,5,201.968895
-5625.719757,4,201.977031
343.425791,5,201.990574
-5656.576609,5,201.999572
852.455893,4,202.005963
-20147.574561,4,202.013968
343.430105,5,202.022463
411.154873,4,202.029571
-5116.726944,3,202.035722
343.45752,5,202.044722
343.431052,5,202.05276
-5539.857088,3,202.058898
9423.27191,3,202.064237
-5557.997722,3,202.070869
343.428307,5,202.080827
343.439697,5,202.099317
852.420913,4,202.108957
9343.41793,5,202.118869
-5656.574984,5,202.128379
343.459119,5,202.137379
-5576.725641,3,202.143379
883.279897,3,202.149379
9901.413652,3,202.15738
-5656.578993,5,202.166381
-20656.562661,5,202.176481
392.433489,4,202.18548
9852.415138,4,202.192639
-20116.714272,3,202.198638
9901.411651,3,202.205638
920.148657,3,202.216644
9852.416937,4,202.224671
852.432936,4,202.232196
343.426094,5,202.240476
392.430444,4,202.246554
392.432606,4,202.253553
9343.426398,5,202.261556
9920.14259,3,202.266989
-5098.588162,3,202.271935
-5147.581128,4,202.278637
-5656.575368,5,202.288851
-5147.579698,4,202.294851
-20656.56614,5,202.30469
-5656.581596,5,202.312735
-5656.572964,5,202.323981
-5539.858058,3,202.329118
-5116.723883,3,202.334118
-5656.578307,5,202.342372
343.43422,5,202.351503
-5607.584908,4,202.358518
-5147.586505,4,202.365956
411.160727,4,202.374166
9920.142906,3,202.380166
-5656.577898,5,202.390165
-5625.72672,4,202.398166
374.280215,4,202.406165
-5588.847941,4,202.413169
9852.417677,4,202.42017
-5607.58263,4,202.430284
9852.424759,4,202.437284
-20656.557997,5,202.445284
901.419993,3,202.450286
883.306032,3,202.456283
343.423497,5,202.464281
343.493159,5,202.473282
-5539.857626,3,202.478281
-5656.581494,5,202.486281
343.434395,5,202.494282
852.430418,4,202.501292
9920.141864,3,202.506165
411.160209,4,202.512834
-5656.579496,5,202.520832
9852.418078,4,202.527776
852.432712,4,202.533775
-5625.721522,4,202.542775
9343.419369,5,202.55069
-20656.539133,5,202.558704
-5656.575947,5,202.564704
-5607.587002,4,202.571023
-5098.586109,3,202.576024
-5098.580618,3,202.580024
343.450921,5,202.589024
9460.142479,3,202.594024
-5557.994265,3,202.599024
-5656.583439,5,202.606023
343.433145,5,202.614026
9343.421817,5,202.62203
-20656.576029,5,202.629733
-5116.724947,3,202.63514
-5098.580689,3,202.640139
392.420999,4,202.650164
-5557.996161,3,202.655173
-5116.722026,3,202.660172
343.432578,5,202.668175
343.437848,5,202.675173
-5588.845321,4,202.682407
-5656.57885,5,202.689406
-5656.574775,5,202.696407
-5656.581027,5,202.704406
901.420752,3,202.709407
-20656.561748,5,202.716411
-20656.555732,5,202.72441
-5098.588803,3,202.729024
-20625.715227,4,202.735026
-5539.854297,3,202.740024
-20656.570802,5,202.748292
343.427151,5,202.759795
883.278171,3,202.764793
343.455774,5,202.772897
-5625.720948,4,202.778963
343.433977,5,202.787211
-5656.576195,5,202.795699
-5625.721632,4,202.8027
411.168343,4,202.809044
-20625.679679,4,202.814594
-5079.856494,3,202.820248
901.424234,3,202.826247
343.436225,5,202.835763
343.434581,5,202.846289
883.286733,3,202.85149
9343.416338,5,202.860002
-5116.724227,3,202.867977
343.427136,5,202.879072
-5625.719927,4,202.885854
343.439731,5,202.892856
343.436972,5,202.90369
-5147.566724,4,202.910174
-5079.852383,3,202.915178
343.451436,5,202.923177
-5116.72546,3,202.928867
343.434486,5,202.937413
-5098.589463,3,202.941412
343.455677,5,202.950416
343.431909,5,202.958415
-5656.584286,5,202.966417
-5147.577829,4,202.973412
-5079.852216,3,202.981413
-5557.997482,3,202.98682
-5588.850237,4,202.993254
343.447795,5,203.000412
-20656.566802,5,203.008413
-5607.581785,4,203.014925
-5656.577855,5,203.023721
-5607.574772,4,203.02907
-5539.857088,3,203.033077
852.423857,4,203.039148
374.285717,4,203.045148
852.434283,4,203.052163
-5588.845941,4,203.058323
9423.274298,3,203.061323
-5656.573268,5,203.069818
343.434865,5,203.076818
343.431591,5,203.087632
9883.277247,3,203.092632
-5079.855528,3,203.097632
852.424699,4,203.103974
343.423074,5,203.112091
-5098.583412,3,203.11609
343.431963,5,203.124091
-5147.581066,4,203.130603
-5557.999292,3,203.1356
411.155113,4,203.141599
343.437651,5,203.148779
-5079.855712,3,203.15378
411.156944,4,203.159779
9852.412689,4,203.166
-5656.578525,5,203.173997
-5656.576995,5,203.181997
343.443803,5,203.189997
-5656.579528,5,203.199998
374.285105,4,203.205997
-5098.586615,3,203.209996
-5539.85791,3,203.213999
392.430536,4,203.220999
-5576.726433,3,203.224999
-5539.85025,3,203.230506
392.426318,4,203.236505
392.429301,4,203.242506
343.447725,5,203.250506
343.441676,5,203.259506
-5656.57441,5,203.267508
374.292079,4,203.273616
9343.421373,5,203.280615
883.28056,3,203.284726
343.44397,5,203.292724
9920.144827,3,203.297724
-5656.570373,5,203.308504
-5147.580458,4,203.314507
852.425583,4,203.320508
-5116.722108,3,203.326507
-5147.585421,4,203.332014
-5098.582956,3,203.337014
852.426641,4,203.343014
-5607.580131,4,203.349014
-5539.856918,3,203.353015
-5576.727118,3,203.358114
411.15442,4,203.364123
343.434567,5,203.37269
-5656.575797,5,203.379848
-5079.85907,3,203.384849
-5656.576,5,203.391225
-5116.725093,3,203.394329
392.425821,4,203.399329
-5557.997976,3,203.403328
-5656.576782,5,203.410327
-5079.85628,3,203.418118
343.440256,5,203.425139
392.441313,4,203.432697
9883.274285,3,203.437137
343.427208,5,203.445232
-5625.718953,4,203.451744
343.430677,5,203.458744
-5116.723129,3,203.463802
-5656.581801,5,203.471802
-5656.585114,5,203.479802
-20656.568196,5,203.486802
-20656.5718,5,203.494802
-5656.580501,5,203.502937
852.43765,4,203.508937
-5625.718011,4,203.514942
-5079.857166,3,203.518984
-5098.587764,3,203.522983
423.27884,3,203.529841
343.46848,5,203.538359
374.292284,4,203.543658
-5557.995906,3,203.548661
-5539.852546,3,203.553659
-5539.857147,3,203.557777
-5557.998331,3,203.562777
9883.276098,3,203.567777
-5588.852702,4,203.573778
343.437529,5,203.581779
411.162324,4,203.587887
901.420948,3,203.592886
374.285274,4,203.598886
-5576.725379,3,203.603887
-5576.725435,3,203.608887
-5116.725632,3,203.61289
852.420443,4,203.61989
-5656.577305,5,203.627792
-5656.575439,5,203.637796
-5656.582567,5,203.646244
-5656.578141,5,203.653537
-5588.855139,4,203.660545
-5656.578536,5,203.668545
-5607.583491,4,203.674545
9852.421404,4,203.680546
374.308606,4,203.687021
9901.415605,3,203.692021
-5098.586283,3,203.697316
-5116.725404,3,203.702413
-5588.851159,4,203.708413
9411.146368,4,203.715275
-5147.578415,4,203.721274
-5079.856007,3,203.726274
-5588.840656,4,203.731782
9343.421357,5,203.739453
920.148026,3,203.747891
-20655.845183,5,203.75489
9343.417156,5,203.762891
-5656.584059,5,203.77089
343.438081,5,203.778261
-20147.5701,4,203.784261
-5656.582575,5,203.792261
-5557.995357,3,203.797264
343.445197,5,203.805453
9374.28125,4,203.811453
9343.414207,5,203.819664
-20656.552752,5,203.824662
-5656.581991,5,203.83217
883.297879,3,203.83717
9901.413556,3,203.842171
-5116.728931,3,203.846173
852.426735,4,203.856179
-5656.580839,5,203.863181
-5656.576087,5,203.871178
-5147.581523,4,203.877178
-5607.58148,4,203.884166
343.442476,5,203.89922
343.432712,5,203.907214
411.158981,4,203.913221
9460.146427,3,203.918346
-5079.855221,3,203.923237
-5588.8475,4,203.928753
-5576.728293,3,203.933962
9460.143459,3,203.938962
343.423307,5,203.944963
-5588.853304,4,203.950961
343.43335,5,203.958961
-5557.994257,3,203.966961
-5607.580202,4,203.972961
343.455955,5,203.980652
-5079.855079,3,203.985651
-5656.580038,5,203.992652
343.433339,5,204.000652
9901.412509,3,204.005651
-5098.588861,3,204.010652
-5588.847845,4,204.01609
343.425015,5,206.311481
343.440422,5,206.32049
-5539.854526,3,206.325327
883.279141,3,206.329862
852.430096,4,206.33687
9423.27059,3,206.340868
343.487227,5,206.348443
-5557.996792,3,206.35303
-5147.587271,4,206.359029
343.434587,5,206.367097
343.462658,5,206.377763
-5147.588079,4,206.384707
343.430794,5,206.390707
-5607.584013,4,206.396707
9343.422297,5,206.403705
-5588.849832,4,206.409704
-5147.579522,4,206.416707
-5147.577466,4,206.422707
-20147.577833,4,206.429214
-5656.576681,5,206.43665
-5079.856984,3,206.441163
-5576.728353,3,206.446162
423.279601,3,206.451162
343.437287,5,206.458161
-5098.584163,3,206.463161
-5656.566575,5,206.471162
-5588.85192,4,206.477162
343.443318,5,206.485162
-5116.722961,3,206.492162
343.44393,5,206.499161
901.422056,3,206.504162
883.282749,3,206.509253
-5079.856106,3,206.513252
-5625.718898,4,206.519259
392.426615,4,206.525259
9343.416661,5,206.531773
-5588.850935,4,206.538266
-5656.567593,5,206.546266
343.442118,5,206.553447
-5588.852738,4,206.558447
9920.145688,3,206.562448
-20625.698424,4,206.567447
374.289382,4,206.574447
-5576.726547,3,206.57845
852.442614,4,206.585447
-5656.573704,5,206.592909
-5656.577127,5,206.603005
-5607.584947,4,206.608005
9901.411848,3,206.61353
-5576.72293,3,206.626563
423.285918,3,206.631075
883.280506,3,206.636075
343.442336,5,206.644077
-5656.578128,5,206.651368
343.440507,5,206.659366
-5079.85817,3,206.662827
-5147.581109,4,206.668839
-5656.584016,5,206.674987
-5116.722594,3,206.679999
-5576.726886,3,206.684999
343.440422,5,206.692375
343.459816,5,206.700376
-5607.579941,4,206.709527
9460.141816,3,206.714532
-5147.580222,4,206.720629
-5576.726805,3,206.725626
-20656.562191,5,206.73329
-5079.859527,3,206.7383
-5557.988052,3,206.743304
392.425375,4,206.749301
-5147.579605,4,206.755392
852.433423,4,206.761392
852.42719,4,206.768393
9374.278809,4,206.774392
-5576.728034,3,206.779393
-5116.72188,3,206.783393
374.289302,4,206.790493
-5607.578267,4,206.796494
9411.140616,4,206.803229
-5079.853294,3,206.807238
-5079.858033,3,206.812609
9852.418968,4,206.821733
-5576.725656,3,206.826995
-5539.853379,3,206.831505
9883.277619,3,206.839664
-5557.991464,3,206.847689
-5147.585459,4,206.855304
9343.413769,5,206.863302
-20656.549788,5,206.870816
-5576.724293,3,206.874814
-5607.583527,4,206.880815
-20147.563201,4,206.887326
-5557.993888,3,206.892326
-5576.727943,3,206.896326
920.167118,3,206.901889
-5656.57956,5,206.909249
-5607.580444,4,206.916402
-5656.582103,5,206.927013
-5147.584211,4,206.933348
-5116.724425,3,206.937357
343.436548,5,206.945989
-5557.990845,3,206.950397
-5656.5742,5,206.960911
-5116.722509,3,206.966737
-5557.99646,3,206.97166
9343.431138,5,206.979058
-5607.582956,4,206.985803
343.443306,5,206.993654
343.438722,5,207.002116
-5656.584059,5,207.011352
392.435798,4,207.019357
-5098.586434,3,207.025357
9852.421206,4,207.035869
423.278783,3,207.043868
9442.009032,3,207.04987
852.423702,4,207.05687
-5116.72394,3,207.06187
-5576.725728,3,207.066868
9423.271349,3,207.070869
-5098.589126,3,207.07587
-5607.579204,4,207.081871
-5147.580157,4,207.08887
-5656.579825,5,207.095869
343.431509,5,207.103868
343.434372,5,207.111868
-5539.857525,3,207.116878
-5147.585018,4,207.122874
-20576.712851,3,207.127874
9343.428873,5,207.134956
-5576.726625,3,207.140957
-5557.998276,3,207.148957
-5557.997823,3,207.15396
-5588.846093,4,207.159956
392.421732,4,207.165959
852.443393,4,207.172958
343.513647,5,207.180957
-20656.559124,5,207.187957
411.151805,4,207.195956
-5588.854385,4,207.202957
852.426276,4,207.208957
-20656.572115,5,207.21896
-5656.584606,5,207.228961
411.150809,4,207.235986
-5656.578349,5,207.244986
9343.422467,5,207.252985
343.435909,5,207.264987
9374.274664,4,207.270987
343.43256,5,207.279986
-5625.723426,4,207.285986
-5539.856798,3,207.291987
-5588.859542,4,207.297986
-5607.577994,4,207.303987
-5656.568345,5,207.311986
411.16173,4,207.31799
-20607.570588,4,207.324991
-5588.851878,4,207.331502
343.434712,5,207.338502
-5116.720944,3,207.343502
-5147.58615,4,207.350503
343.437384,5,207.357501
343.430706,5,207.365502
-5656.576126,5,207.377501
343.459365,5,207.387529
-20588.849477,4,207.394879
-5656.569303,5,207.409884
852.427787,4,207.417887
-5079.854878,3,207.423888
392.427888,4,207.433401
-5116.728125,3,207.440399
9343.425202,5,207.451401
343.428546,5,207.463401
852.422225,4,207.471399
343.433237,5,207.485399
442.00885,3,207.490397
-5147.585167,4,207.497398
-5607.579607,4,207.503398
852.42861,4,207.509399
-5116.72304,3,207.517402
-5147.581367,4,207.527402
-5656.579286,5,207.540913
-5656.572736,5,207.548912
-20656.570994,5,207.557913
-5625.722412,4,207.564911
9883.276058,3,207.569911
9852.421193,4,207.57691
-5147.572816,4,207.582913
-5625.716426,4,207.592912
-5539.856889,3,207.597913
-20098.569833,3,207.602913
9901.413797,3,207.607912
-5539.852843,3,207.612912
-5079.855545,3,207.617916
343.435956,5,207.626919
343.428122,5,207.635965
343.474989,5,207.644963
852.43044,4,207.651963
374.283674,4,207.658963
-5588.85416,4,207.664963
-5576.722009,3,207.669964
852.435196,4,207.676964
-5656.571726,5,207.683966
-5079.856967,3,207.688964
-5147.586822,4,207.695964
9920.143338,3,207.704962
-5098.587239,3,207.709962
-5576.719576,3,207.715973
-5576.723842,3,207.720971
9883.275011,3,207.725971
343.434328,5,207.733437
-5576.72814,3,207.738436
392.420156,4,207.745439
-5098.580878,3,207.750438
343.427838,5,207.757438
343.445452,5,207.765437
9343.426574,5,207.773436
852.423763,4,207.779437
-20656.561795,5,207.787436
343.431636,5,207.795436
411.159023,4,207.801436
9920.144025,3,207.806436
392.430238,4,207.81544
-5656.575425,5,207.82344
-5116.725038,3,207.828948
-5656.579571,5,207.836953
-5557.998178,3,207.841954
-5625.710224,4,207.848955
-5147.584943,4,207.855955
9343.431594,5,207.863952
343.485691,5,207.870952
343.440887,5,207.878954
-5607.580582,4,207.884953
-5588.852136,4,207.890953
-20116.720664,3,207.895954
9343.421484,5,207.903953
9442.00705,3,207.907955
392.420335,4,207.912953
343.439867,5,207.922958
-5116.724264,3,207.926957
-5607.581836,4,207.933474
343.430903,5,207.941472
9460.144729,3,207.946472
901.420612,3,207.950475
883.280719,3,207.955472
-5625.716046,4,207.961472
-5656.576579,5,207.969472
9852.420396,4,207.975473
852.456428,4,207.981473
-5625.722302,4,207.989022
343.430597,5,208.000036
-5607.583787,4,208.006036
-5656.579735,5,208.013036
-20625.711058,4,208.020041
-5588.850423,4,208.026039
-5656.576168,5,208.037546
-5079.856934,3,208.042546
411.156188,4,208.048546
920.151186,3,208.053546
343.436449,5,208.061549
9392.413189,4,208.067545
852.430396,4,208.072545
343.430894,5,208.080545
9343.417075,5,208.088545
343.42746,5,208.096546
9423.277538,3,208.101546
392.429671,4,208.107546
-20625.714289,4,208.113546
9411.144298,4,208.119553
343.443362,5,208.127555
343.455322,5,208.13507
-5588.850384,4,208.145067
-5576.726159,3,208.150067
852.427804,4,208.156067
-5656.58695,5,208.163067
-20656.550174,5,208.171067
343.428884,5,208.178068
343.45065,5,208.187069
-20147.576402,4,208.193069
-20588.846628,4,208.20007
392.420459,4,208.207072
-5147.579745,4,208.214068
901.422874,3,208.220071
343.430605,5,208.228073
-5607.584998,4,208.234583
343.435778,5,208.243586
-5098.58851,3,208.249582
442.019489,3,208.258584
343.431532,5,208.267583
-5557.996182,3,208.272583
9411.154441,4,208.279583
9852.421439,4,208.286585
-5656.576958,5,208.297582
343.434052,5,208.305582
343.434989,5,208.313582
901.418661,3,208.319586
-5539.856893,3,208.323588
374.303494,4,208.330099
343.430515,5,208.339097
-5656.571142,5,208.347098
852.437213,4,208.355097
-5588.850285,4,208.361099
-5116.721464,3,208.371098
-5656.582614,5,208.379098
-5656.578118,5,208.386098
411.152056,4,208.391098
9411.147376,4,208.398098
-5539.851429,3,208.403098
-5539.854773,3,208.409097
-5656.577695,5,208.417106
9852.415407,4,208.424104
460.154183,3,208.429105
-5607.580851,4,208.435216
-5539.853859,3,208.440216
343.427937,5,208.448215
343.427882,5,208.456215
-5147.579249,4,208.462216
-5539.856572,3,208.467217
-5098.585228,3,208.472214
9852.42171,4,208.481217
-5116.722429,3,208.486217
343.426886,5,208.494217
343.450919,5,208.502216
-5079.855895,3,208.507217
-5147.580219,4,208.513215
920.156446,3,208.51822
411.164487,4,208.52422
343.451746,5,208.532731
-5576.729822,3,208.53673
343.435764,5,208.54473
-5539.858286,3,208.54973
-5147.567606,4,208.555729
374.288282,4,208.56373
-5656.582739,5,208.57573
9392.414773,4,208.58173
343.431314,5,208.594735
343.439738,5,208.60273
9343.421204,5,208.609731
-5098.583878,3,208.614735
411.154645,4,208.621735
-5557.995557,3,208.626735
343.433802,5,208.634247
392.423404,4,208.640247
-5539.852853,3,208.644247
852.425833,4,208.650248
343.42919,5,208.658247
9901.414215,3,208.662248
883.285959,3,208.667247
-20656.56429,5,208.675246
852.43093,4,208.681247
-5656.577437,5,208.689248
343.427897,5,208.700247
-5588.854818,4,208.706246
901.419883,3,208.711248
343.435199,5,208.719256
852.431395,4,208.725252
9901.414668,3,208.730764
343.427342,5,208.737763
-20079.850668,3,208.742764
-5656.574514,5,208.749768
-20656.567118,5,208.757764
-5607.581124,4,208.763762
-5576.725713,3,208.768763
343.442467,5,208.776764
-5656.575521,5,208.782765
-5098.586922,3,208.786763
343.436438,5,208.793764
-5656.574209,5,208.801764
9392.420226,4,208.810765
411.15456,4,208.816772
9852.412206,4,208.823769
-5656.570406,5,208.831275
852.428875,4,208.837275
883.278451,3,208.842275
-5656.583385,5,208.850276
411.16621,4,208.857276
-5576.727321,3,208.861275
374.282605,4,208.868275
-5607.586128,4,208.874276
-20656.562748,5,208.882276
-5116.72152,3,208.887275
374.282056,4,208.893274
-5098.58615,3,208.898274
9343.428288,5,208.906276
411.160164,4,208.912274
-5656.569783,5,208.923277
-5098.584133,3,208.928277
852.420008,4,208.934783
852.436806,4,208.940783
9920.14571,3,208.945782
-5656.576013,5,208.953783
-5098.588775,3,208.957783
343.432325,5,208.965786
-5607.581189,4,208.971784
-5116.722806,3,208.976785
392.432287,4,208.983784
852.442415,4,208.988784
852.428499,4,208.994786
343.435507,5,209.002784
-20656.559304,5,209.01079
9901.413052,3,209.01579
-5656.583271,5,209.023793
-5098.588681,3,209.027795
392.421632,4,209.038306
852.464605,4,209.044306
-5079.857245,3,209.049306
-5098.587943,3,209.054306
-5539.856471,3,209.059306
343.441038,5,209.067306
-5656.587408,5,209.075306
460.148557,3,209.079304
343.435293,5,209.087304
-20656.562654,5,209.095305
852.423425,4,209.101305
-5539.856505,3,209.106304
-5557.998003,3,209.111305
411.155326,4,209.117309
-20588.847796,4,209.123309
9920.14316,3,209.128309
-5656.580294,5,209.135815
-5607.578164,4,209.145817
-5656.572888,5,209.152817
343.435539,5,209.16083
374.294392,4,209.167816
-5079.85673,3,209.172819
411.157565,4,209.178817
-5147.579635,4,209.184817
9392.410986,4,209.190817
-5607.585086,4,209.196817
-5079.858544,3,209.201817
-5588.852921,4,209.207817
-5656.57111,5,209.215821
-5147.5814,4,209.22182
-20656.57077,5,209.22933
-5656.575303,5,209.237334
343.430873,5,209.245334
343.480618,5,209.256334
-5656.576392,5,209.264334
-5607.585342,4,209.270335
343.429731,5,209.277335
343.435312,5,209.285335
343.425259,5,209.293335
-5625.720229,4,209.299336
-5607.579101,4,209.306334
-5079.853516,3,209.310333
-5116.727702,3,209.315338
-5079.855619,3,209.320338
9920.142141,3,209.325338
-5656.578519,5,209.333444
-5147.585817,4,209.339442
9901.412362,3,209.344446
9460.141515,3,209.349987
343.429762,5,209.366016
343.434677,5,209.374017
9392.416102,4,209.380017
-20656.56965,5,209.388017
9852.414112,4,209.394018
-5098.585948,3,209.399017
392.443585,4,209.405017
392.422556,4,209.412017
-5656.579675,5,209.420021
-5079.857461,3,209.425022
-5116.723258,3,209.42953
-5656.575565,5,209.437534
343.434484,5,209.445535
343.433988,5,209.453534
883.283823,3,209.457536
852.432277,4,209.464535
-5656.567914,5,209.475535
9343.417309,5,209.483534
-5557.992735,3,209.487533
-5588.846995,4,209.494539
-5116.722476,3,209.499537
343.448785,5,209.507534
-5656.576744,5,209.515542
-5607.587578,4,209.521538
-5147.584617,4,209.526537
343.443289,5,209.535049
-5147.58231,4,209.541048
374.287881,4,209.547048
343.431386,5,209.555048
-5147.584731,4,209.56105
-20147.579313,4,209.568048
-5116.728767,3,209.572048
-5147.58534,4,209.579048
-5656.570975,5,209.590048
-5607.576321,4,209.596048
9343.420525,5,209.604048
-5557.996849,3,209.609048
423.28294,3,209.614048
-20656.571838,5,209.621051
9901.416343,3,209.626051
411.153761,4,209.632563
-5098.588168,3,209.637562
9442.001439,3,209.641563
-5607.584779,4,209.647563
9460.147096,3,209.652562
901.424248,3,209.656562
9920.147192,3,209.661562
343.427219,5,209.677566
343.441764,5,209.686568
343.433827,5,209.699565
9442.000628,3,209.704562
-5539.858374,3,209.709562
343.430136,5,209.71757
343.431619,5,209.72557
9442.002371,3,209.731084
-5656.579468,5,209.739082
343.423633,5,209.746996
-5588.852268,4,209.752996
343.441056,5,212.150275
9343.422589,5,212.158898
-5539.854282,3,212.163899
-20656.563952,5,212.170898
-20656.570043,5,212.178898
883.280253,3,212.1839
-5557.995774,3,212.188899
-5656.581394,5,212.195899
-5147.580938,4,212.201898
9411.144291,4,212.208898
-5607.580802,4,212.214902
-5625.721581,4,212.220356
-5539.856642,3,212.225356
-5656.57916,5,212.233869
-20116.714437,3,212.239106
-20116.719663,3,212.244107
-5116.72725,3,212.251107
9852.420198,4,212.258107
343.457703,5,212.265465
-5557.997051,3,212.270465
9852.415225,4,212.276465
-5539.856085,3,212.281639
343.447032,5,212.28879
-20656.568071,5,212.296789
392.434049,4,212.302896
343.43758,5,212.311019
-5539.853182,3,212.315016
-5656.574027,5,212.323125
-5539.856603,3,212.32813
-5625.722124,4,212.333639
343.441549,5,212.341793
411.150856,4,212.347793
9920.141206,3,212.352801
392.428506,4,212.360806
-5656.583586,5,212.368937
-5116.723536,3,212.372938
-5656.582375,5,212.378936
-5539.857672,3,212.382937
-5098.585824,3,212.386937
-5116.72814,3,212.391937
883.278909,3,212.395937
343.42665,5,212.404446
-5656.584725,5,212.411835
9460.144137,3,212.416872
343.427841,5,212.424969
343.438654,5,212.432481
-5098.586227,3,212.436634
423.279712,3,212.440631
-5656.574615,5,212.447632
411.15667,4,212.45421
392.434096,4,212.460211
343.451424,5,212.469528
-5625.719887,4,212.475528
-20656.570364,5,212.482522
-20656.562928,5,212.490522
9411.148237,4,212.496523
9374.281937,4,212.502523
-5079.855957,3,212.507522
-5098.585298,3,212.512526
343.448817,5,212.520529
343.434063,5,212.527862
343.447701,5,212.536746
374.285281,4,212.542749
-5656.576206,5,212.550914
411.152083,4,212.556913
-5607.582016,4,212.564057
392.42955,4,212.570199
-5576.724404,3,212.5784
852.422483,4,212.585084
-5656.578327,5,212.593454
-5539.856564,3,212.598454
392.424281,4,212.603461
-5098.589652,3,212.608591
-5576.725444,3,212.612595
9920.143344,3,212.616975
-5625.716233,4,212.624033
9343.426279,5,212.631032
-5656.572433,5,212.640411
-20539.842779,3,212.644413
-5116.722896,3,212.649413
392.423355,4,212.655624
9343.42096,5,212.663724
-5539.854834,3,212.668721
-5656.578169,5,212.676734
423.279413,3,212.685268
-5625.719115,4,212.691267
374.283695,4,212.697269
-5147.582549,4,212.703279
-5656.575473,5,212.711278
343.447593,5,212.719563
-5147.58215,4,212.725562
392.426317,4,212.731382
-5079.855688,3,212.736512
374.295305,4,212.742514
9920.141936,3,212.746512
-5539.858679,3,212.751512
-5588.848859,4,212.757512
901.418682,3,212.762091
-5607.577925,4,212.768101
423.297738,3,212.773101
-5147.578821,4,212.779101
-5147.580834,4,212.785222
343.443785,5,212.795129
852.433076,4,212.802245
-5656.576326,5,212.809649
-5147.579386,4,212.815649
9392.421394,4,212.822003
9852.415105,4,212.828015
-5557.995433,3,212.833176
-5656.570981,5,212.841919
-5656.579312,5,212.848919
343.453939,5,212.856181
392.44207,4,212.862181
-5607.584704,4,212.867366
-5656.583615,5,212.875517
-5147.579612,4,212.8816
9343.422363,5,212.8886
-5576.726662,3,212.8936
-5607.582702,4,212.902599
-5607.582901,4,212.9086
-5098.580618,3,212.913599
-5147.579338,4,212.920614
-5098.582272,3,212.924614
852.429494,4,212.931118
-5656.574808,5,212.938123
-5588.852075,4,212.943122
-5656.577555,5,212.949123
343.434956,5,212.956123
9423.275161,3,212.960123
-5147.583591,4,212.966122
-5588.851146,4,212.972123
-20625.712139,4,212.978128
374.281572,4,212.984688
-5656.571847,5,212.992687
9343.419595,5,213.0008
343.432483,5,213.007799
-5656.579683,5,213.019953
343.434735,5,213.027957
-5098.588886,3,213.033465
343.433642,5,213.041463
-20147.579035,4,213.047466
9423.271733,3,213.052464
374.302551,4,213.058466
343.429673,5,213.065463
343.453714,5,213.072463
-20656.566032,5,213.079647
852.454088,4,213.086644
-20656.559713,5,213.093644
-5539.854557,3,213.098645
-5607.582123,4,213.104652
343.435257,5,213.112652
-5147.582418,4,213.119159
-5098.589277,3,213.126266
920.172223,3,213.13177
-5607.580762,4,213.137775
-5607.581286,4,213.143775
9901.412123,3,213.148775
-20625.719043,4,213.155052
9392.420973,4,213.161058
-5656.573278,5,213.169127
343.439743,5,213.177127
343.444376,5,213.184128
-5588.848954,4,213.189137
-5607.582216,4,213.195138
-5607.586041,4,213.201139
343.439555,5,213.208137
343.489711,5,213.216165
343.437097,5,213.224521
343.42955,5,213.23503
411.165954,4,213.24103
392.432761,4,213.24703
343.474145,5,213.254415
343.45952,5,213.262821
-5539.851428,3,213.267911
-5607.580536,4,213.272911
-5656.571327,5,213.279911
-20147.572699,4,213.286027
343.440255,5,213.294029
411.154865,4,213.299027
-5607.585305,4,213.30503
9423.272031,3,213.310138
852.426408,4,213.316139
-5607.579949,4,213.322145
343.430547,5,213.330143
343.44365,5,213.337572
343.434407,5,213.348569
-5079.855852,3,213.353566
-20098.498386,3,213.358007
-5116.722793,3,213.363601
-20147.572296,4,213.369601
343.44521,5,213.376866
920.154657,3,213.382068
9852.41528,4,213.387458
-5539.85678,3,213.392466
9920.144358,3,213.397467
-20656.573176,5,213.405466
-5576.72693,3,213.409466
-5079.853321,3,213.414466
-5607.581165,4,213.42047
-5656.573712,5,213.427781
-5607.583235,4,213.433403
343.432024,5,213.441002
-5079.85457,3,213.448131
343.432772,5,213.459324
-5079.856058,3,213.463841
-5588.849288,4,213.470201
-5607.584862,4,213.476203
-20147.558851,4,213.482413
374.28064,4,213.488024
9901.411841,3,213.492025
9374.280686,4,213.497025
-5116.727016,3,213.501127
-5576.726441,3,213.505137
343.427829,5,213.511141
9343.416976,5,213.518253
343.431473,5,213.524253
-20656.575323,5,213.530253
9411.14829,4,213.536108
423.278784,3,213.540108
374.282188,4,213.546109
-5576.723927,3,213.550225
343.43678,5,213.558224
343.432504,5,213.569224
-5557.992923,3,213.574224
343.425102,5,213.581227
-5079.85344,3,213.586225
343.47054,5,213.594225
343.45574,5,213.602552
9343.414562,5,213.61055
-20656.545956,5,213.618041
-20588.845725,4,213.624041
423.284841,3,213.62804
852.423474,4,213.633555
-5656.577508,5,213.639858
343.441199,5,213.645868
852.434874,4,213.652312
-5539.855925,3,213.656313
-5656.572184,5,213.66431
-5656.575892,5,213.674312
-20656.573817,5,213.682312
-5588.853678,4,213.688312
-20625.706084,4,213.694315
852.427559,4,213.699313
9343.424115,5,213.706367
9343.431888,5,213.714367
343.443632,5,213.721526
-5607.582793,4,213.728527
-5656.583714,5,213.734958
343.431737,5,213.742957
-5098.588842,3,213.747957
-5098.582037,3,213.752957
-5079.856277,3,213.756957
343.442079,5,213.764958
343.42527,5,213.770956
-5147.576778,4,213.775958
392.423136,4,213.785055
411.15346,4,213.791053
-5656.566374,5,213.799077
852.424708,4,213.804077
-5147.585464,4,213.809077
-5656.578007,5,213.816077
374.281415,4,213.823539
343.438799,5,213.83169
852.436954,4,213.838196
343.439747,5,213.8472
343.436444,5,213.856199
9920.146068,3,213.861197
-5116.725258,3,213.866199
852.424945,4,213.872198
-5656.574078,5,213.8802
-5607.582488,4,213.886677
-5079.85489,3,213.893901
-20656.571174,5,213.901901
9920.1498,3,213.906901
343.433292,5,213.914903
-5116.728149,3,213.919905
-5147.580447,4,213.925997
392.425726,4,213.931997
883.285718,3,213.937511
-5079.858321,3,213.942784
-5588.85179,4,213.947781
343.450908,5,213.954915
-5656.579103,5,213.960916
-5539.856941,3,213.964915
9343.419213,5,213.972032
343.428675,5,213.978037
392.426214,4,213.984032
-20656.566777,5,213.991321
-20588.8317,4,213.996321
-5607.581689,4,214.004933
-5079.857904,3,214.008935
343.435434,5,214.015935
343.436367,5,214.021937
343.439991,5,214.028937
423.294681,3,214.033119
-5539.85411,3,214.037631
343.451184,5,214.044636
343.453434,5,214.052876
920.150375,3,214.057876
-5656.571321,5,214.064877
343.425887,5,214.072877
9343.422505,5,214.080877
-5588.852404,4,214.086877
-5607.580411,4,214.093877
-5557.993244,3,214.098877
423.283749,3,214.104012
-5607.581018,4,214.113012
901.419558,3,214.119016
9442.00383,3,214.123016
9343.416291,5,214.131016
9423.273672,3,214.136088
-5098.584072,3,214.141088
-5588.84878,4,214.147087
-5116.724465,3,214.152087
-20656.544632,5,214.1592
9460.142974,3,214.164199
-5147.586018,4,214.170311
-5147.584207,4,214.177311
-5098.588766,3,214.181311
852.430973,4,214.187409
9852.427154,4,214.194495
-5656.578897,5,214.20162
392.432177,4,214.20862
9460.144361,3,214.212622
9374.278942,4,214.222624
343.431477,5,214.230624
343.435647,5,214.238137
343.429999,5,214.246137
-5557.996608,3,214.251137
-5557.998021,3,214.256137
-5576.723088,3,214.260136
-5588.855687,4,214.267513
-5147.586926,4,214.273522
-5607.581562,4,214.279522
-5147.58767,4,214.285733
343.441412,5,214.293733
852.436806,4,214.299733
9392.420332,4,214.305732
883.278628,3,214.310733
343.43672,5,214.318736
343.430578,5,214.326736
9392.416551,4,214.33625
343.436711,5,214.342251
9920.147019,3,214.34725
9442.00538,3,214.352251
343.450774,5,214.360251
-5079.857204,3,214.364251
343.442491,5,214.371251
-5656.578973,5,214.377252
-5098.587172,3,214.381251
-20656.568293,5,214.388362
-5147.580896,4,214.394363
343.432533,5,214.401483
9392.420199,4,214.407742
-5656.575001,5,214.415755
9392.411543,4,214.422746
-5147.581364,4,214.428747
-5625.719747,4,214.435256
9374.273443,4,214.444256
-5539.853106,3,214.449256
852.420515,4,214.455255
852.433597,4,214.462256
-20079.848403,3,214.466256
852.460545,4,214.473255
920.154432,3,214.477255
343.4341,5,214.485255
-5098.587399,3,214.490256
-5607.579394,4,214.496255
-5116.722756,3,214.501256
423.294515,3,214.505255
343.495767,5,214.513255
-5098.588953,3,214.518255
9460.14192,3,214.522258
374.282796,4,214.529258
-5656.578468,5,214.536766
-5116.724578,3,214.541766
852.425993,4,214.547765
9411.149217,4,214.555765
-5539.856986,3,214.559766
-5147.575263,4,214.564767
343.431044,5,214.571739
411.154728,4,214.576906
-5539.856298,3,214.580904
-5607.578903,4,214.586903
-5656.580667,5,214.592903
-5656.574655,5,214.600905
-20607.579061,4,214.606903
9920.148055,3,214.611903
-5588.849378,4,214.617903
343.432942,5,214.623906
-5588.851091,4,214.629907
-5607.58292,4,214.636413
343.433433,5,214.644413
-5576.722199,3,214.648417
-5116.720236,3,214.653417
9852.421008,4,214.659417
9883.270738,3,214.666513
9883.271284,3,214.671512
343.432351,5,214.679512
-5116.722908,3,214.684512
-5607.585037,4,214.689512
-5098.586371,3,214.694512
-5539.856619,3,214.698512
9411.1458,4,214.703512
411.161821,4,214.709515
9901.411949,3,214.713512
-5588.852223,4,214.719516
-20656.575448,5,214.727516
-5147.577974,4,214.733516
-5656.576977,5,214.741024
-5656.578545,5,214.748022
9883.273199,3,214.753022
-5656.575283,5,214.761022
343.441944,5,214.769022
-5098.58858,3,214.776023
343.446703,5,214.784022
-5607.584088,4,214.790787
-5607.582742,4,214.803842
343.429762,5,214.811843
-5576.724361,3,214.81702
-20625.714076,4,214.823025
9411.148289,4,214.829025
-5079.855843,3,214.833529
-5147.578373,4,214.840607
343.43356,5,214.848608
-5147.588079,4,214.854607
883.291855,3,214.859607
-20656.570206,5,214.867786
343.434486,5,214.874938
-5588.852595,4,214.884941
343.438701,5,214.892939
9883.275111,3,214.896938
852.43545,4,214.903938
-5607.580469,4,214.909938
9343.415412,5,214.917214
-5576.724908,3,214.921218
-5576.726599,3,214.925218
-5656.570904,5,214.932218
-5079.856492,3,214.93673
-20147.571497,4,214.942727
343.442785,5,214.950825
-5607.584394,4,214.956839
9442.005854,3,214.960932
-5656.573788,5,214.969041
9374.280967,4,214.975041
-5098.58576,3,214.980041
411.152008,4,214.986151
9343.413337,5,214.9965
-5607.586332,4,215.002629
-5079.852383,3,215.007631
-5116.719536,3,215.011629
-5588.843149,4,215.018736
423.374481,3,215.022741
9411.148737,4,215.02874
-5079.852457,3,215.034246
374.286509,4,215.039256
-5079.853492,3,215.044255
9901.412123,3,215.048254
9442.007358,3,215.053368
-20656.574365,5,215.060575
-5656.573506,5,215.068755
9343.418231,5,215.075755
343.42374,5,215.083112
374.307258,4,215.089121
-5539.850834,3,215.094121
-5656.574841,5,215.105321
343.43661,5,215.113322
-5116.72477,3,215.117938
852.432676,4,215.123942
-20098.575891,3,215.127944
-5656.587252,5,215.136449
-5656.583313,5,215.143449
-5607.579128,4,215.15045
-5607.583975,4,215.15645
-5116.724406,3,215.161454
9343.420167,5,215.16945
343.428085,5,215.17645
-5557.997636,3,215.181449
852.433523,4,215.187449
-5147.578359,4,215.193452
9392.423576,4,215.199572
-5098.587528,3,215.20458
374.284358,4,215.213844
-5079.857571,3,215.218935
-20588.846129,4,215.224938
-5607.581557,4,215.230939
-5079.857639,3,215.236059
852.423777,4,215.242059
-5656.570918,5,215.24951
9901.413488,3,215.25451
-5557.998325,3,215.259511
9343.418634,5,215.26751
-5147.58203,4,215.27351
-5098.587854,3,215.27851
-5656.578194,5,215.28551
-20656.566124,5,215.2936
343.43049,5,215.3016
-5098.585095,3,215.3056
-5625.723616,4,215.310599
-20656.560981,5,215.317599
-5147.576729,4,215.325606
-5656.580377,5,215.333164
-20588.848527,4,215.339628
9852.418418,4,215.345672
9423.277084,3,215.350677
-5656.575507,5,215.358678
-5557.988726,3,215.363679
-5147.581269,4,217.678855
343.436295,5,217.685855
-5098.585326,3,217.690855
-5607.581544,4,217.698259
9343.422245,5,217.705259
9442.007111,3,217.710259
-5576.725528,3,217.715259
343.445187,5,217.723266
374.287012,4,217.729266
9460.141524,3,217.734265
-20607.578557,4,217.743778
9343.424221,5,217.751778
9920.146273,3,217.756778
-5656.57992,5,217.763778
901.420461,3,217.768778
852.478923,4,217.77586
374.288112,4,217.78186
-5147.580279,4,217.787862
343.432526,5,217.795862
-5147.586804,4,217.802861
343.446325,5,217.809861
343.444263,5,217.818861
-5588.850198,4,217.824868
-5079.859209,3,217.829868
9374.282898,4,217.837137
343.444863,5,217.844178
-5079.85546,3,217.851979
-5625.724386,4,217.858978
343.434187,5,217.866106
-20656.565643,5,217.873115
-5607.580051,4,217.880113
-5539.854835,3,217.884236
411.155731,4,217.890248
-5116.722609,3,217.895247
-5588.855882,4,217.901372
-5147.578165,4,217.90837
-5116.725882,3,217.91337
9343.424803,5,217.924295
-5079.855979,3,217.931727
343.4371,5,217.938363
343.481356,5,217.945363
-5625.718583,4,217.952363
-5147.582618,4,217.961746
343.436287,5,217.970744
852.425579,4,217.976744
343.432047,5,217.984743
852.43592,4,217.990743
-5625.717353,4,217.996743
343.456398,5,218.003743
343.43704,5,218.011745
901.42462,3,218.015746
343.442562,5,218.024754
-5147.580037,4,218.030787
411.155471,4,218.036405
-5539.856113,3,218.040913
-5098.582844,3,218.045915
9343.411524,5,218.05394
9883.274121,3,218.05894
-5098.588509,3,218.06394
343.435048,5,218.075051
-5656.575829,5,218.083051
411.160454,4,218.09005
374.290026,4,218.097051
343.431879,5,218.104052
343.452507,5,218.112087
-5557.992489,3,218.117297
9460.14371,3,218.121296
374.287623,4,218.128305
-5656.574926,5,218.1353
852.432739,4,218.14181
343.426396,5,218.148812
343.430642,5,218.15681
-5079.858814,3,218.161813
-5098.581671,3,218.166811
9883.27556,3,218.17081
-5656.588553,5,218.181996
-5607.578414,4,218.189013
-5116.723345,3,218.194017
-20116.718591,3,218.199012
-5557.997102,3,218.203012
-5656.577702,5,218.210012
-5656.581065,5,218.217014
-5588.850591,4,218.223014
-5656.580281,5,218.231014
343.428005,5,218.238519
-5656.578421,5,218.24652
9852.416016,4,218.25252
343.431468,5,218.26052
343.437975,5,218.268521
9883.274835,3,218.273521
-5607.576427,4,218.27952
-5098.58618,3,218.28452
9343.428021,5,218.29452
-5576.726944,3,218.299544
-5656.578752,5,218.307542
-5576.722203,3,218.312542
343.429265,5,218.319542
-5656.582023,5,218.327546
-20656.569881,5,218.335545
-5656.575771,5,218.343054
343.452618,5,218.351054
-5079.852903,3,218.35521
852.429377,4,218.36221
-5588.851153,4,218.36821
-5539.857512,3,218.373209
9920.141227,3,218.377208
9411.141128,4,218.384209
423.288797,3,218.389209
-5588.851532,4,218.39421
-5147.584854,4,218.403213
901.41851,3,218.408212
-5588.843092,4,218.414212
-5656.577928,5,218.422212
-5098.582415,3,218.42722
343.433579,5,218.435216
-5557.994515,3,218.439723
-20656.560931,5,218.447725
-20656.57578,5,218.453724
-5539.858782,3,218.458725
9392.417705,4,218.465725
-20147.560995,4,218.471725
-5147.577251,4,218.477726
-5607.581909,4,218.483724
343.436533,5,218.490724
-5079.858549,3,218.494726
852.425676,4,218.500725
343.431921,5,218.506725
343.441008,5,218.51722
-5656.573942,5,218.525224
343.438121,5,218.532516
-5625.719075,4,218.539023
-5147.581996,4,218.546024
-5098.587543,3,218.550022
343.430257,5,218.556021
-5557.985281,3,218.561124
374.290717,4,218.567266
-5098.586867,3,218.571266
-5656.581485,5,218.578399
852.428414,4,218.584745
374.294229,4,218.590744
392.423772,4,218.596745
-20656.567053,5,218.604745
343.437306,5,218.61075
343.435541,5,218.620936
-5098.587145,3,218.62594
-5147.577353,4,218.632941
343.450177,5,218.63945
-5625.722974,4,218.644456
343.431176,5,218.651452
-5588.853821,4,218.65645
883.281708,3,218.66045
-5098.586751,3,218.66445
-5539.853706,3,218.668577
9460.140975,3,218.672577
-5116.726487,3,218.675576
-5607.58114,4,218.681579
9392.412976,4,218.687577
-20656.567204,5,218.695577
-20116.720198,3,218.700736
-5656.572878,5,218.707746
-20656.561941,5,218.713745
9883.275889,3,218.717746
-5147.584618,4,218.723749
-5098.586002,3,218.731749
-5656.581493,5,218.739256
-5576.725636,3,218.744256
9442.002296,3,218.749256
-20098.580921,3,218.753256
343.429253,5,218.761258
-5656.560863,5,218.769256
883.285155,3,218.773256
343.456213,5,218.781703
-5147.580997,4,218.787703
-5656.565367,5,218.795704
411.154485,4,218.80082
-5098.58898,3,218.804818
-5147.580391,4,218.809818
9343.416322,5,218.816935
392.433072,4,218.822009
-5656.578782,5,218.828019
-5098.58912,3,218.832012
-5656.57384,5,218.843522
-5116.722695,3,218.848525
-5656.574662,5,218.856839
-5656.571218,5,218.864886
343.450115,5,218.872326
-5576.720404,3,218.877326
343.440313,5,218.884326
-20656.554812,5,218.892038
-5576.725498,3,218.900068
-5656.582178,5,218.908438
-5656.584961,5,218.915438
-5656.574971,5,218.922514
-5607.58369,4,218.929519
-5079.858142,3,218.93382
-5656.579403,5,218.940342
852.421655,4,218.945343
392.422617,4,218.954342
9852.426366,4,218.960342
-5656.579825,5,218.967803
-5098.58601,3,218.972803
9343.426024,5,218.980805
-5576.72396,3,218.985317
9343.423722,5,218.992317
343.441309,5,219.000403
852.424882,4,219.006404
9883.274019,3,219.011409
343.428085,5,219.018406
-5656.580098,5,219.026408
343.445896,5,219.032663
374.283737,4,219.037677
-20656.551387,5,219.044189
-20607.57605,4,219.050187
-5079.857519,3,219.053189
9460.144972,3,219.057188
343.431237,5,219.066532
901.421168,3,219.070553
-5656.57536,5,219.07895
-5607.579966,4,219.08495
9883.273299,3,219.08995
-5557.994748,3,219.094947
343.429576,5,219.102947
-5098.587536,3,219.107948
-5625.717837,4,219.113947
343.435287,5,219.120946
-5079.855063,3,219.125951
343.438028,5,219.132952
374.292274,4,219.13795
-5539.854055,3,219.142462
343.462606,5,219.150875
392.428359,4,219.156875
-5116.726202,3,219.161877
-5116.722598,3,219.165877
-5607.584106,4,219.174874
9343.417652,5,219.182873
343.444363,5,219.191158
-5656.570532,5,219.199265
411.15218,4,219.205276
343.452679,5,219.213276
-5656.579096,5,219.219897
9343.428524,5,219.227906
-5656.583387,5,219.235529
9374.281563,4,219.242039
343.439625,5,219.250175
423.279207,3,219.255188
-5539.855553,3,219.259187
-5147.576663,4,219.26607
-20656.566116,5,219.274116
852.425315,4,219.283119
423.27818,3,219.288116
-5656.573773,5,219.294119
-5656.57789,5,219.302116
-5079.858425,3,219.306116
343.442304,5,219.313116
9460.143133,3,219.318116
9423.275482,3,219.323116
411.158412,4,219.32912
-5656.574876,5,219.336581
9343.412646,5,219.34309
-5116.722978,3,219.347092
392.433522,4,219.35409
343.431309,5,219.3612
901.41907,3,219.366294
-20147.572016,4,219.372354
-5656.57111,5,219.380448
343.422735,5,219.387805
-5656.579368,5,219.398817
343.459123,5,219.406817
9411.15045,4,219.412816
883.279187,3,219.417248
392.426792,4,219.423333
-5607.583787,4,219.430336
-5607.584199,4,219.436337
343.447704,5,219.443845
-5656.573712,5,219.451855
-5576.726311,3,219.456913
-5557.992595,3,219.460918
392.423952,4,219.467913
-5147.581907,4,219.473913
9423.273603,3,219.478914
9392.420199,4,219.484914
9883.275595,3,219.489913
-5098.583308,3,219.493913
-5539.858648,3,219.498917
-5116.725763,3,219.506913
-20147.558428,4,219.512913
9343.41713,5,219.521254
-5557.99552,3,219.525256
343.423522,5,219.533255
343.459247,5,219.541323
343.43897,5,219.549324
-5588.850438,4,219.555322
-5588.849709,4,219.561321
343.453194,5,219.569322
-5539.854966,3,219.574324
-5098.586497,3,219.579324
-5656.573168,5,219.587418
852.440691,4,219.593418
852.448738,4,219.59942
-5625.716593,4,219.604418
852.42827,4,219.609418
-5656.578944,5,219.619457
9343.414819,5,219.626461
411.159411,4,219.632464
9920.141971,3,219.636461
-5079.85582,3,219.641975
9343.412754,5,219.649975
9901.41599,3,219.65398
374.285235,4,219.660984
423.285948,3,219.66498
343.428425,5,219.672981
-5116.723159,3,219.677984
-5098.588301,3,219.683099
852.42563,4,219.688113
423.28674,3,219.692621
392.52379,4,219.699743
442.010171,3,219.703755
-5607.578097,4,219.709755
-5656.577749,5,219.717866
343.44359,5,219.728871
-5588.852369,4,219.734965
-20588.837608,4,219.740475
901.431459,3,219.745476
343.42801,5,219.753606
-5116.72362,3,219.757607
-5607.579522,4,219.764607
-5539.857368,3,219.768607
343.429151,5,219.776607
-5656.581143,5,219.784728
9374.282253,4,219.790727
-5656.581713,5,219.798728
9343.432697,5,219.805949
-5557.997582,3,219.81095
-5539.858106,3,219.814951
374.28283,4,219.820065
343.42513,5,219.827069
9392.417493,4,219.836068
-5576.724668,3,219.840574
9442.003437,3,219.845574
-5588.852881,4,219.851913
343.428872,5,219.859912
-20588.845268,4,219.866068
343.430885,5,219.874065
9343.424504,5,219.882065
-5656.576325,5,219.890065
343.433898,5,219.897065
-5557.995774,3,219.902266
343.429346,5,219.909266
-20656.569434,5,219.917268
-5656.576333,5,219.924268
392.42758,4,219.931363
-5539.851514,3,219.936362
-5557.997514,3,219.943417
343.439331,5,219.951417
-5588.850511,4,219.957417
-5656.577853,5,219.965417
343.432636,5,219.972417
343.433058,5,219.980417
-5098.584107,3,219.984933
-20656.559199,5,219.993011
-5098.584639,3,219.998011
343.426084,5,220.005329
-5098.58507,3,220.010328
-5147.581879,4,220.016331
-5147.582902,4,220.022329
343.458271,5,220.030332
-5557.998474,3,220.035455
9392.419486,4,220.041962
343.441876,5,220.053097
-5147.579312,4,220.059096
-5079.853115,3,220.062098
343.459785,5,220.070096
-5557.994808,3,220.074096
343.42273,5,220.081096
852.436581,4,220.087095
343.488207,5,220.095096
-5656.578806,5,220.102096
-5656.567465,5,220.110096
-5656.574004,5,220.118096
-5147.580853,4,220.124096
-5625.719555,4,220.1301
920.172728,3,220.1351
343.443542,5,220.142612
9442.004691,3,220.146723
-5656.575414,5,220.15484
-5116.725038,3,220.163011
9852.418827,4,220.16904
-5588.853446,4,220.175484
-5656.586617,5,220.181484
-20656.565388,5,220.187895
-5079.858281,3,220.192894
343.43383,5,220.200349
-5656.579175,5,220.20635
9411.147655,4,220.211352
-5625.720088,4,220.217349
9883.271867,3,220.22135
9374.275256,4,220.226353
-5607.583778,4,220.233354
-5588.852725,4,220.239354
9460.142375,3,220.243864
920.149003,3,220.247864
343.445398,5,220.256393
852.428419,4,220.270411
-5557.997079,3,220.275409
411.153686,4,220.281411
-5588.853853,4,220.288409
-5588.84872,4,220.29441
-20656.541853,5,220.302755
-5079.849665,3,220.306754
-5576.724656,3,220.3119
-5607.581618,4,220.318404
-5098.589255,3,220.323404
-5079.858321,3,220.32741
-5656.577884,5,220.33556
9343.420987,5,220.343071
-5576.725466,3,220.347078
-5539.856589,3,220.352128
-5079.855265,3,220.357128
-20625.712862,4,220.364334
9883.273965,3,220.369335
-5098.586325,3,220.374334
374.282863,4,220.383332
901.421533,3,220.388332
-5098.586539,3,220.392332
343.443319,5,220.400573
-5079.85964,3,220.405573
-5656.560727,5,220.413573
-5656.575674,5,220.420573
-5079.852902,3,220.425573
374.283113,4,220.43158
852.424043,4,220.438577
-20147.572957,4,220.444989
883.282941,3,220.449399
-20116.717782,3,220.454398
-5656.577138,5,220.462398
-5557.995441,3,220.467399
343.429951,5,220.475398
9392.420799,4,220.481399
-5656.574712,5,220.492402
-5656.573985,5,220.500402
-5116.724112,3,220.504729
9392.426497,4,220.509754
423.278831,3,220.513755
343.436332,5,220.520396
343.438897,5,220.526478
9852.419489,4,220.531478
9920.142158,3,220.536945
-5116.722672,3,220.541459
9852.415661,4,220.547459
-5607.580768,4,220.554459
343.443012,5,220.562459
-5557.996245,3,220.566459
-5116.722871,3,220.571459
-5656.572865,5,220.579459
-5079.85457,3,220.584456
920.155262,3,220.588455
-20656.563543,5,220.596455
-5607.580886,4,220.605455
883.282588,3,220.610455
883.286057,3,220.615455
392.425479,4,220.621455
-20656.554299,5,220.627457
-5098.586434,3,220.631457
-5656.583495,5,220.637459
-5116.727702,3,220.641963
-5576.723745,3,220.645968
343.429515,5,220.654081
-5079.851241,3,220.659081
-5116.726644,3,220.66311
392.423123,4,220.669109
-5656.581131,5,220.675109
-5079.8581,3,220.68039
343.426451,5,220.686505
-5576.727459,3,220.690505
-5607.57769,4,220.696505
343.438618,5,220.704621
-5116.724568,3,220.711625
-5607.584658,4,220.717738
-5147.585778,4,220.723742
343.446352,5,220.732343
9343.411443,5,220.740358
343.444717,5,220.747572
-20656.565065,5,220.755682
9411.148338,4,220.76168
343.429345,5,220.76968
343.445887,5,220.77768
-5576.728571,3,220.78168
-5625.714591,4,220.788544
374.283894,4,220.794547
-5625.721886,4,220.800544
-5147.581239,4,220.805543
343.424356,5,220.811545
852.421406,4,220.820276
-5557.998997,3,220.825274
-5576.718349,3,220.830278
852.435795,4,220.83628
9343.428413,5,220.844784
-5656.572046,5,220.852023
9460.142225,3,220.856023
343.430579,5,220.862037
343.431475,5,220.86922
-5625.7223,4,220.87622
-5656.572043,5,220.88322
-5607.582958,4,220.889227
-5656.577988,5,223.259454
423.283746,3,223.264454
374.28449,4,223.269732
-5079.858843,3,223.274732
-20588.85021,4,223.280733
852.438599,4,223.286903
-20625.690819,4,223.292903
343.432778,5,223.301162
-5116.728496,3,223.305161
-5625.725473,4,223.312161
-5557.995818,3,223.316162
-5147.587189,4,223.322835
343.431772,5,223.330387
-5625.723315,4,223.336827
9883.270493,3,223.341327
-5147.582248,4,223.350729
392.4273,4,223.356729
852.424738,4,223.363064
-5539.858398,3,223.366512
-5588.852897,4,223.372772
-20625.712445,4,223.378364
-5576.723194,3,223.382484
-5098.589497,3,223.386509
-5116.727708,3,223.390509
343.442417,5,223.397728
-5539.851881,3,223.403057
343.435689,5,223.410068
-5588.851098,4,223.416068
-5656.573825,5,223.423073
-5656.57924,5,223.431072
9411.152355,4,223.437075
-5576.724832,3,223.442582
-5116.729426,3,223.446582
-5557.988258,3,223.451582
-5656.579825,5,223.462761
343.46608,5,223.470042
-5539.857372,3,223.474806
9852.418063,4,223.480805
-5588.85297,4,223.486905
-5079.856967,3,223.490905
-5147.572989,4,223.495906
9374.282075,4,223.500905
-5147.579251,4,223.505908
-5656.568186,5,223.512905
343.441097,5,223.518999
-5539.85769,3,223.523001
-5147.582608,4,223.528007
343.444343,5,223.535187
343.431072,5,223.542699
-5607.583778,4,223.548697
-20147.57005,4,223.555068
-5557.998209,3,223.560068
-5079.851981,3,223.567087
-5656.578802,5,223.574107
343.474924,5,223.581717
392.422189,4,223.587092
-5607.583813,4,223.59341
-5656.580802,5,223.6018
852.431482,4,223.6078
920.148031,3,223.612801
-5607.586855,4,223.6188
852.467226,4,223.6248
9374.282132,4,223.631808
-5588.85009,4,223.637953
-5116.728767,3,223.641951
920.148531,3,223.646987
-5079.856361,3,223.652117
343.435919,5,223.659225
-5656.583327,5,223.667225
-5607.582964,4,223.676625
-5588.850408,4,223.68274
-5576.727362,3,223.688124
343.453171,5,223.69612
-5539.856372,3,223.70112
9901.412074,3,223.70512
411.155228,4,223.71212
852.421463,4,223.71812
-5539.855738,3,223.723121
-5607.582897,4,223.729126
344.368111,5,223.736242
-5557.992627,3,223.741242
-5098.58502,3,223.745753
-5098.584743,3,223.750345
-5656.57547,5,223.758352
852.425033,4,223.764354
-5098.587677,3,223.769352
-5656.575945,5,223.776355
-20098.577631,3,223.784355
-5588.852878,4,223.791409
9423.270572,3,223.795411
343.446506,5,223.804881
-5079.855365,3,223.808877
-5079.855071,3,223.814043
343.479793,5,223.822917
-20147.574109,4,223.828922
883.278771,3,223.834256
-5116.726716,3,223.839259
852.428481,4,223.845255
343.435232,5,223.852687
423.28145,3,223.856686
343.446068,5,223.863836
-20656.570041,5,223.871836
-5588.847564,4,223.877838
9901.411053,3,223.882836
9423.277267,3,223.887838
-20656.544591,5,223.898985
343.425849,5,223.907084
343.436469,5,223.91608
343.430447,5,223.924264
-5539.853758,3,223.929266
-5607.583648,4,223.936266
343.478529,5,223.943594
-5656.5762,5,223.951595
-5539.855897,3,223.956593
-5079.854287,3,223.9616
852.434917,4,223.96791
9901.41047,3,223.973332
-5116.723138,3,223.978334
-5116.725171,3,223.983484
-5656.578565,5,223.99061
392.424886,4,223.996611
9411.151787,4,224.006924
9343.427747,5,224.014921
374.28815,4,224.02105
852.461054,4,224.027049
9392.414937,4,224.033761
9343.429466,5,224.040763
852.428148,4,224.047712
-5098.587498,3,224.052713
-5147.580001,4,224.058711
9883.275595,3,224.063082
-5098.582045,3,224.068196
-5656.577237,5,224.076197
-5576.723789,3,224.080514
-5625.722793,4,224.085514
374.301736,4,224.090518
-5557.997174,3,224.094519
-5147.577741,4,224.101523
901.426456,3,224.106524
852.4495,4,224.115543
-5656.570565,5,224.12154
-5588.852542,4,224.127835
-5098.582399,3,224.13184
343.440206,5,224.139848
343.42738,5,224.147525
-5098.588842,3,224.152526
9852.422065,4,224.158525
-5656.569376,5,224.166527
423.28943,3,224.170526
-5625.724351,4,224.176525
-5079.854847,3,224.181525
-5607.580905,4,224.187525
343.433279,5,224.194525
-5588.85259,4,224.201525
-5625.721286,4,224.207526
343.457555,5,224.215228
-20625.711672,4,224.224228
9392.421037,4,224.230231
852.42369,4,224.236232
-5607.580872,4,224.242734
-5588.852552,4,224.24874
343.464866,5,224.256738
-5098.585227,3,224.261738
9423.272649,3,224.265738
901.420534,3,224.270741
-5607.589023,4,224.276744
-5539.854585,3,224.280726
392.421327,4,224.286853
392.426748,4,224.291852
-5656.566804,5,224.299031
-20147.558428,4,224.305039
-5607.585145,4,224.311042
-5098.587766,3,224.315233
9901.410784,3,224.319698
-5607.578097,4,224.324697
-5116.723118,3,224.332208
460.157412,3,224.343276
-5147.578842,4,224.349285
852.426722,4,224.356282
-20656.569051,5,224.363281
-5116.728877,3,224.368282
-5079.856725,3,224.373281
-5588.851481,4,224.379282
343.435397,5,224.386679
-5625.717331,4,224.39368
-5098.585763,3,224.397679
-5079.854922,3,224.402679
-5116.725546,3,224.407679
901.459633,3,224.412679
343.438354,5,224.419679
-5079.851903,3,224.424684
374.282262,4,224.430686
-5656.579756,5,224.441828
9392.422245,4,224.450341
-5539.854656,3,224.455474
9442.001947,3,224.461938
-5539.856135,3,224.468224
392.425822,4,224.475222
9411.145018,4,224.481599
343.455464,5,224.491436
9460.14479,3,224.498321
9411.15479,4,224.509258
-20656.553092,5,224.519662
-5625.718105,4,224.526654
-5079.857166,3,224.53266
343.451077,5,224.54283
9411.14907,4,224.554137
-5079.858267,3,224.559604
-5625.722725,4,224.566933
-5539.856257,3,224.571948
-5557.997515,3,224.576948
-5079.854274,3,224.582947
-5656.578287,5,224.590947
-20656.556329,5,224.59995
-5656.582607,5,224.608947
343.432626,5,224.616948
-20557.969291,3,224.622833
-5539.856898,3,224.627769
-5079.856768,3,224.633776
343.431311,5,224.646039
9901.413637,3,224.653042
-5656.578268,5,224.66788
-5116.726224,3,224.673973
9374.285375,4,224.682017
-20607.55634,4,224.689018
411.169453,4,224.696516
-20656.564375,5,224.70593
343.437361,5,224.714191
-5625.720215,4,224.721456
-5147.587175,4,224.727631
9392.418244,4,224.735681
374.297163,4,224.74178
9343.422796,5,224.75143
852.433317,4,224.75943
-5576.725045,3,224.765431
-5576.722888,3,224.772429
-5656.576631,5,224.78121
-5116.727139,3,224.787215
-5576.724225,3,224.792212
374.287046,4,224.798353
-5607.58125,4,224.805349
423.280756,3,224.810349
-5607.577143,4,224.818349
-20656.556858,5,224.826352
-5079.85536,3,224.831358
9343.420304,5,224.840492
-5098.588898,3,224.846005
-5116.72569,3,224.852006
-5079.854124,3,224.856005
-5098.586741,3,224.861007
-5116.723378,3,224.866115
-5116.72278,3,224.871256
-5079.856332,3,224.876257
-5079.854527,3,224.883741
-5098.584922,3,224.888904
9343.431569,5,224.897325
343.439837,5,224.905488
343.432949,5,224.913487
-20147.565321,4,224.919487
901.425207,3,224.924487
-5607.58431,4,224.930495
-20079.850797,3,224.93601
-5147.585407,4,224.942011
392.423098,4,224.948042
343.433708,5,224.956049
-5656.574757,5,224.96407
-5079.856491,3,224.968187
-5607.58296,4,224.975301
9343.419073,5,224.983302
-5656.572919,5,224.993789
-5079.8574,3,224.998819
343.429684,5,225.006829
-20656.562198,5,225.012829
9442.00468,3,225.017829
343.433519,5,225.025829
-5079.854788,3,225.030834
411.179854,4,225.037257
9411.147576,4,225.043253
9460.143792,3,225.047518
-5625.726847,4,225.053001
-5147.585943,4,225.059998
343.447699,5,225.067999
901.423417,3,225.072998
343.485251,5,225.079998
-5656.575065,5,225.087998
343.45206,5,225.095998
-5656.57049,5,225.107236
-5588.847462,4,225.114241
-5539.856834,3,225.118239
9901.411408,3,225.122239
-5588.851554,4,225.127239
343.457931,5,225.135844
9411.147227,4,225.141845
-5607.578042,4,225.14954
852.439801,4,225.155554
9343.420236,5,225.163932
-5116.724572,3,225.167932
-5116.725907,3,225.172932
920.156331,3,225.176932
9343.420327,5,225.184435
-20098.575161,3,225.189436
-20625.715797,4,225.196578
-5588.851936,4,225.201578
343.42762,5,225.212209
-5557.993711,3,225.217219
-5079.853371,3,225.222347
343.441804,5,225.229457
-5098.587871,3,225.234466
392.425587,4,225.24064
343.455159,5,225.248068
343.426088,5,225.256198
852.431046,4,225.262193
392.423568,4,225.268864
411.588396,4,225.273874
343.433544,5,225.281874
920.154979,3,225.286526
343.43669,5,225.29453
392.438119,4,225.300938
-5098.583249,3,225.305937
-5656.574081,5,225.315941
-5625.718431,4,225.321938
-5539.857339,3,225.325938
-5147.585464,4,225.332518
343.449911,5,225.340515
343.43347,5,225.349025
-5588.85562,4,225.355023
-5098.586605,3,225.360023
-5098.584868,3,225.364187
9423.274005,3,225.369186
-5098.589659,3,225.374186
-5116.725679,3,225.378578
920.160286,3,225.383591
-20625.712932,4,225.390591
-5079.85108,3,225.395102
-5656.575364,5,225.402499
-5147.582772,4,225.409499
-5576.724387,3,225.414499
-5625.718906,4,225.420498
-5625.722762,4,225.430405
-20656.570531,5,225.439403
852.426389,4,225.446913
9423.273529,3,225.452265
-20147.57206,4,225.459659
-5656.574375,5,225.468658
-5656.58325,5,225.476658
-20656.574552,5,225.483658
9883.272311,3,225.489659
-5557.996708,3,225.493658
-5588.851731,4,225.500658
-5098.585982,3,225.504658
901.420534,3,225.508659
343.449959,5,225.516297
-20116.722631,3,225.521305
-5607.584848,4,225.52831
343.431171,5,225.539314
-5098.584844,3,225.543314
-5079.857764,3,225.549639
-5656.574191,5,225.557641
-5079.850426,3,225.562639
343.45559,5,225.570279
343.442473,5,225.578688
-5576.727401,3,225.583688
852.438504,4,225.589689
-5607.583096,4,225.596687
9442.001662,3,225.601687
343.430168,5,225.611521
9423.270984,3,225.617483
-20625.717075,4,225.623835
-5098.587225,3,225.629843
9392.412564,4,225.636845
343.430578,5,225.648361
883.278798,3,225.653384
-5576.727748,3,225.658384
852.427278,4,225.664386
9343.415174,5,225.672387
-5656.574605,5,225.681386
343.440102,5,225.690535
-5625.722282,4,225.700048
852.428615,4,225.710049
-5098.584296,3,225.717535
-5656.575429,5,225.726665
852.435757,4,225.732939
883.293588,3,225.73807
-5147.583342,4,225.743574
-20625.709894,4,225.749592
343.430809,5,225.759588
-20656.57543,5,225.768626
343.430591,5,225.776624
343.436208,5,225.785822
-5588.851901,4,225.790815
-20656.57068,5,225.798827
-5098.587113,3,225.804261
9392.422516,4,225.810262
-5588.851587,4,225.816566
883.280942,3,225.821567
-5576.72281,3,225.826566
-5116.724112,3,225.831754
883.285387,3,225.836755
411.152181,4,225.844563
-5098.58703,3,225.849907
-5147.578196,4,225.856919
-5098.585274,3,225.866275
343.43356,5,225.875312
-5656.573228,5,225.883314
-20607.576186,4,225.890314
883.279818,3,225.895315
-20588.483938,4,225.901414
343.429048,5,225.91178
-5656.58047,5,225.923317
-5576.727306,3,225.935272
9852.416585,4,225.942697
343.427775,5,225.952145
343.431038,5,225.960145
883.280441,3,225.966649
9343.419595,5,225.981295
901.424066,3,225.989747
-5625.717577,4,226.014704
-5625.716572,4,226.023434
9392.412271,4,226.034541
343.426285,5,226.04356
-5588.850258,4,226.050704
411.153415,4,226.065705
9852.420792,4,226.084706
423.296301,3,226.091069
-20656.574758,5,226.103519
-5576.726087,3,226.110521
-5539.856319,3,226.118367
-5656.574384,5,226.130485
920.153407,3,226.13648
-5079.853971,3,226.14248
-5576.726318,3,226.148312
901.432148,3,226.153311
343.43758,5,226.161311
-5607.582311,4,226.170307
374.284529,4,226.176308
343.443538,5,226.185597
-5656.577709,5,226.196625
-5656.578247,5,226.205003
-5607.578655,4,226.212005
-5656.575169,5,226.224027
-5098.585725,3,226.231122
-20656.569707,5,226.240595
423.280277,3,226.246107
374.355702,4,226.252242
852.427164,4,226.259242
-5098.57806,3,226.264231
-5656.575812,5,226.273244
-5079.854962,3,226.277244
343.425128,5,226.287078
9343.422258,5,226.301342
343.427816,5,226.309339
-5557.994869,3,226.315712
-5098.58912,3,226.321711
-5576.725468,3,226.327714
343.432685,5,226.336718
-5656.577607,5,226.346653
-5147.580823,4,226.354125
-5576.726045,3,226.359335
-5607.580898,4,226.367335
343.431046,5,226.375335
-5656.577872,5,226.384102
9901.411855,3,226.389102
343.440984,5,226.398103
343.433875,5,226.410666
-5147.586186,4,226.417666
9852.417751,4,226.425118
-5098.586785,3,226.432614
411.15228,4,226.440612
411.151743,4,226.447122
9852.417436,4,226.454252
343.461207,5,226.463253
-5607.581955,4,226.470619
-5147.576983,4,226.476624
-5539.855233,3,226.482688
9852.421683,4,226.49369
-5656.568927,5,226.506688
-20656.565884,5,226.520306
-5656.578726,5,226.533487
-5625.719566,4,226.540487
-5098.58351,3,226.546996
-5576.723836,3,226.551997
852.424902,4,226.558996
-5656.577451,5,226.568
343.432198,5,226.577
-20656.571557,5,226.587133
343.44703,5,226.59449
852.428694,4,226.60225
343.423906,5,226.611249
-5539.856605,3,226.617738
-5588.854775,4,226.628448
883.296795,3,226.635114
-20116.719149,3,226.642115
-5116.722725,3,226.649117
-5607.584884,4,226.656114
852.418131,4,226.662119
374.284345,4,226.669301
-5098.58699,3,226.673633
411.152996,4,226.680672
9411.150179,4,226.688339
9920.140726,3,226.693339
343.429091,5,226.702287
-5147.580307,4,226.709286
-5539.856158,3,226.714389
343.432266,5,226.722521
-5656.57317,5,226.733983
-5539.853162,3,226.739066
-5625.722987,4,226.745576
9343.416893,5,226.753575
343.425797,5,226.761575
343.424657,5,226.769575
9423.270608,3,226.774575
-5656.584253,5,226.782575
-5147.587894,4,226.788575
343.45759,5,226.797351
-5625.719213,4,226.803361
9460.141309,3,226.80747
-5576.727073,3,226.813488
-5539.853993,3,226.818487
343.449855,5,226.826487
-5576.726632,3,226.832491
374.282408,4,229.188982
9374.277977,4,229.194983
-5656.575617,5,229.20298
-5656.57077,5,229.20998
9852.414052,4,229.217117
-5079.851903,3,229.221117
374.305001,4,229.227117
-20656.56802,5,229.235369
-5588.855322,4,229.241369
343.446317,5,229.248879
-5539.851195,3,229.254066
-5588.850964,4,229.260067
9343.424306,5,229.269067
343.428359,5,229.277067
-5656.582766,5,229.284066
9901.418707,3,229.288066
-5625.717521,4,229.293066
-5557.998191,3,229.297067
-5116.726684,3,229.302071
9901.411828,3,229.307067
9411.147498,4,229.313067
-5557.995637,3,229.318066
9423.273286,3,229.323068
343.441911,5,229.330503
-5147.58041,4,229.335506
343.429082,5,229.342506
392.427165,4,229.348277
-5098.583697,3,229.353277
343.494073,5,229.361282
-5588.853462,4,229.367278
9460.141181,3,229.372278
343.446247,5,229.382278
-5576.725765,3,229.387277
374.284815,4,229.394277
-5588.852142,4,229.400277
343.43558,5,229.407278
9883.271614,3,229.411278
9442.006076,3,229.416278
343.436837,5,229.422279
343.438372,5,229.430279
9442.001608,3,229.434283
-5625.720311,4,229.441287
-5147.578685,4,229.447795
-20656.562429,5,229.454242
9343.415946,5,229.46224
343.427841,5,229.470009
343.450787,5,229.477425
-5079.853079,3,229.483122
-20607.576939,4,229.492357
-5588.854758,4,229.498357
374.287026,4,229.504629
343.441221,5,229.512629
9920.150393,3,229.518041
-5147.580502,4,229.524554
-5116.721965,3,229.528784
852.421634,4,229.534787
9920.14061,3,229.539035
-5079.859531,3,229.544035
-5576.723251,3,229.548543
343.458523,5,229.556543
-20656.575462,5,229.564089
-5607.585123,4,229.570248
411.150574,4,229.576677
-5656.569732,5,229.584677
-5656.573648,5,229.591677
-20656.544494,5,229.603679
-5116.723935,3,229.60768
-5098.587917,3,229.612936
343.434435,5,229.619935
-5607.585223,4,229.625095
-5607.580666,4,229.631098
-5656.572185,5,229.639098
-5098.583598,3,229.644098
-5116.722505,3,229.648605
-5588.849711,4,229.654606
852.428816,4,229.660605
-5557.992278,3,229.665608
343.443416,5,229.672606
9852.417857,4,229.678605
-5656.575527,5,229.686608
343.43375,5,229.694609
-5625.720354,4,229.704605
-20656.553995,5,229.710605
-5079.854098,3,229.714605
-5116.727608,3,229.718605
-5539.854656,3,229.723605
-20656.547575,5,229.731608
392.434546,4,229.737609
343.425082,5,229.745609
-5576.722608,3,229.750303
374.28248,4,229.756303
9460.143485,3,229.761308
-5539.85693,3,229.765555
374.298394,4,229.772553
-5656.571683,5,229.779675
-5116.718073,3,229.784693
9392.41554,4,229.790693
442.009879,3,229.795897
343.438323,5,229.803993
9852.412496,4,229.813993
-5539.857075,3,229.817993
392.423019,4,229.824993
9901.411231,3,229.829499
-5656.580412,5,229.836503
-5607.582157,4,229.844507
-5656.568323,5,229.852015
9901.413292,3,229.856014
374.285537,4,229.862019
-5656.584007,5,229.870127
9852.415225,4,229.876325
-5539.857141,3,229.880325
343.435603,5,229.888328
343.431954,5,229.896325
-5588.851701,4,229.902325
343.432567,5,229.909325
-5656.576396,5,229.916454
411.160714,4,229.925454
-20656.557537,5,229.933461
-5625.720952,4,229.939647
9852.419744,4,229.944654
343.423768,5,229.951162
-5656.584337,5,229.958161
852.431713,4,229.963163
343.435462,5,229.970161
374.290252,4,229.976161
-5588.843685,4,229.982163
-5625.724074,4,229.988161
460.16684,3,229.992161
-5607.579752,4,229.998166
852.422568,4,230.004276
9901.410511,3,230.009276
343.429144,5,230.016984
-5656.562804,5,230.024983
-5576.719282,3,230.033168
-5147.580948,4,230.040168
-5576.727342,3,230.044168
392.418517,4,230.051189
-5656.575775,5,230.059188
9920.145637,3,230.064188
9852.415389,4,230.070381
-20656.572455,5,230.078406
423.283118,3,230.083422
343.425063,5,230.091424
-5098.58983,3,230.095422
-5098.589632,3,230.100583
-5116.725705,3,230.105581
-5607.580819,4,230.111587
423.284841,3,230.116703
-5656.577757,5,230.124704
-5656.583766,5,230.132802
-5607.577457,4,230.141995
-5079.850664,3,230.146698
-20656.569436,5,230.154699
-5079.856676,3,230.158699
343.435178,5,230.165698
392.4315,4,230.171699
392.451953,4,230.177897
-20656.54841,5,230.185899
-5079.857123,3,230.189896
343.428633,5,230.195896
9343.421787,5,230.202897
9460.14205,3,230.206897
9442.001567,3,230.210903
-5588.851373,4,230.2159
852.424305,4,230.221899
343.428645,5,230.229897
343.433368,5,230.237405
-5147.576395,4,230.244407
-5607.57907,4,230.254047
-5656.577804,5,230.261051
-5557.996166,3,230.266047
392.4275,4,230.273049
-5656.56926,5,230.280047
-5656.577127,5,230.288047
343.435469,5,230.296049
-5656.570809,5,230.304163
-5079.854823,3,230.309164
392.427089,4,230.315163
343.450774,5,230.323163
-5625.719208,4,230.329405
392.422219,4,230.334804
852.423868,4,230.342292
343.430701,5,230.349798
9392.411803,4,230.355798
9852.415865,4,230.365967
-5116.724111,3,230.370965
9343.420859,5,230.378753
9343.429699,5,230.386782
343.432071,5,230.395338
-5656.57885,5,230.404398
343.43135,5,230.412396
-20116.715081,3,230.417397
-20116.717663,3,230.421396
-5607.583365,4,230.428396
-5588.848998,4,230.434399
411.151448,4,230.441401
852.427401,4,230.447909
-5656.574855,5,230.455909
-5079.856153,3,230.460908
-5588.851587,4,230.469909
9901.41398,3,230.474931
-20656.560982,5,230.481934
374.284939,4,230.488931
-5588.8509,4,230.494935
-5098.587891,3,230.499933
392.424061,4,230.506931
-5607.582344,4,230.512931
-5607.583165,4,230.519931
-5116.721361,3,230.523931
343.43272,5,230.531936
-5147.582264,4,230.537934
-5588.84876,4,230.542934
-5607.581003,4,230.549442
343.429601,5,230.557442
9343.419814,5,230.565444
9442.001947,3,230.570442
901.419947,3,230.574442
883.282118,3,230.582443
343.433563,5,230.59092
343.429894,5,230.59792
-20147.572586,4,230.605133
-5588.853252,4,230.610132
-5625.722487,4,230.616135
343.436351,5,230.624133
-5147.58057,4,230.631133
-5588.851343,4,230.636137
-5656.573801,5,230.642139
852.421208,4,230.648654
-20079.851856,3,230.652651
9423.275556,3,230.657651
-5539.857455,3,230.662651
-5539.85689,3,230.66765
-5576.725884,3,230.67165
9374.282512,4,230.677651
343.432883,5,230.68465
-5656.570606,5,230.695207
343.440611,5,230.703207
374.301833,4,230.709207
9852.416668,4,230.715207
-5656.571242,5,230.723211
343.449546,5,230.731211
883.285316,3,230.736393
460.150747,3,230.740403
9920.143084,3,230.745406
9920.146068,3,230.749914
9852.420561,4,230.755914
-20625.715437,4,230.761916
-5656.574061,5,230.76999
343.438279,5,230.77699
411.161306,4,230.783992
-5098.580397,3,230.788992
-5557.991874,3,230.79299
343.43414,5,230.804429
442.011994,3,230.809428
-5098.585543,3,230.813428
-5588.853886,4,230.819896
9392.414592,4,230.824897
-5656.571371,5,230.831988
9411.15224,4,230.838038
-5607.578843,4,230.844038
-5656.572254,5,230.852282
-5656.580618,5,230.860283
-5656.57238,5,230.867406
883.284376,3,230.872406
-5098.586332,3,230.876766
343.436743,5,230.884872
343.433339,5,230.892873
-5607.582442,4,230.898873
852.421331,4,230.904873
-5656.57138,5,230.915874
-20147.569359,4,230.921872
-5607.573233,4,230.927872
-5539.855735,3,230.932875
9343.418929,5,230.940033
-5588.847424,4,230.946554
343.451244,5,230.954558
-20625.717075,4,230.960811
-5576.728142,3,230.965811
-5656.577463,5,230.972807
-5147.581299,4,230.978807
-5607.583471,4,230.984807
-5147.573717,4,230.990808
-20625.713359,4,230.997809
374.325735,4,231.003807
-5539.845792,3,231.007807
374.281792,4,231.013807
374.281566,4,231.022808
343.426913,5,231.030807
-5656.567065,5,231.037812
-5098.588933,3,231.041811
-5098.585955,3,231.046758
9901.413881,3,231.052053
411.168343,4,231.058051
852.420974,4,231.064349
-5098.588741,3,231.07009
-5147.583617,4,231.076136
343.431133,5,231.084218
-5147.580218,4,231.091218
-5557.988052,3,231.095218
343.425625,5,231.103218
9411.14906,4,231.109218
-20655.463731,5,231.117217
343.429004,5,231.123218
374.284829,4,231.132221
9343.413585,5,231.138221
9343.417322,5,231.145222
-5656.575281,5,231.15273
-20656.551606,5,231.161731
-5607.581912,4,231.16873
9901.414683,3,231.173733
343.426437,5,231.181906
343.433295,5,231.189905
343.440315,5,231.197905
343.43321,5,231.206911
-5147.583028,4,231.213911
411.165473,4,231.220394
9901.414926,3,231.225394
9343.425378,5,231.232502
-5656.578821,5,231.244899
343.436616,5,231.252408
9392.419516,4,231.259406
343.45156,5,231.266891
-5147.585306,4,231.272892
343.430368,5,231.280892
9343.421388,5,231.287892
9392.414638,4,231.293892
9460.14176,3,231.298893
-5576.720184,3,231.302892
9852.413226,4,231.308892
9411.148452,4,231.315891
-5147.577139,4,231.321891
343.427498,5,231.329892
9883.279537,3,231.334893
9411.147164,4,231.340894
-5656.57438,5,231.351403
-5557.996755,3,231.356402
-5656.57327,5,231.364811
343.430611,5,231.372918
343.427,5,231.379936
-5116.725282,3,231.384078
-5576.726882,3,231.389081
-5656.584777,5,231.397078
343.428329,5,231.404209
9343.421953,5,231.412209
-20656.567898,5,231.420345
9411.143571,4,231.426755
343.459755,5,231.434764
-5079.857548,3,231.439764
343.433655,5,231.44727
-5098.585081,3,231.45537
343.43678,5,231.463368
-5116.722956,3,231.467368
-5576.727002,3,231.472368
343.436243,5,231.480367
9901.417283,3,231.484367
-5539.859672,3,231.489466
-5576.726015,3,231.493466
-5656.582775,5,231.501471
-20656.564852,5,231.50947
-5588.84678,4,231.515862
343.432636,5,231.523859
343.426054,5,231.530859
-5607.58019,4,231.537863
-5607.585214,4,231.543866
-20656.555312,5,231.551373
343.437287,5,231.559373
392.424696,4,231.568793
-5116.722823,3,231.573794
-5625.725559,4,231.579793
343.428133,5,231.588326
-5079.857922,3,231.592326
-5539.857889,3,231.597513
-5147.580125,4,231.603681
9901.414466,3,231.608681
-20656.569864,5,231.615815
-5656.582276,5,231.623813
343.443829,5,231.631813
-5588.847192,4,231.637817
-5656.574713,5,231.645818
9852.419808,4,231.652455
-5656.575439,5,231.66046
374.290659,4,231.666455
-5656.579197,5,231.677459
852.479385,4,231.683568
374.290448,4,231.690728
-5116.720353,3,231.695729
-5588.851747,4,231.701729
-5656.572538,5,231.708978
411.196573,4,231.713978
901.42312,3,231.717978
9883.277945,3,231.721978
374.286876,4,231.726978
392.4227,4,231.732988
-20607.574359,4,231.738985
-5098.585391,3,231.742985
392.427092,4,231.75
-5539.858412,3,231.753999
852.423927,4,231.758999
-5607.58257,4,231.766002
-5557.9944,3,231.770999
-5116.728175,3,231.774999
-5656.577211,5,231.786233
-5098.587172,3,231.791394
-5539.858293,3,231.796005
-5588.847954,4,231.801445
-5098.581744,3,231.806443
-5147.584095,4,231.812444
343.425657,5,231.820444
-5656.569005,5,231.828448
343.430627,5,231.836087
374.306468,4,231.842085
-20656.566111,5,231.851131
-5147.574047,4,231.857131
9883.274636,3,231.862185
-20656.556308,5,231.869198
343.423504,5,231.877395
-5607.581618,4,231.883556
-5625.721048,4,231.889555
-5576.724435,3,231.897553
-5576.722712,3,231.902682
-5116.723626,3,231.906684
9343.41201,5,231.912946
-5625.721081,4,231.91923
-5576.726258,3,231.92423
-20656.572937,5,231.931396
-5576.72451,3,231.936427
9883.27645,3,231.940799
9460.14259,3,231.945799
901.422829,3,231.950307
-5116.724974,3,231.955307
343.443521,5,231.962785
-5079.857889,3,231.967566
-5116.725792,3,231.971563
852.432435,4,231.978565
-5656.575571,5,231.986832
343.437358,5,231.992832
392.430662,4,232.002995
9343.428045,5,232.011996
-5588.85273,4,232.017781
343.427897,5,232.02482
343.426924,5,232.030822
9343.419983,5,232.037972
-5656.570967,5,232.043972
-5576.726278,3,232.048462
-5656.577641,5,232.05646
-5098.589223,3,232.062461
9411.143737,4,232.069995
-5079.858452,3,232.075269
883.28217,3,232.079499
-5656.575977,5,232.088707
-5656.583168,5,232.097707
-5656.577288,5,232.105706
-5607.584813,4,232.11594
392.434334,4,232.121942
-5147.584475,4,232.128943
343.440748,5,232.137563
-5098.586899,3,232.141564
9920.144867,3,232.146563
-5656.576392,5,232.155071
9460.142505,3,232.160071
-5098.585765,3,232.165071
343.430546,5,232.173071
-5098.587217,3,232.177072
343.429789,5,232.186192
411.159786,4,232.192193
-5539.852672,3,232.198195
-5656.580377,5,232.207364
-5576.723835,3,232.212395
-5656.583545,5,232.225298
343.441065,5,232.233305
-5588.852433,4,232.239619
-5607.58233,4,232.246032
852.438426,4,232.252964
-5079.858282,3,232.257967
9374.277357,4,232.264966
-5607.576959,4,232.27109
-5147.582911,4,232.278091
392.434355,4,232.285269
-5116.727332,3,232.290268
-5116.726707,3,232.29427
852.426269,4,232.300461
-5607.584866,4,232.30746
883.281067,3,232.311469
-5116.72896,3,232.31646
374.288302,4,232.32246
343.436381,5,232.333715
-5079.85457,3,232.338715
9392.414152,4,232.345713
-5656.576098,5,232.352229
392.422536,4,232.357228
-5147.576167,4,232.364459
9343.422284,5,232.371612
852.420873,4,232.377612
9883.27564,3,232.382724
-5656.580017,5,232.39074
-5147.581516,4,232.396739
-5656.569992,5,232.404156
-20656.573539,5,232.412157
-5607.582904,4,232.418158
-20588.846109,4,232.424156
-5588.851492,4,232.431156
-5625.715742,4,232.44016
343.440333,5,232.447663
-5576.72578,3,232.452667
-5656.572203,5,234.828022
343.432212,5,234.836022
343.469632,5,234.843022
9920.142906,3,234.851537
-5607.585604,4,234.858586
343.436371,5,234.867462
-5656.573108,5,234.873461
343.448565,5,234.88146
-5656.572632,5,234.889459
-5079.855679,3,234.894463
-5539.858323,3,234.89846
343.431802,5,234.90646
343.438516,5,234.91446
-5576.72871,3,234.91846
-5098.583794,3,234.92346
-20656.565227,5,234.93146
9343.423317,5,234.939463
9411.145742,4,234.945673
-20116.716298,3,234.951183
-20656.527596,5,234.961301
9374.274762,4,234.968298
392.509504,4,234.973634
852.426162,4,234.979767
852.422839,4,234.986767
-5098.587946,3,234.990767
9460.147165,3,234.995768
9411.151492,4,235.001767
901.428939,3,235.006767
-20098.578081,3,235.011773
9392.416295,4,235.017767
374.284172,4,235.023767
-5576.723099,3,235.028768
411.152672,4,235.034232
9901.413179,3,235.039234
411.180245,4,235.046235
343.443839,5,235.053741
460.150844,3,235.057742
343.440435,5,235.068744
-5576.727651,3,235.073821
-20656.56705,5,235.082322
852.433282,4,235.087832
-5607.581328,4,235.094838
901.43151,3,235.099254
9920.147486,3,235.104266
392.428249,4,235.110265
343.443816,5,235.117717
9901.414156,3,235.120717
-5656.576983,5,235.127722
-5147.57875,4,235.133717
-5539.857114,3,235.138721
-5147.579588,4,235.144727
-5588.852693,4,235.151244
-5656.580934,5,235.159244
343.433458,5,235.1671
-5147.585971,4,235.173621
-5656.579137,5,235.183621
883.284527,3,235.187621
343.433477,5,235.19362
-5116.728366,3,235.198621
-20656.566442,5,235.206037
343.424443,5,235.214037
-5588.853382,4,235.220038
-5098.587949,3,235.22404
852.429045,4,235.231037
343.427101,5,235.238607
852.430736,4,235.244872
-5098.589338,3,235.249372
-5539.855428,3,235.254391
9883.27331,3,235.259391
-20656.565706,5,235.266391
-5557.995877,3,235.271391
-5576.72649,3,235.276391
-5656.576677,5,235.283391
-5656.577438,5,235.29397
-20656.557997,5,235.30197
-5656.576787,5,235.30969
-5588.852729,4,235.31669
-5147.579941,4,235.32169
343.427873,5,235.328691
-5116.724103,3,235.333687
9343.417327,5,235.341694
-5079.858961,3,235.346693
-5116.724776,3,235.35161
9392.419615,4,235.357609
9343.424378,5,235.365611
9852.415237,4,235.370609
-5539.854134,3,235.374611
-5576.726237,3,235.379609
-20607.574618,4,235.38561
343.431283,5,235.39361
392.432804,4,235.40283
9392.415637,4,235.408831
343.436592,5,235.416189
-5588.845677,4,235.423188
343.441261,5,235.43019
-5116.72508,3,235.435194
920.150379,3,235.440193
-5147.576004,4,235.446194
-5607.586874,4,235.452311
9343.415894,5,235.46051
343.430736,5,235.467631
9374.27542,4,235.473631
-5588.853365,4,235.479768
-5557.994869,3,235.484918
-5588.854289,4,235.491159
-20079.848956,3,235.495162
343.441999,5,235.503161
883.282048,3,235.510162
-20656.564021,5,235.518164
343.449692,5,235.525912
343.438175,5,235.533912
9852.413823,4,235.540915
-20656.569962,5,235.549011
-5656.579827,5,235.557038
374.279832,4,235.564461
-5079.85708,3,235.56946
9901.413052,3,235.57446
9423.276501,3,235.57946
343.437695,5,235.58746
852.43063,4,235.59446
392.42577,4,235.60146
343.441112,5,235.60846
-5147.580223,4,235.61846
-5098.587562,3,235.622462
343.438918,5,235.629559
9374.282497,4,235.637561
-5079.85551,3,235.642561
392.424109,4,235.649561
343.422712,5,235.657068
-20656.572722,5,235.665387
9852.415451,4,235.672398
343.436606,5,235.68045
-5656.576983,5,235.687667
9343.415648,5,235.695669
-5147.580827,4,235.702668
-20656.566521,5,235.709667
411.160578,4,235.71577
343.503369,5,235.726339
-5079.857715,3,235.730693
-5656.579808,5,235.739354
9883.272344,3,235.743354
-5557.994155,3,235.748354
-5079.856438,3,235.753865
343.430609,5,235.760864
-5539.858353,3,235.765863
-5607.584971,4,235.773031
-5098.584608,3,235.777028
852.449153,4,235.784028
-5588.856228,4,235.790036
-5116.724565,3,235.79504
852.422158,4,235.801254
343.433491,5,235.809254
-5607.578207,4,235.815257
-5079.854016,3,235.819253
392.4236,4,235.824255
-5588.851679,4,235.833658
-5147.57575,4,235.838722
-5116.727208,3,235.842723
852.437919,4,235.85022
-5588.856646,4,235.856224
-5098.587844,3,235.861224
-5656.580241,5,235.86957
-5625.722665,4,235.87557
-20656.544343,5,235.88357
-5656.572824,5,235.88957
343.426801,5,235.896571
-5557.989109,3,235.90069
9460.141622,3,235.90469
-5576.721474,3,235.908689
852.425664,4,235.91369
343.42884,5,235.921811
852.423612,4,235.928813
343.445041,5,235.935815
343.431445,5,235.946814
9852.429782,4,235.953321
852.432235,4,235.959321
9374.276509,4,235.965322
9343.428159,5,235.972321
-5625.720429,4,235.978402
9392.415641,4,235.985402
-5557.996722,3,235.990402
9442.006076,3,235.995402
9901.413112,3,235.999402
343.437577,5,236.007402
392.426865,4,236.013403
-5656.579007,5,236.021647
9883.275653,3,236.025647
343.438658,5,236.033647
-5607.58083,4,236.03965
9343.421385,5,236.04765
-5098.580438,3,236.055161
-5079.857625,3,236.06016
343.425393,5,236.068157
423.278621,3,236.072156
-5116.725152,3,236.077157
-5116.723761,3,236.082156
9343.417952,5,236.089156
392.433819,4,236.096156
9901.414368,3,236.100157
9920.145322,3,236.104157
343.427674,5,236.111161
-5607.569471,4,236.116275
-5116.728678,3,236.120285
-5588.85382,4,236.126285
-5625.721143,4,236.132368
9901.411033,3,236.136369
-5607.574631,4,236.143369
-5607.578221,4,236.148625
-5116.723453,3,236.153639
343.446996,5,236.164641
-5079.855447,3,236.169065
-20656.570367,5,236.175065
-5098.586888,3,236.17943
-5147.577775,4,236.186628
-5539.853064,3,236.190628
-5079.857021,3,236.194634
-5656.579484,5,236.202628
343.433219,5,236.209761
-5656.5676,5,236.216125
-5656.576796,5,236.222347
374.299086,4,236.227427
9411.151534,4,236.234429
-5098.586927,3,236.239436
374.285222,4,236.245436
-5656.574713,5,236.253952
411.151837,4,236.259952
852.426779,4,236.265952
-5079.854948,3,236.273948
-5656.575821,5,236.281948
9442.005999,3,236.286949
-5079.857914,3,236.290284
9920.143465,3,236.294286
-20625.71136,4,236.301444
-5656.567961,5,236.309445
-5656.575104,5,236.316444
343.425537,5,236.324635
343.42208,5,236.33307
852.426744,4,236.339181
-5656.56978,5,236.347196
-5607.589307,4,236.353215
883.278771,3,236.358214
-5098.585608,3,236.363214
852.428999,4,236.369215
9460.143298,3,236.373214
901.424205,3,236.377214
-5079.856805,3,236.383756
920.163965,3,236.388756
-20625.71752,4,236.395756
-5656.583522,5,236.403161
9883.273457,3,236.408161
9852.416813,4,236.41416
343.446163,5,236.42216
-5098.581362,3,236.42616
343.436814,5,236.433164
343.431033,5,236.441164
-5625.725169,4,236.447165
9392.413802,4,236.453676
-5539.853173,3,236.45868
-5607.586316,4,236.464684
9343.418924,5,236.472678
343.437094,5,236.479676
-5098.587564,3,236.484676
-5607.579353,4,236.493677
343.43212,5,236.501695
-5147.583401,4,236.507694
852.428083,4,236.513693
-5625.722528,4,236.519694
-5656.578137,5,236.527694
343.446519,5,236.535697
-5656.57788,5,236.542697
392.422288,4,236.548697
343.442909,5,236.557218
-20147.574668,4,236.563547
-5079.854878,3,236.567669
852.436201,4,236.573669
-5588.853074,4,236.579669
-5539.855236,3,236.584145
343.44463,5,236.591386
343.44801,5,236.60299
-5079.85625,3,236.60799
-20656.576312,5,236.614989
901.419258,3,236.620346
343.447373,5,236.628351
343.441055,5,236.635743
-5656.582586,5,236.643743
343.427027,5,236.65225
-5588.851527,4,236.65825
-5607.585863,4,236.665251
9442.004965,3,236.66925
-5607.583402,4,236.675249
9460.143133,3,236.68025
-5588.854612,4,236.687249
9920.143176,3,236.691249
9442.003642,3,236.696251
-5607.583917,4,236.70325
9460.143591,3,236.708251
9343.420544,5,236.71925
901.419786,3,236.72325
-20147.576795,4,236.729501
852.428642,4,236.735505
343.47112,5,236.743727
-5656.582175,5,236.751233
411.158381,4,236.758233
-20116.708558,3,236.762233
901.41903,3,236.767234
9343.422698,5,236.774233
9343.42155,5,236.782233
-20656.563078,5,236.790234
-20656.554521,5,236.798629
343.428171,5,236.805641
-5116.727642,3,236.809641
343.44769,5,236.816641
343.433869,5,236.826642
-5079.858065,3,236.831108
343.432535,5,236.840261
-5607.582924,4,236.846274
-5607.583474,4,236.85148
-5588.847416,4,236.858478
-5539.857503,3,236.863518
-5147.583094,4,236.869518
-5116.723573,3,236.873518
-5147.586664,4,236.878603
-5607.582013,4,236.88583
-5576.725142,3,236.891838
-5079.854201,3,236.895831
442.01845,3,236.900839
-5147.581885,4,236.906838
-5607.580481,4,236.912838
901.428427,3,236.918277
423.278564,3,236.922278
343.437237,5,236.933278
343.436804,5,236.940282
-5557.995727,3,236.945282
-5098.584412,3,236.950282
-5656.578745,5,236.957793
-5656.581812,5,236.965803
-5098.584679,3,236.970456
852.427646,4,236.976661
852.438748,4,236.983685
-5588.855865,4,236.989685
-5098.58703,3,236.994685
9883.274271,3,236.999685
-5576.723182,3,237.004684
-5588.849073,4,237.010721
9343.424705,5,237.01872
343.433123,5,237.02672
-5116.725141,3,237.03172
-5079.854253,3,237.035723
883.281045,3,237.044574
-5656.577098,5,237.053104
-5098.582165,3,237.058103
343.424999,5,237.066103
-5098.588518,3,237.070103
-5607.582758,4,237.077102
-5098.588399,3,237.081103
343.429873,5,237.089103
-5656.566052,5,237.097102
-5625.722715,4,237.103103
9920.142046,3,237.106103
343.460171,5,237.113102
9423.271745,3,237.117102
-5098.585274,3,237.121103
343.445488,5,237.127102
-5656.581594,5,237.134102
-5607.577299,4,237.139107
-5588.854141,4,237.144107
-5607.576355,4,237.150612
-5098.589322,3,237.157619
374.2837,4,237.164618
-5098.588397,3,237.169619
-20147.574283,4,237.175619
-5098.587677,3,237.180619
-5588.850218,4,237.186616
343.437222,5,237.194616
852.445746,4,237.200616
9343.463267,5,237.208616
9411.147387,4,237.214616
-5607.583192,4,237.221615
343.446529,5,237.229616
9343.421875,5,237.236618
343.43476,5,237.244621
-5656.580572,5,237.252362
-20656.568776,5,237.260361
343.436034,5,237.27136
-5098.582651,3,237.27536
-5116.721304,3,237.282286
9374.27726,4,237.287761
-5147.580869,4,237.29276
-5625.722709,4,237.298763
-20656.566189,5,237.30576
343.439953,5,237.313842
-5607.577286,4,237.319941
-5539.857302,3,237.324944
852.427267,4,237.329941
-5147.579661,4,237.336945
411.155862,4,237.342741
-5539.856594,3,237.350314
-5656.581373,5,237.361344
-20147.567808,4,237.368339
-5588.857476,4,237.377355
-5607.579832,4,237.384355
343.426485,5,237.391704
9460.142891,3,237.396704
-20656.566796,5,237.404709
-20147.55518,4,237.411709
343.428224,5,237.420233
852.430912,4,237.427232
343.465382,5,237.43574
9392.416816,4,237.441743
9392.422376,4,237.448745
374.280707,4,237.455257
343.441427,5,237.463697
343.435734,5,237.471908
9920.142965,3,237.476909
-5147.579202,4,237.487036
9460.14351,3,237.492035
-5557.992903,3,237.497036
9343.429538,5,237.505516
9392.411995,4,237.512851
343.441437,5,237.52185
-5098.581522,3,237.526851
852.442608,4,237.533027
-5147.580572,4,237.540031
-20656.554702,5,237.548032
-5656.574783,5,237.556546
411.160479,4,237.562547
392.427577,4,237.569542
343.445409,5,237.576767
343.44029,5,237.584767
-5656.576411,5,237.595767
-5656.577216,5,237.603768
-5607.577318,4,237.609767
-5539.858374,3,237.614767
-20079.847632,3,237.619769
343.440178,5,237.627147
-5147.580382,4,237.634158
-5557.995543,3,237.639161
9374.283571,4,237.645164
-5625.719397,4,237.650905
343.428603,5,237.657912
-5588.851367,4,237.663234
-5079.854012,3,237.667235
9423.271278,3,237.672235
375.279544,4,237.67866
343.445691,5,237.684819
9343.42881,5,237.691821
-5539.85507,3,237.698819
-5607.576331,4,237.705819
9343.427618,5,237.713819
-5098.589078,3,237.718819
-5656.575555,5,237.726819
9883.277964,3,237.730989
-5079.856196,3,237.735997
-5098.582644,3,237.741001
-5079.857912,3,237.744387
-5588.852526,4,237.751004
-5656.57367,5,237.75901
-5079.856884,3,237.763007
9460.14387,3,237.768008
343.441226,5,237.776008
343.450117,5,237.784008
343.435572,5,237.792036
411.172232,4,237.798035
343.450339,5,237.809036
-5147.579527,4,237.816035
343.434434,5,237.823035
-5576.723424,3,237.827036
-5625.720458,4,237.834035
9343.43218,5,237.842039
-5576.726022,3,237.84604
343.448997,5,237.855164
9411.141909,4,237.861176
9460.140987,3,237.865176
-5656.575769,5,237.873177
9392.421574,4,237.880172
9852.414491,4,237.887172
-5588.851098,4,237.893172
-5098.58824,3,237.898172
-20607.56611,4,237.905281
343.428455,5,237.913279
-5079.859595,3,237.921279
-5079.858267,3,237.926279
-5656.581812,5,237.93428
852.431941,4,237.940283
-5116.727648,3,237.945282
9343.426335,5,237.952962
-5147.584958,4,237.959962
343.452274,5,237.969013
392.430219,4,237.98153
852.441651,4,237.988529
-5557.995191,3,237.992529
-5116.724387,3,237.997931
-5079.855012,3,238.003405
-5098.583825,3,238.007401
-5098.585678,3,238.012859
-5656.572029,5,238.021256
-5116.720807,3,238.026257
9343.426943,5,238.038268
343.436924,5,238.046268
343.425105,5,238.055118
343.446039,5,238.063297
9901.415687,3,238.067986
9343.43178,5,238.075987
343.436468,5,238.083998
343.436909,5,238.093001
-5147.577746,4,238.099229
-5079.854897,3,238.104246
374.282369,4,238.111248
9343.414832,5,240.508108
-5557.996964,3,240.513394
-5147.58249,4,240.520393
-5147.587451,4,240.526394
9852.417142,4,240.532845
-5588.852162,4,240.538848
-5098.5886,3,240.543848
343.433231,5,240.552276
-5147.58612,4,240.559784
374.318988,4,240.566984
-5147.588052,4,240.573987
9460.141984,3,240.578988
-5147.585127,4,240.584988
343.431753,5,240.591984
-5625.722333,4,240.598984
-20607.575126,4,240.604984
374.286075,4,240.611984
852.420936,4,240.617984
-5539.856206,3,240.622984
901.424914,3,240.627985
-5607.583942,4,240.634087
343.432283,5,240.642095
343.433725,5,240.650196
343.43454,5,240.658703
-5576.727372,3,240.663704
-20656.570192,5,240.674703
343.425015,5,240.682703
343.429371,5,240.690704
-20079.848996,3,240.695775
343.440869,5,240.702603
343.445355,5,240.711611
-5656.57583,5,240.719617
-5079.85636,3,240.72462
411.161109,4,240.730617
9392.419044,4,240.736707
-5625.71657,4,240.743718
343.430857,5,240.751778
-5098.585769,3,240.756289
343.426438,5,240.764288
9423.272562,3,240.769287
-5098.585673,3,240.77329
-20656.550144,5,240.784288
-5607.581701,4,240.790287
-5625.722633,4,240.79629
852.426082,4,240.802575
9343.418507,5,240.810575
-5588.845244,4,240.817575
-5098.58654,3,240.823573
374.300687,4,240.830119
-20098.581767,3,240.835628
392.435354,4,240.841628
343.440404,5,240.851605
343.428428,5,240.860119
343.444517,5,240.870408
-5656.579706,5,240.878562
901.429747,3,240.884561
-5147.585342,4,240.893559
-5557.993291,3,240.89856
852.435853,4,240.904567
-5576.723895,3,240.909567
343.435677,5,240.917929
920.154894,3,240.923154
-5557.998201,3,240.927158
-5607.581286,4,240.934606
343.434493,5,240.942843
-5576.721881,3,240.946844
-5557.996425,3,240.952124
-5588.852257,4,240.957635
9343.423402,5,240.965759
-5079.855491,3,240.969899
343.43837,5,240.977904
343.460221,5,240.98617
411.152852,4,240.99217
883.291534,3,240.997291
-5539.85594,3,241.004782
-5539.854462,3,241.008782
-5607.581831,4,241.013782
-5625.720394,4,241.019782
-5557.995312,3,241.024782
883.286669,3,241.029782
-5607.581717,4,241.035781
411.163232,4,241.041784
-5656.581055,5,241.049138
-20656.550795,5,241.057655
-5147.584341,4,241.063769
-5098.583351,3,241.06816
920.150055,3,241.07316
9343.414273,5,241.081542
-5098.587836,3,241.085623
852.442932,4,241.092641
-5147.585477,4,241.097744
343.444152,5,241.105744
-5098.586483,3,241.113744
9343.417294,5,241.121744
343.441262,5,241.130379
343.43239,5,241.138497
-5576.726007,3,241.141959
-20576.710794,3,241.147279
343.436327,5,241.154787
343.432005,5,241.162788
-5588.852945,4,241.169271
9901.417253,3,241.173361
883.290004,3,241.178609
374.286249,4,241.184857
-5147.583417,4,241.189856
-5576.725204,3,241.193856
-5116.723179,3,241.197858
343.444906,5,241.206995
9920.142543,3,241.210992
411.155088,4,241.220992
-5576.724223,3,241.225994
343.47849,5,241.235655
-5557.997552,3,241.241068
-5098.587087,3,241.246686
-5539.855911,3,241.250904
374.284113,4,241.258319
392.433112,4,241.265428
-5588.852804,4,241.273137
-20147.567569,4,241.280169
343.432675,5,241.288421
392.429892,4,241.294424
343.424046,5,241.303709
-5607.580997,4,241.310709
374.313373,4,241.318829
9343.427568,5,241.325828
901.422665,3,241.334826
-5576.723032,3,241.339836
-5656.571195,5,241.348939
-20656.566206,5,241.356961
9883.276959,3,241.363012
9343.424435,5,241.371124
343.438268,5,241.379126
343.435142,5,241.387124
-5539.856505,3,241.392124
-5576.725793,3,241.397126
-5576.72548,3,241.403132
343.430825,5,241.410132
343.433584,5,241.418132
-5098.585213,3,241.423042
-5539.854572,3,241.427048
-5656.574335,5,241.435339
343.429432,5,241.445646
374.285582,4,241.451772
343.471647,5,241.459258
-5656.568924,5,241.467258
-5656.582031,5,241.47551
9920.143163,3,241.479515
9343.422943,5,241.487787
920.150379,3,241.492787
-5607.581598,4,241.499209
-5656.577894,5,241.507207
-5098.588052,3,241.512208
-5607.578287,4,241.518207
9901.414696,3,241.523558
374.298159,4,241.529789
343.439296,5,241.53824
-5116.724949,3,241.542244
9423.270292,3,241.551248
343.433405,5,241.558764
-5098.582303,3,241.562763
-5576.724089,3,241.56876
-5098.588117,3,241.572761
-5116.721872,3,241.577985
442.019885,3,241.582985
-5656.583941,5,241.590984
-5656.587571,5,241.597982
374.286757,4,241.603982
-5656.569997,5,241.611981
-5576.72583,3,241.616982
-5079.854519,3,241.621981
-5656.573961,5,241.629985
374.284132,4,241.635988
-20656.568477,5,241.643986
374.285875,4,241.649986
343.441726,5,241.661493
-5147.580187,4,241.668493
852.432181,4,241.674971
9392.420399,4,241.682588
392.427411,4,241.688583
343.441888,5,241.697073
-5656.574607,5,241.706069
-5656.568242,5,241.714077
343.425135,5,241.721241
852.429752,4,241.727243
-5656.574345,5,241.737078
-5098.589751,3,241.742082
901.419289,3,241.748083
343.451973,5,241.756592
9442.006434,3,241.765317
9442.002915,3,241.770315
-5588.855839,4,241.777489
-5147.578141,4,241.784081
343.438985,5,241.792081
343.450416,5,241.801293
343.463765,5,241.807292
343.434643,5,241.816006
-5079.850783,3,241.82102
-5116.724185,3,241.82602
-20656.569614,5,241.834801
-5607.581485,4,241.841041
-20147.569848,4,241.848041
883.278798,3,241.853038
-20656.574845,5,241.860546
920.151583,3,241.866546
9343.426246,5,241.877046
-5576.726535,3,241.882063
9374.274186,4,241.88816
-5539.857181,3,241.89316
343.427192,5,241.90116
-5656.574741,5,241.90916
883.281646,3,241.914161
883.286052,3,241.919162
-5079.855679,3,241.92416
-5557.997248,3,241.92816
901.421385,3,241.933159
9920.142395,3,241.938159
-5656.572782,5,241.946162
343.428397,5,241.957606
-5557.991,3,241.963216
343.433539,5,241.970717
-20576.715531,3,241.975717
-5656.580341,5,241.986866
9374.282497,4,241.992865
852.422848,4,241.998867
343.435233,5,242.007173
-5607.583852,4,242.013175
-5576.726493,3,242.018174
343.450941,5,242.026174
343.430945,5,242.034263
-5607.582442,4,242.040268
374.29349,4,242.046277
343.442146,5,242.052278
883.278907,3,242.05679
-20656.571003,5,242.065318
-5147.579887,4,242.070318
460.148318,3,242.074318
-20656.569136,5,242.08144
-20116.716172,3,242.086456
-5147.587333,4,242.09446
-20656.576749,5,242.103456
-5557.997279,3,242.107456
-5539.851428,3,242.112473
852.420082,4,242.119517
9392.419956,4,242.125517
9374.275269,4,242.132517
-5588.85398,4,242.139518
-5656.578611,5,242.147522
343.432993,5,242.156032
9901.41018,3,242.160032
883.287477,3,242.165403
9442.001526,3,242.170622
852.435567,4,242.176633
392.429351,4,242.183703
343.437729,5,242.191704
343.427809,5,242.199705
-20588.829523,4,242.208706
343.427511,5,242.216706
343.432151,5,242.22487
-20656.566988,5,242.233191
-5557.99616,3,242.238202
-5147.58312,4,242.2442
883.286146,3,242.249442
-5079.857761,3,242.253441
-5607.58064,4,242.260953
343.442321,5,242.268074
9460.140659,3,242.272068
343.422215,5,242.279604
-5098.586923,3,242.28471
-5607.58487,4,242.290988
9442.006953,3,242.295168
883.27855,3,242.300318
343.426603,5,242.306317
9343.416539,5,242.317948
-5098.584171,3,242.322948
343.464482,5,242.331961
-5625.718818,4,242.336973
-5116.720333,3,242.340977
-5607.582623,4,242.34717
-5656.577584,5,242.355673
374.280932,4,242.360677
9442.001852,3,242.365677
-5147.579407,4,242.371677
9392.41336,4,242.377677
411.161925,4,242.383677
9920.145769,3,242.388677
-5098.584032,3,242.393677
-5588.850551,4,242.399677
460.151774,3,242.404677
343.440689,5,242.413677
392.43208,4,242.42319
343.425944,5,242.432365
-5588.848574,4,242.438906
-5539.852754,3,242.44292
343.430407,5,242.451579
-5098.587854,3,242.456101
343.452216,5,242.464102
343.422852,5,242.471102
9901.414804,3,242.476102
343.430119,5,242.484102
-20656.571709,5,242.491102
-5576.727552,3,242.496101
-20147.572046,4,242.502101
-5098.585174,3,242.507102
343.435533,5,242.515102
411.159927,4,242.521105
392.447504,4,242.528105
920.152429,3,242.535571
-5116.726783,3,242.539572
374.297211,4,242.545579
852.429351,4,242.55258
343.439736,5,242.560095
9852.41513,4,242.568091
-5656.572134,5,242.576091
852.42551,4,242.583158
-5656.569215,5,242.591156
-20656.56949,5,242.599156
-5625.717799,4,242.605155
-5539.85387,3,242.610156
411.164753,4,242.617155
-5557.994308,3,242.622156
-20656.558523,5,242.630158
-5656.578474,5,242.638156
-5656.581829,5,242.650159
-5147.581392,4,242.655662
9883.272277,3,242.660666
-20656.5593,5,242.670666
343.436108,5,242.677666
-5656.574469,5,242.686666
374.281273,4,242.693146
343.432569,5,242.700998
-5588.856719,4,242.706999
852.427587,4,242.713998
-5656.57622,5,242.721998
-20147.575392,4,242.727999
-5656.584827,5,242.736
-5656.588085,5,242.744002
-5557.997135,3,242.750001
920.1499,3,242.75751
-5079.852809,3,242.76251
-5656.577458,5,242.769509
9374.276587,4,242.774509
-5588.857331,4,242.780509
9343.414464,5,242.78751
374.283893,4,242.792512
392.424703,4,242.798513
-5656.568137,5,242.806355
-5625.722377,4,242.812368
-5098.587137,3,242.817903
392.420566,4,242.823902
9901.412626,3,242.828902
9920.145307,3,242.833903
392.421468,4,242.840908
343.427996,5,242.849907
9343.41882,5,242.858507
-5588.853769,4,242.870108
-5656.577644,5,242.880115
-5625.719437,4,242.886115
852.427076,4,242.893115
883.279001,3,242.897693
9392.420257,4,242.904694
-5656.575376,5,242.912836
-5116.719003,3,242.917848
-5557.989568,3,242.922851
-5098.589254,3,242.926848
-5079.855777,3,242.931846
-5576.725327,3,242.936183
-5098.585774,3,242.940184
-5539.853183,3,242.945194
852.453212,4,242.951189
9343.430409,5,242.959282
343.433934,5,242.966646
411.152574,4,242.976073
-5607.582977,4,242.983333
-5557.992945,3,242.988333
-5656.576773,5,242.996331
920.15406,3,243.000331
-5625.721415,4,243.006561
920.149547,3,243.011088
9901.411729,3,243.016093
343.434512,5,243.024093
-20656.566801,5,243.033093
374.301609,4,243.040092
9442.003377,3,243.044095
-5557.992311,3,243.050097
-5079.858075,3,243.054095
392.429704,4,243.061603
-5656.576536,5,243.069602
-5576.722952,3,243.074603
343.47081,5,243.085606
374.283062,4,243.092606
343.440518,5,243.100606
-20656.571144,5,243.108606
-5656.581342,5,243.116606
-5079.856749,3,243.120605
392.431846,4,243.125605
-5607.576987,4,243.131607
343.446211,5,243.139606
-5656.579011,5,243.146613
9343.435319,5,243.155121
-20656.562951,5,243.163129
-5079.854867,3,243.168129
901.420387,3,243.173129
9343.424271,5,243.181129
852.426601,4,243.187129
-5098.588103,3,243.195127
-5116.72471,3,243.200129
9901.419343,3,243.204129
-5625.721366,4,243.210403
343.429183,5,243.21788
9392.420619,4,243.224887
9442.004679,3,243.22888
343.448428,5,243.237001
-20625.699755,4,243.243006
-5588.855767,4,243.250118
-5098.586724,3,243.254118
-20656.564749,5,243.261503
343.433279,5,243.269497
343.432455,5,243.276497
-5079.855433,3,243.281598
-5576.725848,3,243.286607
-20607.575703,4,243.291608
343.4433,5,243.297617
343.447916,5,243.307626
392.428069,4,243.312624
901.419471,3,243.316624
343.427334,5,243.324121
-5116.720344,3,243.329122
-5098.586029,3,243.334244
-5147.579982,4,243.339662
-5147.583395,4,243.346173
852.428045,4,243.352278
-5656.570587,5,243.360267
-5079.856915,3,243.364267
343.431773,5,243.372267
-20147.571922,4,243.378267
343.431227,5,243.386267
-5079.851203,3,243.391267
-5588.852877,4,243.397267
9343.41719,5,243.405267
9392.420669,4,243.411267
9442.006798,3,243.419743
920.151728,3,243.423743
-5116.72819,3,243.428742
852.429412,4,243.434742
-5539.858177,3,243.439743
-5116.723442,3,243.444746
-20656.564448,5,243.451756
-20656.567543,5,243.459264
9920.148477,3,243.464267
852.430873,4,243.470267
343.428252,5,243.478268
-5079.854881,3,243.483267
343.426261,5,243.491267
343.438414,5,243.499267
-20656.562975,5,243.507267
-5588.854739,4,243.513267
9920.153096,3,243.518392
9852.419702,4,243.524392
343.433501,5,243.534533
-5607.583735,4,243.541699
343.432613,5,243.549698
920.151804,3,243.553698
-5625.720605,4,243.559206
343.431824,5,243.566205
-5147.566023,4,243.572205
-5607.587373,4,243.577205
9392.416936,4,243.584205
-5625.719297,4,243.590206
-5539.854772,3,243.595318
-5539.856595,3,243.599318
-5147.581734,4,243.605318
-5539.847735,3,243.610318
-5588.848817,4,243.616318
-5116.721438,3,243.621318
-20625.714177,4,243.62747
9442.001434,3,243.632471
-20656.578735,5,243.642823
-5116.725877,3,243.647823
343.442316,5,243.655449
-20656.560417,5,243.663836
-5557.997805,3,243.668976
-5557.995146,3,243.672977
343.448676,5,243.680977
852.436926,4,243.6864
-5147.587133,4,243.6934
343.422258,5,243.7008
-5656.571593,5,243.7088
392.471719,4,243.714805
411.156652,4,243.7218
-5656.578454,5,243.7298
852.425263,4,243.736168
-5079.858899,3,243.740169
9460.145863,3,243.748172
-20656.567804,5,243.756679
9423.273622,3,243.761683
343.462269,5,243.769827
-5539.852821,3,243.774827
343.433743,5,243.782606
9343.420977,5,243.790619
-5607.58365,4,243.797197
920.152382,3,243.802197
-5588.85278,4,243.808201
901.419142,3,243.813197
-5079.850466,3,243.817631
343.439485,5,243.825638
-5656.570567,5,243.832757
343.452753,5,243.840964
9374.272215,4,243.846967
-5098.58337,3,243.852073
374.290541,4,243.861582
-5607.585204,4,243.867582
-5576.728031,3,246.247312
-5588.849741,4,246.25431
-5588.851531,4,246.264026
9460.142814,3,246.269025
-5116.72429,3,246.274025
9343.412668,5,246.282025
-5116.724134,3,246.286709
9343.422373,5,246.295122
-5116.723072,3,246.301121
-5656.585785,5,246.309122
852.423985,4,246.315122
411.15281,4,246.321428
-5539.858284,3,246.326676
9411.144432,4,246.332944
-20098.572862,3,246.337941
-5656.583217,5,246.34595
343.426721,5,246.354063
-5576.725641,3,246.359576
-5656.586501,5,246.370507
-5098.582953,3,246.37552
-5576.725178,3,246.380521
343.462783,5,246.388695
-5656.576115,5,246.396701
-5625.720979,4,246.402696
-5656.575872,5,246.410696
343.441427,5,246.418732
852.43898,4,246.424732
343.441165,5,246.433217
-5147.582916,4,246.439214
-5607.5815,4,246.445221
-5656.581061,5,246.45334
-5147.576178,4,246.45997
343.454971,5,246.467104
343.441364,5,246.478243
-5147.579689,4,246.485332
-5098.583547,3,246.490336
-5079.859095,3,246.494337
343.447965,5,246.502336
852.423935,4,246.508332
374.298302,4,246.515336
852.419679,4,246.521427
920.150375,3,246.525437
-5539.854455,3,246.528624
411.158474,4,246.534146
9411.148077,4,246.540145
-5098.588699,3,246.543149
-5147.582038,4,246.549149
-20656.572214,5,246.557147
-20607.574713,4,246.563655
-5098.586232,3,246.567657
-5147.588273,4,246.574655
-5079.855722,3,246.578658
-20625.711498,4,246.58866
-5656.570498,5,246.596659
-5147.586711,4,246.602656
-20656.56079,5,246.610656
343.434526,5,246.617655
-5147.580121,4,246.623655
9920.147174,3,246.628659
-5098.588608,3,246.633746
343.432716,5,246.640747
9852.420385,4,246.647758
-5656.58174,5,246.655811
-5557.997564,3,246.660324
343.42717,5,246.668389
9442.001111,3,246.672389
-20625.70953,4,246.678633
-5576.723227,3,246.683633
-5079.857837,3,246.688631
-5539.857076,3,246.697679
-5539.854751,3,246.704677
-5607.576323,4,246.711822
-5116.723536,3,246.71782
-5656.576124,5,246.726819
-5098.586885,3,246.731819
343.481536,5,246.73982
9852.41967,4,246.745822
-5098.586879,3,246.751823
9852.41262,4,246.756824
-5625.720224,4,246.764333
-5079.855145,3,246.769332
-5098.586239,3,246.773483
-5656.567593,5,246.781484
-5576.722853,3,246.786492
374.289252,4,246.793493
343.42909,5,246.803981
343.429472,5,246.811981
901.421745,3,246.81747
-20607.578634,4,246.822479
-5147.585575,4,246.827481
-5539.857274,3,246.833699
-5588.851161,4,246.838777
9343.424264,5,246.845318
-5656.582738,5,246.853808
-20656.563232,5,246.862314
-5607.582446,4,246.869314
-5656.579747,5,246.877314
-5656.571977,5,246.886766
-5098.587874,3,246.891766
883.280544,3,246.89677
-20656.567843,5,246.904766
343.431494,5,246.915765
852.436298,4,246.922766
-5656.57824,5,246.930957
343.430077,5,246.938956
-5098.587253,3,246.943959
-5098.589411,3,246.948959
852.426416,4,246.955959
852.430735,4,246.961469
-5656.581281,5,246.969627
-5576.719683,3,246.974724
901.424604,3,246.979733
9460.144886,3,246.984742
-5116.724849,3,246.988742
411.157518,4,246.995841
343.447965,5,247.003843
-5607.582561,4,247.011517
-20625.704258,4,247.018407
343.425501,5,247.029584
-5079.856355,3,247.034738
-5098.588572,3,247.040736
-20656.570534,5,247.048741
-20656.560771,5,247.05775
9852.426058,4,247.064782
-20147.567053,4,247.071173
883.279949,3,247.077175
411.156845,4,247.084586
-5625.717646,4,247.08994
343.441308,5,247.098726
-5607.581777,4,247.10587
343.490926,5,247.115292
374.323771,4,247.121348
-5607.580777,4,247.128352
852.424765,4,247.138347
852.423309,4,247.145349
9343.414118,5,247.154352
343.459586,5,247.163069
9411.146219,4,247.171074
343.427672,5,247.179073
-5116.726456,3,247.184321
901.422156,3,247.189335
343.445707,5,247.196332
343.428693,5,247.20533
-20147.574173,4,247.210331
343.423027,5,247.218479
343.452538,5,247.225852
343.427908,5,247.233853
343.448383,5,247.245003
-5557.998613,3,247.250126
-5557.996303,3,247.254396
343.437258,5,247.262644
343.428912,5,247.270644
-5656.574488,5,247.278647
-20557.989552,3,247.283777
-5147.577665,4,247.290057
-5656.576752,5,247.298059
9343.419418,5,247.306665
343.436846,5,247.313668
9442.003961,3,247.31967
-5607.583602,4,247.326673
-5079.854429,3,247.330671
9411.145623,4,247.337986
343.428097,5,247.349152
-5576.723011,3,247.354146
-5656.578076,5,247.362182
374.319934,4,247.368941
-5588.849345,4,247.375498
-20147.571483,4,247.382499
9343.424924,5,247.388498
-5147.578536,4,247.393499
-20656.57437,5,247.401498
852.478964,4,247.406498
374.283382,4,247.411499
883.281019,3,247.416498
-5098.584075,3,247.420498
-5588.850367,4,247.425498
-5656.576328,5,247.432499
-5656.577841,5,247.439498
9883.274265,3,247.443498
343.43334,5,247.451506
343.429862,5,247.462224
343.444256,5,247.469239
392.439182,4,247.474237
-5079.858588,3,247.478238
9411.154493,4,247.485238
-5557.998638,3,247.490238
9343.426574,5,247.498664
9343.417235,5,247.506663
-5576.727473,3,247.511663
343.43247,5,247.519664
852.429066,4,247.525663
920.16403,3,247.530664
343.441901,5,247.538938
-20656.573646,5,247.54794
343.436529,5,247.555941
-5625.72038,4,247.562448
883.294568,3,247.570452
-5098.585939,3,247.575452
-5116.725503,3,247.580452
-5656.577577,5,247.588448
-5656.577382,5,247.594448
-5557.990923,3,247.599571
343.425895,5,247.607573
343.431548,5,247.614571
374.295307,4,247.62071
-5576.723569,3,247.62571
423.286218,3,247.628892
343.436132,5,247.636893
-5079.85609,3,247.641891
-5539.854825,3,247.646898
392.426382,4,247.652898
9343.425715,5,247.66041
343.431747,5,247.668542
343.911407,5,247.679542
-5656.566071,5,247.687653
-5557.998673,3,247.692652
9901.413179,3,247.697651
343.434694,5,247.705652
9460.141019,3,247.709651
-5625.71807,4,247.716651
-5079.854542,3,247.720651
-20588.842277,4,247.72771
9343.414846,5,247.735779
9392.419785,4,247.742012
343.455448,5,247.750015
-5079.851038,3,247.755016
-5557.995786,3,247.759521
-5656.57173,5,247.76703
-5607.576122,4,247.77403
-5607.586738,4,247.780087
-5098.589548,3,247.787086
-5539.857512,3,247.791087
-5656.575148,5,247.797088
852.437122,4,247.803201
852.432588,4,247.809203
901.425503,3,247.814201
-5147.579663,4,247.820677
-5116.72606,3,247.825677
9423.275345,3,247.830678
852.445388,4,247.836869
-5656.572765,5,247.844897
-5539.856247,3,247.850472
883.288134,3,247.855471
-20656.557018,5,247.86386
343.440928,5,247.872365
343.432148,5,247.880364
852.436776,4,247.886364
-5098.586922,3,247.891364
-5656.577384,5,247.902364
-5147.584761,4,247.909364
343.435904,5,247.916364
-20656.560567,5,247.924364
-5625.71951,4,247.930364
-20625.711987,4,247.936364
9852.421304,4,247.943364
-5539.858118,3,247.947368
-5588.85035,4,247.953368
-5656.578768,5,247.960877
343.433163,5,247.96923
852.437136,4,247.97523
343.426918,5,247.983374
-5557.991921,3,247.987374
392.426538,4,247.993374
-5588.850916,4,248.000472
-5079.857974,3,248.007472
-5147.58574,4,248.014475
-5116.725705,3,248.018472
-5147.585251,4,248.024816
-5607.581592,4,248.031818
343.432539,5,248.038815
-5539.858071,3,248.043815
852.447202,4,248.049986
374.279785,4,248.056984
-5147.58488,4,248.063535
-20656.568045,5,248.071519
-5147.575258,4,248.078519
343.447797,5,248.086519
343.432157,5,248.093518
-5098.58661,3,248.098519
-5098.589556,3,248.103519
-5539.855573,3,248.108519
-20147.578471,4,248.117872
852.436404,4,248.12287
343.440228,5,248.12887
-5098.580438,3,248.133871
343.444449,5,248.141871
901.426465,3,248.145875
-5656.57474,5,248.154387
-5588.851995,4,248.159894
343.431688,5,248.167894
920.150278,3,248.172894
-5656.582701,5,248.180894
9343.431342,5,248.188893
-5607.579747,4,248.193896
343.485082,5,248.201483
-5656.578297,5,248.209483
-5079.854218,3,248.214482
-5656.571912,5,248.221483
-20656.571447,5,248.232483
-5557.996111,3,248.237483
-5147.58011,4,248.243484
9901.412925,3,248.248492
-5656.576177,5,248.256487
9852.413253,4,248.262136
-5656.570303,5,248.269136
9901.415581,3,248.273138
-5147.579063,4,248.278139
343.427726,5,248.285136
-5625.716568,4,248.291136
9901.413206,3,248.29514
-20656.568206,5,248.302136
-5539.851056,3,248.307137
-5079.855509,3,248.311137
-5557.998997,3,248.315687
-5116.726096,3,248.321139
-5539.856853,3,248.325137
920.154069,3,248.329138
343.443694,5,248.339594
343.434414,5,248.347597
-5588.854376,4,248.353752
9374.273739,4,248.360261
-5576.726692,3,248.364262
-5098.584338,3,248.36826
343.432977,5,248.37626
-5116.727895,3,248.381259
-5656.578739,5,248.38926
-5098.587313,3,248.393262
-5098.585641,3,248.398872
-5607.583987,4,248.404881
343.462251,5,248.412985
-5588.84993,4,248.420091
-5079.858266,3,248.425093
9920.143089,3,248.429501
343.439853,5,248.436495
392.427708,4,248.445502
-5656.571009,5,248.453499
9901.415469,3,248.4585
-5625.72375,4,248.466011
-5147.584296,4,248.472204
852.430908,4,248.478212
-5656.571079,5,248.486205
9920.14155,3,248.49035
-5539.858756,3,248.494363
-5625.719681,4,248.501493
-5656.583171,5,248.508492
-20625.712979,4,248.513928
-5116.72619,3,248.518931
9343.418446,5,248.526928
-5588.847514,4,248.533927
-5607.58409,4,248.541075
-5607.583119,4,248.547081
343.440261,5,248.558079
883.280374,3,248.56259
-5656.579154,5,248.56926
-5656.575148,5,248.576259
-5656.576479,5,248.584186
-5656.576955,5,248.592186
-5656.579159,5,248.6002
-5116.725052,3,248.6042
-5607.583594,4,248.611206
-5147.580247,4,248.617262
-5656.569597,5,248.625262
343.435143,5,248.632943
343.437282,5,248.640943
-5098.586971,3,248.645252
-5147.58376,4,248.651263
-5656.581152,5,248.658262
-5079.857643,3,248.667121
392.42919,4,248.673121
343.453338,5,248.681629
9460.142125,3,248.685628
-5588.844035,4,248.692627
9374.278553,4,248.699759
-20098.578637,3,248.703756
-5656.582622,5,248.711962
852.427705,4,248.717961
-20656.563014,5,248.725962
343.430825,5,248.733962
343.49191,5,248.741961
9883.275969,3,248.746968
-5539.853899,3,248.75109
-5147.578171,4,248.756201
-5656.571122,5,248.76271
9343.430395,5,248.772262
-5147.579593,4,248.777262
343.439772,5,248.785262
343.434687,5,248.793262
9920.144328,3,248.797279
852.424665,4,248.803884
-5607.584516,4,248.810887
411.149966,4,248.816073
343.996618,5,248.824073
-5588.848747,4,248.830075
901.418426,3,248.834547
9901.415359,3,248.839547
9423.274793,3,248.844552
-5147.587021,4,248.85068
-5656.576068,5,248.858682
852.431364,4,248.866494
-5147.579493,4,248.871494
392.433055,4,248.881129
-5539.855325,3,248.889683
374.285504,4,248.896685
-5147.583803,4,248.902698
-5147.584491,4,248.907861
-5079.858323,3,248.911872
-5656.580634,5,248.918036
343.429088,5,248.925168
-5625.719368,4,248.930168
343.447636,5,248.938283
-5607.57834,4,248.94428
-5079.857396,3,248.949324
852.442098,4,248.955324
9901.411205,3,248.95983
-5079.857422,3,248.964836
9901.411544,3,248.969925
-20625.71302,4,248.975943
-5557.994092,3,248.980943
-5576.723275,3,248.987076
883.279668,3,248.992079
392.424791,4,248.998076
9392.410765,4,249.004076
343.432745,5,249.012077
9343.412098,5,249.018688
-5539.856651,3,249.02369
-5656.575301,5,249.031691
-5656.573955,5,249.037831
-5656.573499,5,249.044831
9920.141143,3,249.049844
343.427999,5,249.057844
-5098.585196,3,249.061893
460.148541,3,249.066888
-5656.582588,5,249.074889
343.458164,5,249.082889
9442.001138,3,249.087889
392.421908,4,249.09389
343.435362,5,249.104284
9442.002995,3,249.109283
-5557.993938,3,249.114284
343.436607,5,249.122283
9374.276709,4,249.128285
343.436804,5,249.136283
-5656.570582,5,249.144284
9883.272997,3,249.149287
343.4615,5,249.157287
9442.006054,3,249.161937
-5656.574004,5,249.169341
-5576.72274,3,249.174341
423.279538,3,249.178346
374.299004,4,249.184786
9442.006112,3,249.189786
343.449072,5,249.197876
-5147.575697,4,249.203934
343.431654,5,249.213933
-5098.585476,3,249.218934
343.434895,5,249.226395
-5116.725137,3,249.231398
343.433471,5,249.23863
-5098.582552,3,249.243647
411.152773,4,249.249658
9460.143117,3,249.254657
392.439594,4,249.260162
9411.144582,4,249.267169
9343.420085,5,249.274166
392.425248,4,249.281166
-5147.583713,4,249.287167
-5656.581726,5,249.295169
392.428215,4,249.301252
343.441698,5,249.308585
-5656.575199,5,249.319588
-5098.586707,3,249.323588
343.446287,5,249.331588
-20656.574435,5,249.339986
-20147.579207,4,249.34599
-5588.854314,4,249.35119
-5147.583491,4,249.35719
852.423328,4,249.362702
-5557.99817,3,249.366701
-5098.588363,3,249.370701
-5656.582414,5,249.376701
-5147.577661,4,249.381778
-5147.583703,4,249.387828
852.519655,4,249.39234
-5147.587216,4,249.398339
-5539.858393,3,249.402339
-5656.572119,5,249.408339
-5656.577774,5,249.415341
9392.423674,4,249.420338
-5588.849609,4,249.425339
343.433558,5,249.434339
343.429906,5,249.440339
-5607.584786,4,249.447343
9423.272831,3,249.452342
852.43815,4,249.458342
9901.410412,3,249.462851
-5079.857338,3,249.467851
-5656.571371,5,249.474851
-20147.575932,4,249.481851
-5116.725427,3,249.486851
-5656.576034,5,249.493851
343.429497,5,249.501851
-5079.8538,3,249.505851
-5588.849709,4,249.51185
-5539.858239,3,249.515852
343.470568,5,249.523853
343.425537,5,249.531851
343.427406,5,251.841293
901.42448,3,251.846181
852.423318,4,251.852178
9460.142589,3,251.857177
9423.272671,3,251.864687
-5539.856938,3,251.869687
-5539.85642,3,251.873687
-5607.580955,4,251.880688
9343.42421,5,251.887688
-5116.724489,3,251.892853
392.484622,4,251.898853
343.453539,5,251.906855
-5656.578218,5,251.914717
9423.27594,3,251.919355
-20625.703674,4,251.925568
343.449526,5,251.932003
9423.274746,3,251.937649
343.429448,5,251.944683
343.463828,5,251.952686
-5079.85568,3,251.957685
-5576.7254,3,251.962191
343.448298,5,251.972192
-5557.996962,3,251.977192
343.44279,5,251.985516
343.427893,5,251.992515
-5588.851463,4,251.999569
374.281954,4,252.006582
883.281033,3,252.012772
-5098.588018,3,252.01848
-20656.569612,5,252.026962
-5116.722672,3,252.031962
392.431057,4,252.037962
-5079.85537,3,252.042962
343.433832,5,252.050964
-5557.995639,3,252.055965
901.426456,3,252.060467
-5607.582964,4,252.066044
-5656.578441,5,252.074043
852.423716,4,252.08417
343.432398,5,252.092171
-20147.576531,4,252.097169
-5656.579986,5,252.10517
9423.270817,3,252.110369
442.032194,3,252.11448
-5576.725154,3,252.119491
-5656.578321,5,252.126491
-5116.720178,3,252.131599
343.443307,5,252.139612
-20656.573429,5,252.146615
411.154177,4,252.152748
-5625.719611,4,252.159748
-5079.853458,3,252.164264
-5098.586376,3,252.168397
9343.425873,5,252.176398
-20607.573803,4,252.182507
-5607.58022,4,252.19151
9883.280133,3,252.196507
-5625.725919,4,252.202778
9343.425072,5,252.209797
852.440919,4,252.215908
-5079.855179,3,252.219908
-5588.850862,4,252.226171
-5607.581462,4,252.233173
-5656.576896,5,252.241171
343.447698,5,252.248174
-5607.582853,4,252.255175
852.424821,4,252.260633
-5656.576559,5,252.269727
343.434433,5,252.276729
9920.148411,3,252.28194
883.279795,3,252.28698
-5576.727208,3,252.290981
-5116.723225,3,252.299632
-5079.855179,3,252.304632
-5656.580995,5,252.312632
9411.144149,4,252.318748
392.427263,4,252.325748
-5656.573505,5,252.333748
411.153345,4,252.339748
-5656.577592,5,252.346752
343.431569,5,252.354867
-5079.855063,3,252.359868
-5079.852664,3,252.365332
-5576.727096,3,252.368344
-5539.858463,3,252.372344
411.152436,4,252.379432
-20147.578627,4,252.385432
343.442284,5,252.393434
-5656.578318,5,252.401432
-5116.723235,3,252.408434
-5557.997054,3,252.412432
852.438043,4,252.418432
-5588.853879,4,252.424739
9411.145475,4,252.430739
-5557.998213,3,252.435749
374.287412,4,252.441917
920.149687,3,252.445918
-5588.848817,4,252.452283
-5116.724186,3,252.457283
343.433768,5,252.464791
-5607.58238,4,252.47079
-5607.584519,4,252.47679
-5625.719482,4,252.483791
374.292175,4,252.48979
-5607.581538,4,252.49579
460.151254,3,252.50094
-5576.72331,3,252.50594
9374.272724,4,252.511945
392.425535,4,252.521119
-5147.581801,4,252.527119
-5539.854779,3,252.532121
374.281822,4,252.538119
343.455049,5,252.546281
-5656.575514,5,252.553406
411.167304,4,252.559405
9343.426048,5,252.566915
374.294075,4,252.572915
-5607.575848,4,252.578915
-5079.856089,3,252.583915
9392.41455,4,252.589915
9460.145027,3,252.595013
852.427246,4,252.601197
343.435809,5,252.609201
-5539.855747,3,252.614197
-5116.721054,3,252.618197
-5098.587583,3,252.623197
9442.001874,3,252.63064
-20656.56923,5,252.63864
-20607.57022,4,252.645641
-20079.849687,3,252.649644
-5656.577195,5,252.658644
374.285366,4,252.665153
343.445635,5,252.672152
374.287817,4,252.679151
343.4292,5,252.686308
343.443146,5,252.694308
-5079.856912,3,252.699434
852.423886,4,252.704433
9343.4168,5,252.710433
9374.277892,4,252.716433
9343.41943,5,252.724433
-5656.578826,5,252.734434
-5656.573967,5,252.742433
-5098.589273,3,252.747439
-5116.724169,3,252.752561
343.446017,5,252.761069
-5607.579938,4,252.767198
-5656.581124,5,252.775198
-5147.580707,4,252.781199
343.438338,5,252.788198
-5116.722896,3,252.791198
343.444621,5,252.798624
-5098.589356,3,252.803633
343.428683,5,252.811636
-5098.587803,3,252.816633
9411.145828,4,252.822633
-5557.998097,3,252.827633
343.433453,5,252.835633
901.418994,3,252.840633
-5576.728316,3,252.848636
343.462058,5,252.85664
-5147.57932,4,252.862674
883.280841,3,252.867736
343.437407,5,252.875755
-5079.852968,3,252.880755
-5557.997168,3,252.885755
-5607.580304,4,252.891756
-5147.579533,4,252.899102
343.443452,5,252.907102
-5079.857539,3,252.911107
-5588.850198,4,252.918214
374.289954,4,252.924217
392.43302,4,252.930214
-5147.581318,4,252.93634
852.436118,4,252.942343
9392.420915,4,252.949461
-5539.854361,3,252.953461
343.42988,5,252.964992
-5098.586303,3,252.968976
343.424523,5,252.976979
-5098.588509,3,252.981979
343.436859,5,252.98998
-5656.573424,5,252.998479
343.432444,5,253.006475
-5576.726208,3,253.010475
374.288433,4,253.017476
-5116.728279,3,253.021476
-5116.725821,3,253.025476
-20625.708269,4,253.032647
392.423616,4,253.037734
-20656.561501,5,253.045735
-5656.570179,5,253.053833
343.429978,5,253.062061
-5656.574134,5,253.072277
-20625.711053,4,253.078282
9460.142591,3,253.083285
-5588.852186,4,253.090285
-5147.585938,4,253.096286
-5147.578229,4,253.101743
392.439771,4,253.108743
852.425954,4,253.114747
-5576.722891,3,253.119743
9423.271861,3,253.123743
9901.410569,3,253.128744
-5079.851427,3,253.133743
343.431478,5,253.139743
-5557.995999,3,253.143745
411.154304,4,253.149915
9392.418895,4,253.154915
-5098.583332,3,253.158916
9343.41844,5,253.166426
-5607.583584,4,253.172426
343.426814,5,253.183623
411.160343,4,253.189923
883.289237,3,253.193991
-5625.723428,4,253.200988
411.158064,4,253.206988
343.443708,5,253.212988
-5557.998186,3,253.216987
-5098.587617,3,253.221125
-5079.855977,3,253.22618
-5607.581804,4,253.23218
343.436779,5,253.240426
-20588.820906,4,253.246431
343.432015,5,253.254539
9374.274992,4,253.261046
-5576.724023,3,253.265053
-5098.587992,3,253.27019
-5539.857848,3,253.275189
9343.433914,5,253.285423
-5147.576693,4,253.291422
343.43123,5,253.299923
-5079.858064,3,253.304923
343.437702,5,253.311925
343.427003,5,253.319278
901.428126,3,253.323278
-5147.575197,4,253.328284
423.284172,3,253.33393
-5098.587548,3,253.337932
343.433243,5,253.346245
-20625.713576,4,253.353249
343.430954,5,253.360252
-5557.995116,3,253.365767
343.445387,5,253.372767
343.424932,5,253.380883
-5656.570725,5,253.388882
9392.422919,4,253.39688
-5656.574974,5,253.403879
-5147.581214,4,253.410032
343.47072,5,253.417032
-5656.576916,5,253.425032
343.429179,5,253.433032
9343.422431,5,253.440033
-5116.727085,3,253.444032
-5656.577984,5,253.451036
-5656.581055,5,253.457423
-5656.574323,5,253.465389
-5539.855524,3,253.470406
343.435007,5,253.478408
-20116.719387,3,253.482506
392.422075,4,253.488543
-5656.580974,5,253.49455
9901.41335,3,253.498544
-5098.586233,3,253.506606
-5625.721032,4,253.513606
-5576.72478,3,253.517607
-5557.993791,3,253.522606
-5557.991279,3,253.527607
-5607.580823,4,253.533972
343.442769,5,253.541972
374.281012,4,253.548127
343.434793,5,253.555138
423.283749,3,253.560141
-5098.587183,3,253.564991
-5116.721974,3,253.570002
-5116.724428,3,253.574999
9374.275962,4,253.581002
-20656.563172,5,253.588999
-5539.853015,3,253.592999
-5557.991871,3,253.598251
343.435705,5,253.606249
-5539.85009,3,253.614252
374.285929,4,253.620248
-5656.574601,5,253.628248
-5588.853379,4,253.634248
343.424492,5,253.640248
343.468715,5,253.64741
-5656.579587,5,253.65341
-5656.581281,5,253.660411
343.426865,5,253.669042
-5656.576707,5,253.677042
9901.415657,3,253.681186
-5656.575966,5,253.689545
343.466948,5,253.697547
9374.2827,4,253.704737
-5079.857014,3,253.708736
-5607.577752,4,253.714849
343.435563,5,253.725859
343.462574,5,253.73386
-5656.578263,5,253.74295
343.425545,5,253.751845
-5539.852035,3,253.756844
-5588.849974,4,253.763363
-5625.722137,4,253.77056
9442.001343,3,253.77456
852.431352,4,253.781923
9920.146821,3,253.786939
901.419993,3,253.78994
343.437736,5,253.798195
343.430976,5,253.806194
-5557.996946,3,253.810195
-5539.857503,3,253.815522
-5079.854453,3,253.821517
-20656.561117,5,253.832687
9374.27247,4,253.839702
343.452587,5,253.847159
-5079.854745,3,253.853455
-20147.572544,4,253.858452
9392.419332,4,253.864974
-5079.856204,3,253.869657
9343.421508,5,253.877655
-20656.556658,5,253.886958
-5607.586893,4,253.892959
-5147.583859,4,253.898957
9343.427613,5,253.906957
-5098.586158,3,253.910962
343.428785,5,253.919956
392.423772,4,253.925956
374.291425,4,253.931958
343.444796,5,253.942278
343.43744,5,253.949281
-5557.996907,3,253.95428
343.433942,5,253.961784
-5576.728929,3,253.966788
-20656.570245,5,253.973352
343.451094,5,253.981369
-5656.579167,5,253.987366
343.445662,5,253.994373
-5607.5797,4,254.000366
392.426167,4,254.006366
-5147.578853,4,254.011374
-5098.587536,3,254.017441
-5656.576996,5,254.025441
374.306233,4,254.031444
-5656.574705,5,254.03844
411.162465,4,254.044445
-5116.725822,3,254.051597
343.428597,5,254.059597
343.441018,5,254.067104
852.422633,4,254.072104
9442.008344,3,254.077104
9411.152525,4,254.083104
-5147.587622,4,254.089104
-5557.996411,3,254.094104
-5656.578258,5,254.101104
374.285403,4,254.107104
-5557.997321,3,254.112176
9883.278046,3,254.117175
343.442354,5,254.125175
-5576.725751,3,254.130178
-5656.576685,5,254.138176
-5539.854875,3,254.143178
920.147544,3,254.14718
-20656.563076,5,254.154425
-5588.853156,4,254.164191
-5656.573301,5,254.172189
9392.416172,4,254.177518
-5625.724166,4,254.183517
-5576.728554,3,254.188518
423.280992,3,254.193517
-5539.855952,3,254.198517
-5098.582565,3,254.202518
-5576.727967,3,254.207518
-5116.726831,3,254.212518
9343.441277,5,254.219842
-5539.848936,3,254.224842
9442.011762,3,254.229843
-5079.849332,3,254.233842
343.44247,5,254.241842
-5656.576556,5,254.24985
343.42557,5,254.256849
343.437254,5,254.263365
343.454077,5,254.273855
-5656.580115,5,254.281485
9920.142585,3,254.28636
411.160043,4,254.292413
-5588.85276,4,254.298546
343.437876,5,254.306615
-5147.579036,4,254.313615
-5656.574759,5,254.320745
9423.275166,3,254.325745
374.283513,4,254.332346
-20625.712979,4,254.343376
-5625.720555,4,254.349975
-5588.853923,4,254.355974
-5607.582687,4,254.36098
343.425137,5,254.368311
-5079.852045,3,254.372315
-5656.576511,5,254.383556
-5147.584124,4,254.389556
-5147.578842,4,254.395556
343.431847,5,254.403556
-5656.572975,5,254.409556
9883.273019,3,254.413556
-5539.856794,3,254.418556
-5147.577247,4,254.424556
-5576.723919,3,254.429556
-5656.572818,5,254.436556
9883.277293,3,254.441556
343.429058,5,254.449561
9392.417312,4,254.455561
-20607.578051,4,254.462561
-5116.728615,3,254.46707
-5576.728391,3,254.472069
-5147.576535,4,254.47807
9460.14904,3,254.483069
-20079.84944,3,254.490086
-5539.857508,3,254.495086
-5656.578403,5,254.503082
343.442745,5,254.510082
852.425782,4,254.516083
9423.273893,3,254.521165
9392.419332,4,254.528164
-20147.569346,4,254.534164
-20656.55233,5,254.542164
-5656.578531,5,254.550587
852.429226,4,254.556587
852.422597,4,254.563093
343.428655,5,254.570098
343.435069,5,254.577098
-5656.575111,5,254.584242
852.43055,4,254.591243
-5656.581637,5,254.60191
343.43206,5,254.60991
-5576.729997,3,254.615194
-5098.589181,3,254.619193
-5656.578264,5,254.627385
343.451559,5,254.63567
9411.147283,4,254.641669
9442.008947,3,254.646671
343.45561,5,254.654677
392.439265,4,254.661677
-5539.856199,3,254.667185
374.28246,4,254.673184
343.432858,5,254.680185
-5656.579615,5,254.687186
-5147.582549,4,254.693184
343.430278,5,254.702184
343.434892,5,254.713186
-5656.575571,5,254.721185
-5116.724084,3,254.726185
-5607.580301,4,254.732185
9901.412123,3,254.737185
-5147.589209,4,254.743185
901.421745,3,254.748188
-5147.577623,4,254.755188
9343.427619,5,254.762691
9852.41713,4,254.769695
-20656.53611,5,254.776695
343.431024,5,254.784696
-5147.581027,4,254.790695
9423.27191,3,254.795694
9442.006087,3,254.800695
-5576.723275,3,254.806695
-5656.583453,5,254.814694
-5539.856618,3,254.822698
-5557.994997,3,254.826698
343.430654,5,254.835694
343.439598,5,254.842694
-5656.578848,5,254.852165
9901.41406,3,254.857155
852.420429,4,254.863773
9343.424001,5,254.872072
343.439719,5,254.880073
-5607.573233,4,254.885177
392.426176,4,254.890177
-5079.850487,3,254.894179
-5116.72138,3,254.899951
9852.41591,4,254.906103
9460.141575,3,254.911109
-5079.857877,3,254.916106
-5079.854867,3,254.920105
-5576.725445,3,254.925103
-5656.57929,5,254.936103
-5116.726034,3,254.941103
-20147.545885,4,254.947103
-5656.579088,5,254.955107
-5116.721492,3,254.960222
-5079.855545,3,254.964843
392.424044,4,254.970854
-20557.988509,3,254.974854
392.420507,4,254.981978
-5656.577725,5,254.988978
852.484038,4,254.994983
423.278462,3,255.00008
-5116.720184,3,255.00508
374.292056,4,255.011084
-5607.583613,4,255.017182
374.28195,4,255.023182
9920.146007,3,255.028187
852.421661,4,255.034296
392.423336,4,255.043296
-5607.579843,4,255.0503
-5116.724226,3,255.054301
392.425509,4,255.061303
9883.275554,3,255.065811
9852.416033,4,255.071814
-5656.577849,5,255.079812
-5098.583942,3,255.084189
-5557.989426,3,255.089192
-5656.577672,5,255.097189
343.429052,5,255.105189
-5147.58496,4,255.111192
-5079.856902,3,257.45337
-5656.575313,5,257.461327
-5116.724589,3,257.465834
-5588.846079,4,257.472833
-5147.582738,4,257.478835
343.435871,5,257.486833
9883.279862,3,257.491833
392.426064,4,257.49834
-5607.582427,4,257.504337
-5098.586994,3,257.509337
-20656.575653,5,257.516437
411.153139,4,257.52362
-5576.728045,3,257.528637
-5607.578056,4,257.534636
-5607.579648,4,257.540635
-5656.578362,5,257.548636
-5656.571621,5,257.558741
-5607.5797,4,257.565699
9411.144812,4,257.571695
-5557.992166,3,257.575697
-5079.857227,3,257.579697
-5116.728147,3,257.584695
-5098.58402,3,257.588823
-5079.858466,3,257.593822
9411.15116,4,257.599822
9423.271562,3,257.604822
-5079.851472,3,257.609822
-5656.58483,5,257.617823
442.010555,3,257.621822
-5557.994308,3,257.625822
-20656.567779,5,257.632822
-5079.856768,3,257.636822
-5656.570461,5,257.642822
343.459355,5,257.649976
-5576.722799,3,257.653992
-5625.718169,4,257.658991
-20656.56671,5,257.668505
9343.425112,5,257.676504
920.148183,3,257.681505
9442.005992,3,257.686505
-5576.725559,3,257.691505
-5576.721981,3,257.695706
-20607.577133,4,257.702705
9920.144714,3,257.707705
-5625.717512,4,257.713709
-5656.574198,5,257.721708
-5147.584758,4,257.727708
852.424918,4,257.733708
852.441861,4,257.740708
343.42235,5,257.748708
883.281045,3,257.753716
9883.273257,3,257.757716
-5116.722593,3,257.762714
-5557.996217,3,257.767601
343.45963,5,257.778297
852.427733,4,257.784297
9901.412822,3,257.789297
411.153769,4,257.796294
-5588.848881,4,257.802294
374.280506,4,257.808295
-5588.850017,4,257.814297
392.439225,4,257.821294
-5539.853236,3,257.825294
343.449629,5,257.833416
-5079.855105,3,257.838519
343.429293,5,257.846531
-5576.724668,3,257.850534
343.45577,5,257.858538
-5588.851305,4,257.864538
-5576.72111,3,257.869055
883.293613,3,257.874054
-5588.84564,4,257.880054
-5079.849948,3,257.888052
-5079.856381,3,257.893681
-5625.721207,4,257.899681
423.288831,3,257.903681
343.434942,5,257.911681
9374.279194,4,257.917681
343.443287,5,257.925681
442.007688,3,257.930682
-20079.843736,3,257.935681
-5576.72693,3,257.939681
9392.420274,4,257.946681
-5656.580632,5,257.953689
-5147.5792,4,257.960689
-5079.856675,3,257.965195
-5098.586434,3,257.970204
9460.143963,3,257.975204
-5607.586555,4,257.983202
-20147.562943,4,257.990019
343.434989,5,258.001334
-5539.85335,3,258.005335
-5539.857088,3,258.009334
9852.419211,4,258.015147
9411.154469,4,258.022158
-5116.725546,3,258.027157
9411.151697,4,258.033159
9392.412976,4,258.039157
343.438781,5,258.047203
9343.422899,5,258.055349
-5607.578445,4,258.061453
-20557.992139,3,258.065969
-5098.585851,3,258.069969
-5607.577774,4,258.074971
-5098.589524,3,258.079969
374.28515,4,258.086008
-5147.584693,4,258.093152
-5656.578561,5,258.100152
9442.001105,3,258.108151
343.436168,5,258.116151
852.419943,4,258.122154
-5656.571682,5,258.130155
374.300033,4,258.137154
9392.419383,4,258.14315
9423.274278,3,258.148152
9852.419966,4,258.154154
852.433207,4,258.160153
343.45184,5,258.167661
-5079.853944,3,258.172184
-5539.857351,3,258.177189
-5656.579603,5,258.185191
343.430503,5,258.19319
9852.429092,4,258.19919
423.279369,3,258.20319
343.44544,5,258.21119
-5625.722034,4,258.219191
-20147.580139,4,258.224194
-5607.580323,4,258.229254
-5576.726339,3,258.234018
343.434413,5,258.24203
343.436619,5,258.250031
343.437899,5,258.258034
-5079.850426,3,258.263034
-5539.856128,3,258.267541
-5607.585239,4,258.273541
343.448383,5,258.281541
343.441799,5,258.288717
-20656.572242,5,258.296185
901.420794,3,258.300311
-5625.72433,4,258.307311
-5607.583671,4,258.31231
9920.143952,3,258.317311
9883.277878,3,258.320683
-5116.722508,3,258.326683
9920.147607,3,258.331683
9392.413512,4,258.336683
343.457385,5,258.342682
-5656.582282,5,258.349683
343.432277,5,258.355686
-5607.581267,4,258.362686
-5588.852549,4,258.367193
-5079.852654,3,258.371193
-5656.574635,5,258.378193
-20656.547643,5,258.386193
343.436846,5,258.392369
-5147.580618,4,258.39778
-5116.724415,3,258.40278
-5607.579812,4,258.408779
-5079.854361,3,258.413779
343.433452,5,258.42129
343.439471,5,258.439324
-5656.588819,5,258.446494
343.441982,5,258.454886
852.43141,4,258.460886
343.42841,5,258.468392
852.425825,4,258.474392
-5588.848526,4,258.481392
-20147.559575,4,258.487394
-5656.574308,5,258.495394
-5116.722505,3,258.499393
-5557.997564,3,258.504394
9343.433494,5,258.512393
-5625.716301,4,258.518876
-5576.726039,3,258.522876
343.428722,5,258.530878
9343.420216,5,258.538881
-5576.726001,3,258.543876
-20625.709672,4,258.552879
9883.276672,3,258.55788
9411.151431,4,258.563878
-5098.585387,3,258.569384
343.432015,5,258.577385
9852.417876,4,258.583384
-5576.727095,3,258.588384
9343.422173,5,258.596384
-5098.589037,3,258.600384
-5588.849376,4,258.607383
-5539.853695,3,258.611777
411.149334,4,258.617771
-5576.728403,3,258.622771
-5656.576035,5,258.630771
374.287865,4,258.636771
-5147.578883,4,258.642772
-20656.571829,5,258.650886
-5656.573298,5,258.660893
-5656.574824,5,258.667397
343.445355,5,258.674551
343.436538,5,258.682551
-5539.855597,3,258.687553
-5147.58473,4,258.693551
901.418939,3,258.698551
9343.415844,5,258.705551
-5098.586327,3,258.710551
-5539.856451,3,258.715554
-5607.583169,4,258.721551
-5098.588974,3,258.726551
411.170184,4,258.732553
-20656.563852,5,258.740551
-5607.579986,4,258.746553
883.282784,3,258.751127
9343.412805,5,258.759282
-5607.57981,4,258.768661
-20656.567185,5,258.776661
883.278323,3,258.781661
343.436041,5,258.789661
-5576.727287,3,258.794661
-5147.584059,4,258.800873
-5116.728182,3,258.805873
460.154009,3,258.809873
9411.153095,4,258.815875
-5557.994569,3,258.820873
411.155023,4,258.825873
852.424347,4,258.833406
343.439688,5,258.840406
-5588.850073,4,258.846601
343.439446,5,258.854702
-5588.847974,4,258.860812
9374.276557,4,258.867355
-5079.857807,3,258.872356
343.46744,5,258.883356
343.464688,5,258.891355
343.435594,5,258.899658
343.436771,5,258.907658
343.438637,5,258.915077
9343.425908,5,258.922104
-5656.580919,5,258.930213
883.290004,3,258.935222
343.436234,5,258.943555
411.153141,4,258.949906
-5116.723183,3,258.95391
920.155736,3,258.959018
-5607.581539,4,258.96502
-5607.581658,4,258.97153
920.164514,3,258.97453
343.428307,5,258.981712
343.432746,5,258.991723
343.430588,5,258.999723
-5116.724949,3,259.003723
411.150809,4,259.009723
-5656.574422,5,259.017727
-20098.581372,3,259.022722
343.427034,5,259.030723
-5098.586197,3,259.035723
883.299064,3,259.039722
9343.419554,5,259.047726
-20656.561663,5,259.055843
343.448264,5,259.06384
9392.412752,4,259.06935
901.419625,3,259.074349
9442.004251,3,259.079349
9920.142689,3,259.084348
-5557.997026,3,259.088349
852.442882,4,259.095348
-5098.589126,3,259.103351
-5098.587334,3,259.107351
343.463481,5,259.115349
343.429801,5,259.123348
-20656.559119,5,259.131351
920.153051,3,259.136348
-5079.854617,3,259.140349
-20656.560381,5,259.148541
392.42169,4,259.155541
-5116.724457,3,259.160689
343.438347,5,259.1682
411.153769,4,259.1742
-20625.713106,4,259.1792
-5098.586227,3,259.184347
852.427148,4,259.190348
-5588.849153,4,259.195346
9460.142711,3,259.200346
374.288662,4,259.209347
883.283019,3,259.214346
343.437793,5,259.222609
-5147.585575,4,259.228623
9343.42377,5,259.235623
-5079.858071,3,259.239622
-20116.720163,3,259.243622
-5656.577749,5,259.250622
-5079.858955,3,259.254625
-5098.581631,3,259.258628
-20625.71383,4,259.264628
343.428339,5,259.272134
-5098.58276,3,259.277135
-20656.56772,5,259.285134
-20656.564236,5,259.291134
411.153221,4,259.296136
9343.422701,5,259.304559
392.427874,4,259.311565
-5098.584527,3,259.318756
343.441002,5,259.326756
392.426984,4,259.333985
-5656.576519,5,259.340985
901.423334,3,259.346346
9392.414175,4,259.352751
343.46744,5,259.360754
9442.005547,3,259.364882
-5079.854519,3,259.369456
9374.274384,4,259.374456
-5079.851959,3,259.378515
9343.42448,5,259.38677
-5098.587773,3,259.39177
9343.422608,5,259.39994
852.43121,4,259.405937
852.429837,4,259.411941
-5576.726885,3,259.417169
-5539.853975,3,259.425308
-5147.579573,4,259.431916
-5116.720716,3,259.436965
-5079.859028,3,259.441965
-5607.567875,4,259.447965
374.287824,4,259.454972
-5116.71948,3,259.458972
343.470438,5,259.466515
9423.271746,3,259.471879
-20625.71766,4,259.478039
-5607.575768,4,259.484039
-20588.851374,4,259.491039
-5539.856379,3,259.495039
-5588.846935,4,259.500038
343.429684,5,259.507038
9343.420417,5,259.513039
343.428406,5,259.520041
9852.416087,4,259.525039
343.436427,5,259.53204
-5079.858316,3,259.538039
-5656.579032,5,259.546039
-5079.856701,3,259.551039
343.439982,5,259.557042
-5116.720016,3,259.561042
392.424889,4,259.567552
-5656.582355,5,259.573551
852.430716,4,259.578551
343.443338,5,259.585551
-5588.845863,4,259.590552
-20656.559091,5,259.597553
343.433573,5,259.603551
9411.147981,4,259.608554
-5147.585432,4,259.614553
343.453158,5,259.622553
-5656.574048,5,259.630553
411.157502,4,259.636551
901.424179,3,259.641551
-5079.858485,3,259.649553
343.43744,5,259.657555
-5607.579488,4,259.663554
343.431353,5,259.670059
9901.413221,3,259.674061
374.289864,4,259.680066
343.454536,5,259.688087
-20656.561519,5,259.696545
343.424806,5,259.704545
-20656.573609,5,259.712545
-5656.576248,5,259.720545
-5098.588323,3,259.724546
343.432256,5,259.733032
411.159128,4,259.739032
-5079.854686,3,259.744032
343.445613,5,259.751032
-5147.584362,4,259.760036
-5147.581004,4,259.766541
343.451296,5,259.775104
-5539.855664,3,259.784151
-5656.580596,5,259.79215
9374.273464,4,259.79915
-5098.586423,3,259.803154
-20656.560843,5,259.811156
-5079.856865,3,259.81615
9442.007823,3,259.820306
343.429177,5,259.826306
9442.014324,3,259.830307
9343.418848,5,259.838746
343.430995,5,259.846749
883.280192,3,259.85175
-5098.579711,3,259.85575
920.149624,3,259.86075
-5656.576901,5,259.870794
343.435162,5,259.878795
343.435897,5,259.886794
852.423953,4,259.892794
411.151906,4,259.898854
-5656.58049,5,259.906854
-5625.715274,4,259.912854
-5588.850151,4,259.918964
-5656.569185,5,259.926965
-5656.57743,5,259.933255
-5116.724305,3,259.937255
-5656.583916,5,259.943254
-5656.575624,5,259.951255
-5656.571009,5,259.959258
9883.277654,3,259.963259
343.429843,5,259.971887
920.155224,3,259.97895
343.444745,5,259.987051
343.451335,5,259.995055
9343.424779,5,260.003052
-20656.548814,5,260.01105
-5098.584684,3,260.015052
343.449534,5,260.022052
343.432778,5,260.03005
-5607.582378,4,260.036051
-5576.723868,3,260.041051
-5079.85309,3,260.046051
9920.145789,3,260.05005
-20656.557152,5,260.058054
-5098.581186,3,260.063054
852.424889,4,260.069562
-5079.85812,3,260.074563
-5557.994103,3,260.078567
392.419316,4,260.087759
852.433208,4,260.093974
9852.418882,4,260.100827
-5116.728995,3,260.105825
-5557.996544,3,260.109826
-5588.852312,4,260.116826
-5557.993866,3,260.120825
-5098.585242,3,260.125826
343.433783,5,260.133826
-5588.84876,4,260.139825
-5557.99636,3,260.144825
343.426452,5,260.151826
343.470167,5,260.15983
-5557.993356,3,260.163949
9343.41892,5,260.172917
-20656.558535,5,260.179916
343.439373,5,260.186914
-5656.581038,5,260.193915
-5116.723551,3,260.200915
-5557.99789,3,260.204914
-5607.580457,4,260.210919
392.422847,4,260.217914
343.426367,5,260.225914
-20625.708004,4,260.231914
-5607.57948,4,260.237914
9883.273998,3,260.242914
343.42607,5,260.250914
343.434048,5,260.256917
-5656.573978,5,260.263917
460.154676,3,260.26742
-5588.852665,4,260.272424
9343.422674,5,260.280424
343.479193,5,260.287424
343.458536,5,260.295424
411.166134,4,260.301424
411.159336,4,260.310409
9392.412643,4,260.316408
9920.144955,3,260.321408
-5588.85438,4,260.326408
852.43189,4,260.332409
343.444315,5,260.340408
-5656.576433,5,260.348408
-5098.587248,3,260.352411
-5079.857989,3,260.357412
-5539.85181,3,260.362412
-5079.855146,3,260.367019
343.43161,5,260.375024
-5656.579516,5,260.382138
-5147.580032,4,260.388243
343.436496,5,260.396244
-5576.724172,3,260.400243
-5656.579053,5,260.408243
374.285438,4,260.414721
-5625.721394,4,260.422235
343.464621,5,260.428238
-5656.582784,5,260.436239
-5607.585837,4,260.443236
-5588.854501,4,260.448875
343.43753,5,260.456912
-5656.566896,5,260.463912
-5656.578292,5,260.472419
343.448963,5,260.480419
-5539.858376,3,260.48442
-5079.857407,3,260.48942
9901.412272,3,260.49442
343.585881,5,260.501785
-5098.586895,3,260.506786
-5539.856203,3,260.510785
-20656.546578,5,260.518944
9392.421534,4,260.524943
-5656.584283,5,260.535943
-20607.573781,4,260.541944
-5656.577546,5,260.549943
-20147.578849,4,260.554946
9852.413253,4,260.560953
-5116.725487,3,260.565948
374.293376,4,260.571452
-5588.852312,4,260.576453
9920.14114,3,260.581456
343.442688,5,260.589457
852.42086,4,260.595453
-5539.857636,3,260.599453
343.445072,5,260.607453
-5607.584739,4,260.613453
343.445793,5,260.621454
343.434693,5,260.629454
343.434124,5,260.640453
-5098.584297,3,260.645455
-20116.717298,3,260.650453
-5576.726246,3,260.654456
-5098.586544,3,260.659457
9852.418414,4,260.665457
-20656.560619,5,260.673966
-5079.857078,3,262.996913
-5557.996463,3,263.001917
-5147.577538,4,263.007912
-5539.856616,3,263.011915
343.427342,5,263.017913
9343.425595,5,263.023913
343.426706,5,263.030913
-5147.585603,4,263.035913
-5147.578171,4,263.041913
343.452203,5,263.051913
-5116.725917,3,263.056916
-5079.852772,3,263.061916
343.445903,5,263.070424
374.319934,4,263.076424
9460.144164,3,263.081424
-5098.583799,3,263.086423
343.446149,5,263.094424
-5098.584179,3,263.098423
-5656.576653,5,263.106423
-5588.849519,4,263.112424
343.426382,5,263.120424
343.428368,5,263.128424
-5079.857529,3,263.133424
-5656.581934,5,263.140423
343.431436,5,263.149068
9423.276788,3,263.153068
-5625.719128,4,263.163072
-5098.585668,3,263.168072
-5557.992538,3,263.172582
343.429014,5,263.179582
9343.422356,5,263.187716
9460.141471,3,263.191882
-5079.852436,3,263.196882
392.422778,4,263.20401
343.427577,5,263.211012
9343.415519,5,263.219007
343.44195,5,263.227007
-5656.575529,5,263.23516
9374.278438,4,263.241157
-5607.584884,4,263.247641
374.284515,4,263.253676
-5098.582595,3,263.258681
374.291901,4,263.267234
343.439833,5,263.273745
852.423855,4,263.278745
9343.418986,5,263.287251
-5656.580902,5,263.295253
343.44532,5,263.302519
9883.280445,3,263.307519
9460.141994,3,263.312519
343.447897,5,263.320267
-20656.570229,5,263.328266
9411.148164,4,263.334267
392.422001,4,263.340267
-5607.580162,4,263.346268
9460.14428,3,263.351268
343.425382,5,263.359272
392.424007,4,263.365271
9343.418292,5,263.371782
-5656.578125,5,263.382782
-20625.718295,4,263.389191
-5079.84955,3,263.393586
9343.415896,5,263.401587
852.425371,4,263.407586
-5576.721818,3,263.412586
-5656.581059,5,263.420586
9901.411801,3,263.424586
-5588.849846,4,263.430589
9343.42242,5,263.438589
-5656.572292,5,263.446589
-5656.576122,5,263.454095
343.459607,5,263.462099
9411.146038,4,263.468229
-5079.858208,3,263.47329
343.440859,5,263.481293
-5607.568655,4,263.490441
343.429529,5,263.498441
-5607.577731,4,263.503975
343.430557,5,263.511447
920.147998,3,263.516556
343.439902,5,263.524554
-5576.726413,3,263.529554
9343.418327,5,263.536554
9392.41564,4,263.541554
-5607.579475,4,263.547554
-5576.724328,3,263.552553
-20625.717527,4,263.558556
411.161803,4,263.564557
9920.140771,3,263.57008
9460.142258,3,263.575104
-5576.72831,3,263.579104
374.297286,4,263.585104
9343.422574,5,263.593103
9343.415271,5,263.604104
-5607.566056,4,263.611104
-5557.994453,3,263.616104
343.431702,5,263.624104
852.425582,4,263.631104
9411.156236,4,263.637103
-5625.718261,4,263.643104
-5147.580739,4,263.650104
-5147.586606,4,263.656106
374.287741,4,263.662107
343.428538,5,263.670614
343.436448,5,263.677613
-5607.580834,4,263.684614
-5607.586804,4,263.690614
901.451228,3,263.695613
-5098.588473,3,263.700614
343.427118,5,263.711613
-5539.856432,3,263.716614
-5116.722388,3,263.721614
-5656.58118,5,263.728617
411.160877,4,263.734741
-5116.727744,3,263.739908
9343.418485,5,263.747907
-5539.856251,3,263.752908
-5098.589778,3,263.757914
-5079.856377,3,263.761915
9343.413179,5,263.770431
343.437011,5,263.77843
343.430552,5,263.78643
9343.416458,5,263.793427
-5607.584381,4,263.799589
-5588.854113,4,263.805749
343.427228,5,263.81275
-20147.573619,4,263.821749
-5098.585701,3,263.82575
-5557.997283,3,263.830758
9411.142097,4,263.837983
343.444315,5,263.844984
9392.412996,4,263.85198
-20656.571758,5,263.859983
9343.421676,5,263.868501
-20656.563257,5,263.881037
9883.27336,3,263.886037
-5607.581357,4,263.892036
343.425895,5,263.900036
-5656.580928,5,263.906036
343.452704,5,263.913037
-5607.585913,4,263.920037
-5539.857425,3,263.925036
-5557.9959,3,263.933037
-20588.8488,4,263.938213
9883.27583,3,263.942212
-5557.995513,3,263.947212
9852.415437,4,263.953212
392.428048,4,263.960216
-5098.584347,3,263.964307
-5079.851773,3,263.968323
-5147.585294,4,263.974833
-5098.589693,3,263.979831
374.314949,4,263.986831
-5607.582297,4,263.992831
343.436464,5,264.000832
343.437515,5,264.008092
-5539.856406,3,264.013092
-5656.567549,5,264.021091
343.436372,5,264.029092
343.438593,5,264.040193
-20607.565806,4,264.046193
9852.422638,4,264.052324
343.447134,5,264.060359
9343.419951,5,264.068487
343.431154,5,264.075996
343.432599,5,264.083108
-5539.856511,3,264.088112
392.431064,4,264.094108
392.425544,4,264.100293
343.443063,5,264.108292
343.436252,5,264.115458
343.47111,5,264.123471
-20557.988108,3,264.12847
9901.410079,3,264.133468
411.152576,4,264.139472
852.425473,4,264.148468
-5607.579529,4,264.155279
423.280786,3,264.159279
9460.14369,3,264.164366
-5079.853236,3,264.168375
-5147.588556,4,264.174883
-5539.859516,3,264.179882
-5116.726416,3,264.184882
343.440619,5,264.192883
442.009406,3,264.197883
-5539.854967,3,264.201883
-5539.857197,3,264.206883
-5656.577189,5,264.215
-5588.851664,4,264.221
392.426138,4,264.228005
343.439297,5,264.235095
852.423403,4,264.241095
-5079.851859,3,264.246096
-5539.855518,3,264.251189
883.280149,3,264.256193
-5607.58068,4,264.265309
9920.142134,3,264.268305
-5098.585998,3,264.273816
852.42338,4,264.279813
-5147.579661,4,264.285813
343.435804,5,264.292979
-5116.723978,3,264.296979
-5656.580679,5,264.303979
-5656.584182,5,264.311979
343.430483,5,264.319978
9852.413316,4,264.325979
343.425934,5,264.334104
343.440493,5,264.341103
-5557.995934,3,264.346106
-5588.856325,4,264.352206
-20656.570894,5,264.360221
-5079.857438,3,264.365221
-5656.579116,5,264.375731
411.151061,4,264.381731
-5607.583474,4,264.388731
-5625.720547,4,264.394731
343.448378,5,264.402731
343.431145,5,264.408731
9901.415023,3,264.412731
-5116.726395,3,264.416731
-20625.704792,4,264.422731
-5539.853695,3,264.426732
-5576.727451,3,264.430731
411.154728,4,264.436734
-5656.57732,5,264.444731
-5656.573651,5,264.452839
-5656.577149,5,264.460845
-5147.584565,4,264.467843
-5607.57831,4,264.473353
374.287809,4,264.482353
392.423425,4,264.488353
-5607.581844,4,264.495356
920.153158,3,264.499353
852.432256,4,264.505354
-5656.581794,5,264.513353
-5588.847983,4,264.519468
-5539.857662,3,264.524468
343.456195,5,264.532468
-20656.57134,5,264.539468
343.461262,5,264.547604
-5656.577913,5,264.555605
9423.274743,3,264.560605
-5588.851217,4,264.566605
-5607.570696,4,264.573199
-20147.57871,4,264.579212
852.424606,4,264.586215
-5539.855795,3,264.593212
343.464514,5,264.601414
343.427918,5,264.608414
-5576.726781,3,264.612413
-5656.572352,5,264.620413
-5607.579289,4,264.626413
343.439596,5,264.634413
-20656.573452,5,264.642413
-5576.727147,3,264.647413
-5607.586912,4,264.653413
442.015343,3,264.658417
-5147.579982,4,264.664417
343.437883,5,264.671929
-5656.572498,5,264.678928
9343.42145,5,264.687209
-5539.85366,3,264.691208
852.439171,4,264.700017
374.289371,4,264.707018
-5576.72646,3,264.712017
374.28997,4,264.718016
343.429821,5,264.725016
9343.411794,5,264.733016
-5576.724741,3,264.737015
-5557.99789,3,264.741015
-5557.995079,3,264.745015
343.447955,5,264.752462
852.429212,4,264.758469
343.430915,5,264.766467
-5079.856757,3,264.770969
-5147.574804,4,264.776974
-5147.580832,4,264.782973
392.428249,4,264.788973
374.280739,4,264.794976
-5656.577552,5,264.802973
-20147.575376,4,264.812624
9460.141524,3,264.816624
9883.273908,3,264.821624
-20656.576043,5,264.829624
-5588.844798,4,264.836624
9374.278316,4,264.841624
9423.275499,3,264.846623
-5656.579051,5,264.854087
-5607.580659,4,264.861091
-5625.719838,4,264.867093
-5656.581431,5,264.874605
-20147.553361,4,264.880605
-5607.57736,4,264.888609
9343.421162,5,264.897616
343.433597,5,264.906616
-5576.722819,3,264.911616
-5625.719882,4,264.920616
-5147.585021,4,264.926615
343.439396,5,264.934616
374.292687,4,264.941616
-5539.857447,3,264.945616
-5576.722919,3,264.950616
-20588.844088,4,264.956617
-5588.848587,4,264.962621
-20098.57703,3,264.967619
-5539.858293,3,264.972129
-20656.567381,5,264.980129
-5098.588386,3,264.984128
-5539.853768,3,264.988128
343.433138,5,264.995128
9883.275111,3,264.999128
-20147.567994,4,265.006128
374.283534,4,265.012129
392.429093,4,265.018128
901.418132,3,265.023128
9392.41381,4,265.03213
392.422577,4,265.039508
-5588.853234,4,265.044874
-5625.716771,4,265.05187
-20147.574143,4,265.057874
-5588.845228,4,265.063913
343.44045,5,265.071937
9343.42484,5,265.078065
343.431535,5,265.086064
-20147.570061,4,265.092064
343.435986,5,265.099641
-5557.995518,3,265.105069
-5147.58183,4,265.111073
343.433342,5,265.118529
9411.149253,4,265.125529
343.426619,5,265.132529
9374.272152,4,265.141755
-5656.574176,5,265.149755
-5656.583709,5,265.156759
852.425678,4,265.161764
-20656.571857,5,265.168941
343.442959,5,265.176518
-5079.854608,3,265.181644
-5539.857992,3,265.186862
-5588.849824,4,265.192862
-5539.858963,3,265.197862
392.42564,4,265.203862
343.42793,5,265.211867
-5539.854883,3,265.216863
343.448248,5,265.224862
-5539.855924,3,265.228862
-5576.723636,3,265.233909
-5576.72561,3,265.243476
-5656.578719,5,265.253349
-5656.578644,5,265.260352
-5607.589672,4,265.266156
9883.274121,3,265.270156
-5116.727708,3,265.275667
411.158194,4,265.280887
9901.415172,3,265.284898
-5607.58261,4,265.289901
-5098.585004,3,265.2949
343.439122,5,265.302017
9442.002858,3,265.30702
-5079.855497,3,265.312017
-20656.573609,5,265.320016
9883.273117,3,265.324016
9392.419516,4,265.331016
343.474861,5,265.339017
-5656.580894,5,265.347478
-5539.852801,3,265.35148
-5079.859334,3,265.35948
-5625.720863,4,265.36548
-20656.570211,5,265.373471
883.302205,3,265.37747
411.151945,4,265.382471
-5588.845292,4,265.38858
9852.418576,4,265.39458
-5079.857762,3,265.399579
-5588.851489,4,265.40558
343.442066,5,265.413579
-5607.581426,4,265.419579
423.279029,3,265.42458
-5656.576583,5,265.43258
-5656.58035,5,265.440579
9901.410591,3,265.44558
343.438358,5,265.453446
343.434024,5,265.460485
920.151529,3,265.468486
852.420935,4,265.474992
411.152063,4,265.480992
-20656.56629,5,265.489294
-5079.853671,3,265.494294
-5079.85614,3,265.499294
-5147.586581,4,265.505294
-5656.574658,5,265.513294
-5607.580703,4,265.519306
374.286075,4,265.524306
-5147.585805,4,265.529306
-5098.587712,3,265.534317
-5557.997004,3,265.539319
883.288886,3,265.544316
-5557.997044,3,265.548427
343.459285,5,265.555729
-5147.587192,4,265.562829
374.280813,4,265.568829
9392.411434,4,265.577521
-5588.851798,4,265.584722
343.433167,5,265.591979
343.429892,5,265.599988
-5098.58922,3,265.604989
-5079.850738,3,265.6093
411.15916,4,265.615299
-5576.72766,3,265.619383
423.278784,3,265.62338
-20116.716121,3,265.62638
-5656.582313,5,265.633382
-5625.721041,4,265.639398
374.285382,4,265.645051
-5539.853116,3,265.650061
343.430234,5,265.658474
9343.421555,5,265.666508
-5588.854347,4,265.672023
-5656.578375,5,265.680026
392.423227,4,265.690629
-5656.575635,5,265.698628
-20147.578993,4,265.704628
-5147.581241,4,265.710633
9374.270524,4,265.717629
-5147.578943,4,265.723628
-5147.579062,4,265.729627
343.436462,5,265.736629
-5607.583005,4,265.743627
343.432289,5,265.751629
-5539.856613,3,265.755628
343.450318,5,265.763632
-5147.582556,4,265.769979
-5098.588967,3,265.774492
883.2866,3,265.779495
-5607.583822,4,265.785494
-5147.586785,4,265.792497
-5656.579673,5,265.802645
343.427869,5,265.810644
-5656.571493,5,265.819145
-5656.580785,5,265.826145
-5656.5712,5,265.834928
343.433133,5,265.841928
920.147776,3,265.847746
852.424794,4,265.854117
-5539.856955,3,265.859516
-5557.997373,3,265.864527
-5098.588812,3,265.86953
343.425575,5,265.877044
-5656.57784,5,265.884565
9343.417743,5,265.892847
883.282359,3,265.898849
852.424265,4,265.903849
-5576.722311,3,265.911419
411.15923,4,265.918538
343.430549,5,265.925963
411.151867,4,265.933088
-5098.589492,3,265.938091
9901.414755,3,265.942088
-5656.579833,5,265.950333
343.428317,5,265.958472
343.476451,5,265.965577
-20656.555207,5,265.974098
-5588.853404,4,265.980102
-5079.855945,3,265.985197
-5576.727106,3,265.990197
9423.273836,3,265.9952
343.4304,5,266.002954
343.467331,5,266.010957
-5588.847913,4,266.021034
-5576.722677,3,266.026033
343.431501,5,266.033623
-5147.586423,4,266.038623
-20656.548696,5,266.048147
-5539.854608,3,266.053147
-5656.580375,5,266.061154
-5607.581932,4,266.068754
9460.1417,3,266.073261
343.430076,5,266.082261
343.427213,5,266.090262
-5656.578443,5,266.099261
-5116.725308,3,266.10426
-5656.575561,5,266.111266
-5079.855272,3,266.117373
392.424649,4,266.127373
374.287445,4,266.134689
343.423311,5,266.141689
883.295447,3,266.145689
-5588.85289,4,266.152689
852.439367,4,266.158697
-20607.579464,4,266.164998
-5079.857081,3,266.169999
-5557.998821,3,266.17451
-20656.564405,5,266.18251
-5588.849639,4,266.189054
9901.415364,3,266.193055
343.439131,5,266.203408
-5539.857486,3,266.208223
442.443386,3,266.217473
920.148407,3,266.226102
-5539.857136,3,266.241101
392.431067,4,266.2546
-5588.845089,4,266.266612
-5576.726608,3,266.275252
-5607.582338,4,266.286439
-5079.854617,3,266.293873
-5116.726749,3,266.302107
-5147.585648,4,266.312412
-5656.57554,5,266.321606
